timestamp,country_code,url,project,file,details,tls_protocol,tls_cipher,http
2026-08-31 18:09:35.000000 UTC,US,/packages/79/50/c59c43a74c7a44101d3ba088559a1ae30d5b4266b4a18f6e212f68344bed/duckdb-0.10.3-cp310-cp310-manylinux_2_17_x86_64.manylinux2014_x86_64.whl,duckdb,"{
  ""file"": {
    ""filename"": ""duckdb-0.10.3-cp310-cp310-manylinux_2_17_x86_64.manylinux2014_x86_64.whl"",
    ""project"": ""duckdb"",
    ""version"": ""0.10.3"",
    ""type"": ""bdist_wheel""
  }
}","{
  ""details"": {
    ""installer"": {
      ""name"": ""poetry"",
      ""version"": ""1.8.3"",
      ""subcommand"": null
    },
    ""python"": null,
    ""implementation"": {
      ""name"": ""CPython"",
      ""version"": ""3.10.12""
    },
    ""distro"": null,
    ""system"": {
      ""name"": ""Linux"",
      ""release"": ""6.12.94+""
    },
    ""cpu"": null,
    ""openssl_version"": null,
    ""setuptools_version"": null,
    ""rustc_version"": null,
    ""ci"": null
  }
}",TLSv1.3,TLS_AES_128_GCM_SHA256,"{
  ""http"": null
}"
2026-08-31 18:07:12.000000 UTC,US,/packages/79/50/c59c43a74c7a44101d3ba088559a1ae30d5b4266b4a18f6e212f68344bed/duckdb-0.10.3-cp310-cp310-manylinux_2_17_x86_64.manylinux2014_x86_64.whl,duckdb,"{
  ""file"": {
    ""filename"": ""duckdb-0.10.3-cp310-cp310-manylinux_2_17_x86_64.manylinux2014_x86_64.whl"",
    ""project"": ""duckdb"",
    ""version"": ""0.10.3"",
    ""type"": ""bdist_wheel""
  }
}","{
  ""details"": {
    ""installer"": {
      ""name"": ""poetry"",
      ""version"": ""1.8.3"",
      ""subcommand"": null
    },
    ""python"": null,
    ""implementation"": {
      ""name"": ""CPython"",
      ""version"": ""3.10.20""
    },
    ""distro"": null,
    ""system"": {
      ""name"": ""Linux"",
      ""release"": ""6.12.94+""
    },
    ""cpu"": null,
    ""openssl_version"": null,
    ""setuptools_version"": null,
    ""rustc_version"": null,
    ""ci"": null
  }
}",TLSv1.3,TLS_AES_128_GCM_SHA256,"{
  ""http"": null
}"
2026-08-31 18:07:56.000000 UTC,US,/packages/79/50/c59c43a74c7a44101d3ba088559a1ae30d5b4266b4a18f6e212f68344bed/duckdb-0.10.3-cp310-cp310-manylinux_2_17_x86_64.manylinux2014_x86_64.whl,duckdb,"{
  ""file"": {
    ""filename"": ""duckdb-0.10.3-cp310-cp310-manylinux_2_17_x86_64.manylinux2014_x86_64.whl"",
    ""project"": ""duckdb"",
    ""version"": ""0.10.3"",
    ""type"": ""bdist_wheel""
  }
}","{
  ""details"": {
    ""installer"": {
      ""name"": ""poetry"",
      ""version"": ""1.8.3"",
      ""subcommand"": null
    },
    ""python"": null,
    ""implementation"": {
      ""name"": ""CPython"",
      ""version"": ""3.10.20""
    },
    ""distro"": null,
    ""system"": {
      ""name"": ""Linux"",
      ""release"": ""6.12.94+""
    },
    ""cpu"": null,
    ""openssl_version"": null,
    ""setuptools_version"": null,
    ""rustc_version"": null,
    ""ci"": null
  }
}",TLSv1.3,TLS_AES_128_GCM_SHA256,"{
  ""http"": null
}"
2026-08-31 18:08:47.000000 UTC,US,/packages/79/50/c59c43a74c7a44101d3ba088559a1ae30d5b4266b4a18f6e212f68344bed/duckdb-0.10.3-cp310-cp310-manylinux_2_17_x86_64.manylinux2014_x86_64.whl,duckdb,"{
  ""file"": {
    ""filename"": ""duckdb-0.10.3-cp310-cp310-manylinux_2_17_x86_64.manylinux2014_x86_64.whl"",
    ""project"": ""duckdb"",
    ""version"": ""0.10.3"",
    ""type"": ""bdist_wheel""
  }
}","{
  ""details"": {
    ""installer"": {
      ""name"": ""poetry"",
      ""version"": ""1.8.3"",
      ""subcommand"": null
    },
    ""python"": null,
    ""implementation"": {
      ""name"": ""CPython"",
      ""version"": ""3.10.12""
    },
    ""distro"": null,
    ""system"": {
      ""name"": ""Linux"",
      ""release"": ""6.12.94+""
    },
    ""cpu"": null,
    ""openssl_version"": null,
    ""setuptools_version"": null,
    ""rustc_version"": null,
    ""ci"": null
  }
}",TLSv1.3,TLS_AES_128_GCM_SHA256,"{
  ""http"": null
}"
2026-08-31 18:03:25.000000 UTC,US,/packages/3b/a4/de34ae429790965cd4235f997c3bcbb0a3268bbbff48c130068b9252c06b/duckdb-0.10.3-cp311-cp311-manylinux_2_17_x86_64.manylinux2014_x86_64.whl,duckdb,"{
  ""file"": {
    ""filename"": ""duckdb-0.10.3-cp311-cp311-manylinux_2_17_x86_64.manylinux2014_x86_64.whl"",
    ""project"": ""duckdb"",
    ""version"": ""0.10.3"",
    ""type"": ""bdist_wheel""
  }
}","{
  ""details"": {
    ""installer"": {
      ""name"": ""poetry"",
      ""version"": ""2.4.2"",
      ""subcommand"": null
    },
    ""python"": null,
    ""implementation"": {
      ""name"": ""CPython"",
      ""version"": ""3.11.16""
    },
    ""distro"": null,
    ""system"": {
      ""name"": ""Linux"",
      ""release"": ""6.17.0-1022-azure""
    },
    ""cpu"": null,
    ""openssl_version"": null,
    ""setuptools_version"": null,
    ""rustc_version"": null,
    ""ci"": null
  }
}",TLSv1.3,TLS_AES_128_GCM_SHA256,"{
  ""http"": null
}"
2026-08-31 18:08:45.000000 UTC,US,/packages/f0/a1/1d70c2c8dcc6bb2b874f7bf8d8355555ea3ad663d7cf8b848b00e4ad6d3d/duckdb-0.5.1-cp39-cp39-manylinux_2_17_x86_64.manylinux2014_x86_64.whl,duckdb,"{
  ""file"": {
    ""filename"": ""duckdb-0.5.1-cp39-cp39-manylinux_2_17_x86_64.manylinux2014_x86_64.whl"",
    ""project"": ""duckdb"",
    ""version"": ""0.5.1"",
    ""type"": ""bdist_wheel""
  }
}","{
  ""details"": {
    ""installer"": {
      ""name"": ""requests"",
      ""version"": ""2.32.5"",
      ""subcommand"": null
    },
    ""python"": null,
    ""implementation"": null,
    ""distro"": null,
    ""system"": null,
    ""cpu"": null,
    ""openssl_version"": null,
    ""setuptools_version"": null,
    ""rustc_version"": null,
    ""ci"": null
  }
}",TLSv1.3,TLS_AES_128_GCM_SHA256,"{
  ""http"": null
}"
2026-08-31 18:09:36.000000 UTC,US,/packages/f0/a1/1d70c2c8dcc6bb2b874f7bf8d8355555ea3ad663d7cf8b848b00e4ad6d3d/duckdb-0.5.1-cp39-cp39-manylinux_2_17_x86_64.manylinux2014_x86_64.whl,duckdb,"{
  ""file"": {
    ""filename"": ""duckdb-0.5.1-cp39-cp39-manylinux_2_17_x86_64.manylinux2014_x86_64.whl"",
    ""project"": ""duckdb"",
    ""version"": ""0.5.1"",
    ""type"": ""bdist_wheel""
  }
}","{
  ""details"": {
    ""installer"": {
      ""name"": ""requests"",
      ""version"": ""2.32.5"",
      ""subcommand"": null
    },
    ""python"": null,
    ""implementation"": null,
    ""distro"": null,
    ""system"": null,
    ""cpu"": null,
    ""openssl_version"": null,
    ""setuptools_version"": null,
    ""rustc_version"": null,
    ""ci"": null
  }
}",TLSv1.3,TLS_AES_128_GCM_SHA256,"{
  ""http"": null
}"
2026-08-31 18:03:49.000000 UTC,US,/packages/35/9e/866d7ceb38b762d7ec55f4bc2bb72e195c032be2abb22eec0b8a4802262d/duckdb-0.6.0-cp38-cp38-macosx_10_9_x86_64.whl,duckdb,"{
  ""file"": {
    ""filename"": ""duckdb-0.6.0-cp38-cp38-macosx_10_9_x86_64.whl"",
    ""project"": ""duckdb"",
    ""version"": ""0.6.0"",
    ""type"": ""bdist_wheel""
  }
}","{
  ""details"": {
    ""installer"": {
      ""name"": ""Browser"",
      ""version"": null,
      ""subcommand"": null
    },
    ""python"": null,
    ""implementation"": null,
    ""distro"": null,
    ""system"": null,
    ""cpu"": null,
    ""openssl_version"": null,
    ""setuptools_version"": null,
    ""rustc_version"": null,
    ""ci"": null
  }
}",TLSv1.3,TLS_AES_128_GCM_SHA256,"{
  ""http"": null
}"
2026-08-31 18:07:08.000000 UTC,US,/packages/44/b5/472c51790329f2fac63e4599857dee102005e4901f642d3ae651c2246495/duckdb-0.7.0-cp310-cp310-macosx_10_9_universal2.whl,duckdb,"{
  ""file"": {
    ""filename"": ""duckdb-0.7.0-cp310-cp310-macosx_10_9_universal2.whl"",
    ""project"": ""duckdb"",
    ""version"": ""0.7.0"",
    ""type"": ""bdist_wheel""
  }
}","{
  ""details"": null
}",TLSv1.3,TLS_AES_128_GCM_SHA256,"{
  ""http"": null
}"
2026-08-31 18:06:04.000000 UTC,US,/packages/53/a7/fb34ed8b7b82b16533ba2051842451762d0b009cf07a8348610e42cfbfcb/duckdb-0.8.0-cp311-cp311-manylinux_2_17_x86_64.manylinux2014_x86_64.whl,duckdb,"{
  ""file"": {
    ""filename"": ""duckdb-0.8.0-cp311-cp311-manylinux_2_17_x86_64.manylinux2014_x86_64.whl"",
    ""project"": ""duckdb"",
    ""version"": ""0.8.0"",
    ""type"": ""bdist_wheel""
  }
}","{
  ""details"": {
    ""installer"": {
      ""name"": ""poetry"",
      ""version"": ""1.7.1"",
      ""subcommand"": null
    },
    ""python"": null,
    ""implementation"": {
      ""name"": ""CPython"",
      ""version"": ""3.11.13""
    },
    ""distro"": null,
    ""system"": {
      ""name"": ""Linux"",
      ""release"": ""6.17.0-14-generic""
    },
    ""cpu"": null,
    ""openssl_version"": null,
    ""setuptools_version"": null,
    ""rustc_version"": null,
    ""ci"": null
  }
}",TLSv1.3,TLS_AES_128_GCM_SHA256,"{
  ""http"": null
}"
2026-08-31 18:01:00.000000 UTC,US,/packages/08/7b/d646a7483d9d00d3438d264773dc2c65e447d2456694934c2ef734626c92/duckdb-1.0.0-cp311-cp311-manylinux_2_24_aarch64.manylinux_2_28_aarch64.whl,duckdb,"{
  ""file"": {
    ""filename"": ""duckdb-1.0.0-cp311-cp311-manylinux_2_24_aarch64.manylinux_2_28_aarch64.whl"",
    ""project"": ""duckdb"",
    ""version"": ""1.0.0"",
    ""type"": ""bdist_wheel""
  }
}","{
  ""details"": {
    ""installer"": {
      ""name"": ""poetry"",
      ""version"": ""1.8.3"",
      ""subcommand"": null
    },
    ""python"": null,
    ""implementation"": {
      ""name"": ""CPython"",
      ""version"": ""3.11.9""
    },
    ""distro"": null,
    ""system"": {
      ""name"": ""Linux"",
      ""release"": ""6.6.141.1-1.azl3""
    },
    ""cpu"": null,
    ""openssl_version"": null,
    ""setuptools_version"": null,
    ""rustc_version"": null,
    ""ci"": null
  }
}",TLSv1.3,TLS_AES_128_GCM_SHA256,"{
  ""http"": null
}"
2026-08-31 18:00:15.000000 UTC,US,/packages/08/7b/d646a7483d9d00d3438d264773dc2c65e447d2456694934c2ef734626c92/duckdb-1.0.0-cp311-cp311-manylinux_2_24_aarch64.manylinux_2_28_aarch64.whl,duckdb,"{
  ""file"": {
    ""filename"": ""duckdb-1.0.0-cp311-cp311-manylinux_2_24_aarch64.manylinux_2_28_aarch64.whl"",
    ""project"": ""duckdb"",
    ""version"": ""1.0.0"",
    ""type"": ""bdist_wheel""
  }
}","{
  ""details"": {
    ""installer"": {
      ""name"": ""poetry"",
      ""version"": ""1.8.3"",
      ""subcommand"": null
    },
    ""python"": null,
    ""implementation"": {
      ""name"": ""CPython"",
      ""version"": ""3.11.9""
    },
    ""distro"": null,
    ""system"": {
      ""name"": ""Linux"",
      ""release"": ""6.6.141.1-1.azl3""
    },
    ""cpu"": null,
    ""openssl_version"": null,
    ""setuptools_version"": null,
    ""rustc_version"": null,
    ""ci"": null
  }
}",TLSv1.3,TLS_AES_128_GCM_SHA256,"{
  ""http"": null
}"
2026-08-31 18:00:14.000000 UTC,US,/packages/08/7b/d646a7483d9d00d3438d264773dc2c65e447d2456694934c2ef734626c92/duckdb-1.0.0-cp311-cp311-manylinux_2_24_aarch64.manylinux_2_28_aarch64.whl,duckdb,"{
  ""file"": {
    ""filename"": ""duckdb-1.0.0-cp311-cp311-manylinux_2_24_aarch64.manylinux_2_28_aarch64.whl"",
    ""project"": ""duckdb"",
    ""version"": ""1.0.0"",
    ""type"": ""bdist_wheel""
  }
}","{
  ""details"": {
    ""installer"": {
      ""name"": ""poetry"",
      ""version"": ""1.8.3"",
      ""subcommand"": null
    },
    ""python"": null,
    ""implementation"": {
      ""name"": ""CPython"",
      ""version"": ""3.11.9""
    },
    ""distro"": null,
    ""system"": {
      ""name"": ""Linux"",
      ""release"": ""6.6.141.1-1.azl3""
    },
    ""cpu"": null,
    ""openssl_version"": null,
    ""setuptools_version"": null,
    ""rustc_version"": null,
    ""ci"": null
  }
}",TLSv1.3,TLS_AES_128_GCM_SHA256,"{
  ""http"": null
}"
2026-08-31 18:01:42.000000 UTC,US,/packages/a8/95/fda4a0a5b6dbf087785925bfc11c0dc3688cd7ceeb87538df7c42fd65d19/duckdb-1.0.0-cp312-cp312-manylinux_2_24_aarch64.manylinux_2_28_aarch64.whl,duckdb,"{
  ""file"": {
    ""filename"": ""duckdb-1.0.0-cp312-cp312-manylinux_2_24_aarch64.manylinux_2_28_aarch64.whl"",
    ""project"": ""duckdb"",
    ""version"": ""1.0.0"",
    ""type"": ""bdist_wheel""
  }
}","{
  ""details"": {
    ""installer"": {
      ""name"": ""Nexus"",
      ""version"": ""3.68.1-02"",
      ""subcommand"": null
    },
    ""python"": null,
    ""implementation"": null,
    ""distro"": null,
    ""system"": null,
    ""cpu"": null,
    ""openssl_version"": null,
    ""setuptools_version"": null,
    ""rustc_version"": null,
    ""ci"": null
  }
}",TLSv1.3,TLS_AES_128_GCM_SHA256,"{
  ""http"": null
}"
2026-08-31 18:00:48.000000 UTC,US,/packages/00/08/53d643d2a5cf1787f9dea9cb2838eaa0c6767a651e81f36b28cc9fa573cf/duckdb-1.1.0-cp311-cp311-manylinux_2_24_aarch64.manylinux_2_28_aarch64.whl,duckdb,"{
  ""file"": {
    ""filename"": ""duckdb-1.1.0-cp311-cp311-manylinux_2_24_aarch64.manylinux_2_28_aarch64.whl"",
    ""project"": ""duckdb"",
    ""version"": ""1.1.0"",
    ""type"": ""bdist_wheel""
  }
}","{
  ""details"": {
    ""installer"": {
      ""name"": ""poetry"",
      ""version"": ""1.8.3"",
      ""subcommand"": null
    },
    ""python"": null,
    ""implementation"": {
      ""name"": ""CPython"",
      ""version"": ""3.11.9""
    },
    ""distro"": null,
    ""system"": {
      ""name"": ""Linux"",
      ""release"": ""6.6.141.1-1.azl3""
    },
    ""cpu"": null,
    ""openssl_version"": null,
    ""setuptools_version"": null,
    ""rustc_version"": null,
    ""ci"": null
  }
}",TLSv1.3,TLS_AES_128_GCM_SHA256,"{
  ""http"": null
}"
2026-08-31 18:01:33.000000 UTC,US,/packages/00/08/53d643d2a5cf1787f9dea9cb2838eaa0c6767a651e81f36b28cc9fa573cf/duckdb-1.1.0-cp311-cp311-manylinux_2_24_aarch64.manylinux_2_28_aarch64.whl,duckdb,"{
  ""file"": {
    ""filename"": ""duckdb-1.1.0-cp311-cp311-manylinux_2_24_aarch64.manylinux_2_28_aarch64.whl"",
    ""project"": ""duckdb"",
    ""version"": ""1.1.0"",
    ""type"": ""bdist_wheel""
  }
}","{
  ""details"": {
    ""installer"": {
      ""name"": ""poetry"",
      ""version"": ""2.1.1"",
      ""subcommand"": null
    },
    ""python"": null,
    ""implementation"": {
      ""name"": ""CPython"",
      ""version"": ""3.11.11""
    },
    ""distro"": null,
    ""system"": {
      ""name"": ""Linux"",
      ""release"": ""6.6.141.1-1.azl3""
    },
    ""cpu"": null,
    ""openssl_version"": null,
    ""setuptools_version"": null,
    ""rustc_version"": null,
    ""ci"": null
  }
}",TLSv1.3,TLS_AES_128_GCM_SHA256,"{
  ""http"": null
}"
2026-08-31 18:02:12.000000 UTC,HU,/packages/5d/22/16b4ebc2eaa0d552fdd9ff371647be61bdc2036eae182866203dc0a554c9/duckdb-1.1.0-cp39-cp39-macosx_12_0_arm64.whl,duckdb,"{
  ""file"": {
    ""filename"": ""duckdb-1.1.0-cp39-cp39-macosx_12_0_arm64.whl"",
    ""project"": ""duckdb"",
    ""version"": ""1.1.0"",
    ""type"": ""bdist_wheel""
  }
}","{
  ""details"": {
    ""installer"": {
      ""name"": ""Browser"",
      ""version"": null,
      ""subcommand"": null
    },
    ""python"": null,
    ""implementation"": null,
    ""distro"": null,
    ""system"": null,
    ""cpu"": null,
    ""openssl_version"": null,
    ""setuptools_version"": null,
    ""rustc_version"": null,
    ""ci"": null
  }
}",TLSv1.3,TLS_AES_128_GCM_SHA256,"{
  ""http"": null
}"
2026-08-31 18:09:44.000000 UTC,US,/packages/de/7e/aef0fa22a80939edb04f66152a1fd5ce7257931576be192a8068e74f0892/duckdb-1.1.3-cp310-cp310-macosx_12_0_arm64.whl,duckdb,"{
  ""file"": {
    ""filename"": ""duckdb-1.1.3-cp310-cp310-macosx_12_0_arm64.whl"",
    ""project"": ""duckdb"",
    ""version"": ""1.1.3"",
    ""type"": ""bdist_wheel""
  }
}","{
  ""details"": null
}",TLSv1.3,TLS_AES_128_GCM_SHA256,"{
  ""http"": null
}"
2026-08-31 18:08:19.000000 UTC,US,/packages/3e/ee/8f74ccecbafd14e257c634f0f2cdebbc35634d9d74f04bb7ad8a0e142bf8/duckdb-1.1.3-cp310-cp310-manylinux_2_17_x86_64.manylinux2014_x86_64.whl,duckdb,"{
  ""file"": {
    ""filename"": ""duckdb-1.1.3-cp310-cp310-manylinux_2_17_x86_64.manylinux2014_x86_64.whl"",
    ""project"": ""duckdb"",
    ""version"": ""1.1.3"",
    ""type"": ""bdist_wheel""
  }
}","{
  ""details"": {
    ""installer"": {
      ""name"": ""poetry"",
      ""version"": ""1.8.2"",
      ""subcommand"": null
    },
    ""python"": null,
    ""implementation"": {
      ""name"": ""CPython"",
      ""version"": ""3.11.15""
    },
    ""distro"": null,
    ""system"": {
      ""name"": ""Linux"",
      ""release"": ""7.0.0-1009-aws""
    },
    ""cpu"": null,
    ""openssl_version"": null,
    ""setuptools_version"": null,
    ""rustc_version"": null,
    ""ci"": null
  }
}",TLSv1.3,TLS_AES_128_GCM_SHA256,"{
  ""http"": null
}"
2026-08-31 17:59:16.000000 UTC,US,/packages/3e/ee/8f74ccecbafd14e257c634f0f2cdebbc35634d9d74f04bb7ad8a0e142bf8/duckdb-1.1.3-cp310-cp310-manylinux_2_17_x86_64.manylinux2014_x86_64.whl,duckdb,"{
  ""file"": {
    ""filename"": ""duckdb-1.1.3-cp310-cp310-manylinux_2_17_x86_64.manylinux2014_x86_64.whl"",
    ""project"": ""duckdb"",
    ""version"": ""1.1.3"",
    ""type"": ""bdist_wheel""
  }
}","{
  ""details"": {
    ""installer"": {
      ""name"": ""poetry"",
      ""version"": ""1.8.2"",
      ""subcommand"": null
    },
    ""python"": null,
    ""implementation"": {
      ""name"": ""CPython"",
      ""version"": ""3.11.15""
    },
    ""distro"": null,
    ""system"": {
      ""name"": ""Linux"",
      ""release"": ""7.0.0-1009-aws""
    },
    ""cpu"": null,
    ""openssl_version"": null,
    ""setuptools_version"": null,
    ""rustc_version"": null,
    ""ci"": null
  }
}",TLSv1.3,TLS_AES_128_GCM_SHA256,"{
  ""http"": null
}"
2026-08-31 18:08:28.000000 UTC,US,/packages/3e/ee/8f74ccecbafd14e257c634f0f2cdebbc35634d9d74f04bb7ad8a0e142bf8/duckdb-1.1.3-cp310-cp310-manylinux_2_17_x86_64.manylinux2014_x86_64.whl,duckdb,"{
  ""file"": {
    ""filename"": ""duckdb-1.1.3-cp310-cp310-manylinux_2_17_x86_64.manylinux2014_x86_64.whl"",
    ""project"": ""duckdb"",
    ""version"": ""1.1.3"",
    ""type"": ""bdist_wheel""
  }
}","{
  ""details"": {
    ""installer"": {
      ""name"": ""poetry"",
      ""version"": ""1.8.2"",
      ""subcommand"": null
    },
    ""python"": null,
    ""implementation"": {
      ""name"": ""CPython"",
      ""version"": ""3.9.21""
    },
    ""distro"": null,
    ""system"": {
      ""name"": ""Linux"",
      ""release"": ""6.12.94+""
    },
    ""cpu"": null,
    ""openssl_version"": null,
    ""setuptools_version"": null,
    ""rustc_version"": null,
    ""ci"": null
  }
}",TLSv1.3,TLS_AES_128_GCM_SHA256,"{
  ""http"": null
}"
2026-08-31 18:08:20.000000 UTC,US,/packages/3e/ee/8f74ccecbafd14e257c634f0f2cdebbc35634d9d74f04bb7ad8a0e142bf8/duckdb-1.1.3-cp310-cp310-manylinux_2_17_x86_64.manylinux2014_x86_64.whl,duckdb,"{
  ""file"": {
    ""filename"": ""duckdb-1.1.3-cp310-cp310-manylinux_2_17_x86_64.manylinux2014_x86_64.whl"",
    ""project"": ""duckdb"",
    ""version"": ""1.1.3"",
    ""type"": ""bdist_wheel""
  }
}","{
  ""details"": {
    ""installer"": {
      ""name"": ""poetry"",
      ""version"": ""1.8.2"",
      ""subcommand"": null
    },
    ""python"": null,
    ""implementation"": {
      ""name"": ""CPython"",
      ""version"": ""3.11.15""
    },
    ""distro"": null,
    ""system"": {
      ""name"": ""Linux"",
      ""release"": ""7.0.0-1009-aws""
    },
    ""cpu"": null,
    ""openssl_version"": null,
    ""setuptools_version"": null,
    ""rustc_version"": null,
    ""ci"": null
  }
}",TLSv1.3,TLS_AES_128_GCM_SHA256,"{
  ""http"": null
}"
2026-08-31 18:08:22.000000 UTC,US,/packages/3e/ee/8f74ccecbafd14e257c634f0f2cdebbc35634d9d74f04bb7ad8a0e142bf8/duckdb-1.1.3-cp310-cp310-manylinux_2_17_x86_64.manylinux2014_x86_64.whl,duckdb,"{
  ""file"": {
    ""filename"": ""duckdb-1.1.3-cp310-cp310-manylinux_2_17_x86_64.manylinux2014_x86_64.whl"",
    ""project"": ""duckdb"",
    ""version"": ""1.1.3"",
    ""type"": ""bdist_wheel""
  }
}","{
  ""details"": {
    ""installer"": {
      ""name"": ""poetry"",
      ""version"": ""1.8.2"",
      ""subcommand"": null
    },
    ""python"": null,
    ""implementation"": {
      ""name"": ""CPython"",
      ""version"": ""3.11.15""
    },
    ""distro"": null,
    ""system"": {
      ""name"": ""Linux"",
      ""release"": ""7.0.0-1009-aws""
    },
    ""cpu"": null,
    ""openssl_version"": null,
    ""setuptools_version"": null,
    ""rustc_version"": null,
    ""ci"": null
  }
}",TLSv1.3,TLS_AES_128_GCM_SHA256,"{
  ""http"": null
}"
2026-08-31 18:09:00.000000 UTC,US,/packages/3e/ee/8f74ccecbafd14e257c634f0f2cdebbc35634d9d74f04bb7ad8a0e142bf8/duckdb-1.1.3-cp310-cp310-manylinux_2_17_x86_64.manylinux2014_x86_64.whl,duckdb,"{
  ""file"": {
    ""filename"": ""duckdb-1.1.3-cp310-cp310-manylinux_2_17_x86_64.manylinux2014_x86_64.whl"",
    ""project"": ""duckdb"",
    ""version"": ""1.1.3"",
    ""type"": ""bdist_wheel""
  }
}","{
  ""details"": {
    ""installer"": {
      ""name"": ""poetry"",
      ""version"": ""1.8.2"",
      ""subcommand"": null
    },
    ""python"": null,
    ""implementation"": {
      ""name"": ""CPython"",
      ""version"": ""3.11.15""
    },
    ""distro"": null,
    ""system"": {
      ""name"": ""Linux"",
      ""release"": ""7.0.0-1009-aws""
    },
    ""cpu"": null,
    ""openssl_version"": null,
    ""setuptools_version"": null,
    ""rustc_version"": null,
    ""ci"": null
  }
}",TLSv1.3,TLS_AES_128_GCM_SHA256,"{
  ""http"": null
}"
2026-08-31 17:58:41.000000 UTC,US,/packages/3e/ee/8f74ccecbafd14e257c634f0f2cdebbc35634d9d74f04bb7ad8a0e142bf8/duckdb-1.1.3-cp310-cp310-manylinux_2_17_x86_64.manylinux2014_x86_64.whl,duckdb,"{
  ""file"": {
    ""filename"": ""duckdb-1.1.3-cp310-cp310-manylinux_2_17_x86_64.manylinux2014_x86_64.whl"",
    ""project"": ""duckdb"",
    ""version"": ""1.1.3"",
    ""type"": ""bdist_wheel""
  }
}","{
  ""details"": {
    ""installer"": {
      ""name"": ""poetry"",
      ""version"": ""1.8.2"",
      ""subcommand"": null
    },
    ""python"": null,
    ""implementation"": {
      ""name"": ""CPython"",
      ""version"": ""3.11.15""
    },
    ""distro"": null,
    ""system"": {
      ""name"": ""Linux"",
      ""release"": ""7.0.0-1009-aws""
    },
    ""cpu"": null,
    ""openssl_version"": null,
    ""setuptools_version"": null,
    ""rustc_version"": null,
    ""ci"": null
  }
}",TLSv1.3,TLS_AES_128_GCM_SHA256,"{
  ""http"": null
}"
2026-08-31 18:08:17.000000 UTC,US,/packages/3e/ee/8f74ccecbafd14e257c634f0f2cdebbc35634d9d74f04bb7ad8a0e142bf8/duckdb-1.1.3-cp310-cp310-manylinux_2_17_x86_64.manylinux2014_x86_64.whl,duckdb,"{
  ""file"": {
    ""filename"": ""duckdb-1.1.3-cp310-cp310-manylinux_2_17_x86_64.manylinux2014_x86_64.whl"",
    ""project"": ""duckdb"",
    ""version"": ""1.1.3"",
    ""type"": ""bdist_wheel""
  }
}","{
  ""details"": {
    ""installer"": {
      ""name"": ""poetry"",
      ""version"": ""1.8.2"",
      ""subcommand"": null
    },
    ""python"": null,
    ""implementation"": {
      ""name"": ""CPython"",
      ""version"": ""3.11.15""
    },
    ""distro"": null,
    ""system"": {
      ""name"": ""Linux"",
      ""release"": ""7.0.0-1009-aws""
    },
    ""cpu"": null,
    ""openssl_version"": null,
    ""setuptools_version"": null,
    ""rustc_version"": null,
    ""ci"": null
  }
}",TLSv1.3,TLS_AES_128_GCM_SHA256,"{
  ""http"": null
}"
2026-08-31 18:08:22.000000 UTC,US,/packages/3e/ee/8f74ccecbafd14e257c634f0f2cdebbc35634d9d74f04bb7ad8a0e142bf8/duckdb-1.1.3-cp310-cp310-manylinux_2_17_x86_64.manylinux2014_x86_64.whl,duckdb,"{
  ""file"": {
    ""filename"": ""duckdb-1.1.3-cp310-cp310-manylinux_2_17_x86_64.manylinux2014_x86_64.whl"",
    ""project"": ""duckdb"",
    ""version"": ""1.1.3"",
    ""type"": ""bdist_wheel""
  }
}","{
  ""details"": {
    ""installer"": {
      ""name"": ""poetry"",
      ""version"": ""1.8.2"",
      ""subcommand"": null
    },
    ""python"": null,
    ""implementation"": {
      ""name"": ""CPython"",
      ""version"": ""3.11.15""
    },
    ""distro"": null,
    ""system"": {
      ""name"": ""Linux"",
      ""release"": ""7.0.0-1009-aws""
    },
    ""cpu"": null,
    ""openssl_version"": null,
    ""setuptools_version"": null,
    ""rustc_version"": null,
    ""ci"": null
  }
}",TLSv1.3,TLS_AES_128_GCM_SHA256,"{
  ""http"": null
}"
2026-08-31 18:08:47.000000 UTC,US,/packages/3e/ee/8f74ccecbafd14e257c634f0f2cdebbc35634d9d74f04bb7ad8a0e142bf8/duckdb-1.1.3-cp310-cp310-manylinux_2_17_x86_64.manylinux2014_x86_64.whl,duckdb,"{
  ""file"": {
    ""filename"": ""duckdb-1.1.3-cp310-cp310-manylinux_2_17_x86_64.manylinux2014_x86_64.whl"",
    ""project"": ""duckdb"",
    ""version"": ""1.1.3"",
    ""type"": ""bdist_wheel""
  }
}","{
  ""details"": {
    ""installer"": {
      ""name"": ""poetry"",
      ""version"": ""1.8.2"",
      ""subcommand"": null
    },
    ""python"": null,
    ""implementation"": {
      ""name"": ""CPython"",
      ""version"": ""3.11.15""
    },
    ""distro"": null,
    ""system"": {
      ""name"": ""Linux"",
      ""release"": ""7.0.0-1009-aws""
    },
    ""cpu"": null,
    ""openssl_version"": null,
    ""setuptools_version"": null,
    ""rustc_version"": null,
    ""ci"": null
  }
}",TLSv1.3,TLS_AES_128_GCM_SHA256,"{
  ""http"": null
}"
2026-08-31 18:08:17.000000 UTC,US,/packages/3e/ee/8f74ccecbafd14e257c634f0f2cdebbc35634d9d74f04bb7ad8a0e142bf8/duckdb-1.1.3-cp310-cp310-manylinux_2_17_x86_64.manylinux2014_x86_64.whl,duckdb,"{
  ""file"": {
    ""filename"": ""duckdb-1.1.3-cp310-cp310-manylinux_2_17_x86_64.manylinux2014_x86_64.whl"",
    ""project"": ""duckdb"",
    ""version"": ""1.1.3"",
    ""type"": ""bdist_wheel""
  }
}","{
  ""details"": {
    ""installer"": {
      ""name"": ""poetry"",
      ""version"": ""1.8.2"",
      ""subcommand"": null
    },
    ""python"": null,
    ""implementation"": {
      ""name"": ""CPython"",
      ""version"": ""3.11.15""
    },
    ""distro"": null,
    ""system"": {
      ""name"": ""Linux"",
      ""release"": ""7.0.0-1009-aws""
    },
    ""cpu"": null,
    ""openssl_version"": null,
    ""setuptools_version"": null,
    ""rustc_version"": null,
    ""ci"": null
  }
}",TLSv1.3,TLS_AES_128_GCM_SHA256,"{
  ""http"": null
}"
2026-08-31 18:08:57.000000 UTC,US,/packages/3e/ee/8f74ccecbafd14e257c634f0f2cdebbc35634d9d74f04bb7ad8a0e142bf8/duckdb-1.1.3-cp310-cp310-manylinux_2_17_x86_64.manylinux2014_x86_64.whl,duckdb,"{
  ""file"": {
    ""filename"": ""duckdb-1.1.3-cp310-cp310-manylinux_2_17_x86_64.manylinux2014_x86_64.whl"",
    ""project"": ""duckdb"",
    ""version"": ""1.1.3"",
    ""type"": ""bdist_wheel""
  }
}","{
  ""details"": {
    ""installer"": {
      ""name"": ""poetry"",
      ""version"": ""1.8.2"",
      ""subcommand"": null
    },
    ""python"": null,
    ""implementation"": {
      ""name"": ""CPython"",
      ""version"": ""3.11.15""
    },
    ""distro"": null,
    ""system"": {
      ""name"": ""Linux"",
      ""release"": ""7.0.0-1009-aws""
    },
    ""cpu"": null,
    ""openssl_version"": null,
    ""setuptools_version"": null,
    ""rustc_version"": null,
    ""ci"": null
  }
}",TLSv1.3,TLS_AES_128_GCM_SHA256,"{
  ""http"": null
}"
2026-08-31 17:59:28.000000 UTC,US,/packages/3e/ee/8f74ccecbafd14e257c634f0f2cdebbc35634d9d74f04bb7ad8a0e142bf8/duckdb-1.1.3-cp310-cp310-manylinux_2_17_x86_64.manylinux2014_x86_64.whl,duckdb,"{
  ""file"": {
    ""filename"": ""duckdb-1.1.3-cp310-cp310-manylinux_2_17_x86_64.manylinux2014_x86_64.whl"",
    ""project"": ""duckdb"",
    ""version"": ""1.1.3"",
    ""type"": ""bdist_wheel""
  }
}","{
  ""details"": {
    ""installer"": {
      ""name"": ""poetry"",
      ""version"": ""1.8.2"",
      ""subcommand"": null
    },
    ""python"": null,
    ""implementation"": {
      ""name"": ""CPython"",
      ""version"": ""3.11.15""
    },
    ""distro"": null,
    ""system"": {
      ""name"": ""Linux"",
      ""release"": ""7.0.0-1009-aws""
    },
    ""cpu"": null,
    ""openssl_version"": null,
    ""setuptools_version"": null,
    ""rustc_version"": null,
    ""ci"": null
  }
}",TLSv1.3,TLS_AES_128_GCM_SHA256,"{
  ""http"": null
}"
2026-08-31 18:08:59.000000 UTC,US,/packages/3e/ee/8f74ccecbafd14e257c634f0f2cdebbc35634d9d74f04bb7ad8a0e142bf8/duckdb-1.1.3-cp310-cp310-manylinux_2_17_x86_64.manylinux2014_x86_64.whl,duckdb,"{
  ""file"": {
    ""filename"": ""duckdb-1.1.3-cp310-cp310-manylinux_2_17_x86_64.manylinux2014_x86_64.whl"",
    ""project"": ""duckdb"",
    ""version"": ""1.1.3"",
    ""type"": ""bdist_wheel""
  }
}","{
  ""details"": {
    ""installer"": {
      ""name"": ""poetry"",
      ""version"": ""1.8.2"",
      ""subcommand"": null
    },
    ""python"": null,
    ""implementation"": {
      ""name"": ""CPython"",
      ""version"": ""3.11.15""
    },
    ""distro"": null,
    ""system"": {
      ""name"": ""Linux"",
      ""release"": ""7.0.0-1009-aws""
    },
    ""cpu"": null,
    ""openssl_version"": null,
    ""setuptools_version"": null,
    ""rustc_version"": null,
    ""ci"": null
  }
}",TLSv1.3,TLS_AES_128_GCM_SHA256,"{
  ""http"": null
}"
2026-08-31 17:59:32.000000 UTC,US,/packages/3e/ee/8f74ccecbafd14e257c634f0f2cdebbc35634d9d74f04bb7ad8a0e142bf8/duckdb-1.1.3-cp310-cp310-manylinux_2_17_x86_64.manylinux2014_x86_64.whl,duckdb,"{
  ""file"": {
    ""filename"": ""duckdb-1.1.3-cp310-cp310-manylinux_2_17_x86_64.manylinux2014_x86_64.whl"",
    ""project"": ""duckdb"",
    ""version"": ""1.1.3"",
    ""type"": ""bdist_wheel""
  }
}","{
  ""details"": {
    ""installer"": {
      ""name"": ""poetry"",
      ""version"": ""1.8.2"",
      ""subcommand"": null
    },
    ""python"": null,
    ""implementation"": {
      ""name"": ""CPython"",
      ""version"": ""3.11.15""
    },
    ""distro"": null,
    ""system"": {
      ""name"": ""Linux"",
      ""release"": ""7.0.0-1009-aws""
    },
    ""cpu"": null,
    ""openssl_version"": null,
    ""setuptools_version"": null,
    ""rustc_version"": null,
    ""ci"": null
  }
}",TLSv1.3,TLS_AES_128_GCM_SHA256,"{
  ""http"": null
}"
2026-08-31 17:57:59.000000 UTC,US,/packages/3e/ee/8f74ccecbafd14e257c634f0f2cdebbc35634d9d74f04bb7ad8a0e142bf8/duckdb-1.1.3-cp310-cp310-manylinux_2_17_x86_64.manylinux2014_x86_64.whl,duckdb,"{
  ""file"": {
    ""filename"": ""duckdb-1.1.3-cp310-cp310-manylinux_2_17_x86_64.manylinux2014_x86_64.whl"",
    ""project"": ""duckdb"",
    ""version"": ""1.1.3"",
    ""type"": ""bdist_wheel""
  }
}","{
  ""details"": {
    ""installer"": {
      ""name"": ""poetry"",
      ""version"": ""1.8.2"",
      ""subcommand"": null
    },
    ""python"": null,
    ""implementation"": {
      ""name"": ""CPython"",
      ""version"": ""3.11.15""
    },
    ""distro"": null,
    ""system"": {
      ""name"": ""Linux"",
      ""release"": ""7.0.0-1009-aws""
    },
    ""cpu"": null,
    ""openssl_version"": null,
    ""setuptools_version"": null,
    ""rustc_version"": null,
    ""ci"": null
  }
}",TLSv1.3,TLS_AES_128_GCM_SHA256,"{
  ""http"": null
}"
2026-08-31 18:09:04.000000 UTC,US,/packages/3e/ee/8f74ccecbafd14e257c634f0f2cdebbc35634d9d74f04bb7ad8a0e142bf8/duckdb-1.1.3-cp310-cp310-manylinux_2_17_x86_64.manylinux2014_x86_64.whl,duckdb,"{
  ""file"": {
    ""filename"": ""duckdb-1.1.3-cp310-cp310-manylinux_2_17_x86_64.manylinux2014_x86_64.whl"",
    ""project"": ""duckdb"",
    ""version"": ""1.1.3"",
    ""type"": ""bdist_wheel""
  }
}","{
  ""details"": {
    ""installer"": {
      ""name"": ""poetry"",
      ""version"": ""1.8.2"",
      ""subcommand"": null
    },
    ""python"": null,
    ""implementation"": {
      ""name"": ""CPython"",
      ""version"": ""3.11.15""
    },
    ""distro"": null,
    ""system"": {
      ""name"": ""Linux"",
      ""release"": ""7.0.0-1009-aws""
    },
    ""cpu"": null,
    ""openssl_version"": null,
    ""setuptools_version"": null,
    ""rustc_version"": null,
    ""ci"": null
  }
}",TLSv1.3,TLS_AES_128_GCM_SHA256,"{
  ""http"": null
}"
2026-08-31 17:59:33.000000 UTC,US,/packages/3e/ee/8f74ccecbafd14e257c634f0f2cdebbc35634d9d74f04bb7ad8a0e142bf8/duckdb-1.1.3-cp310-cp310-manylinux_2_17_x86_64.manylinux2014_x86_64.whl,duckdb,"{
  ""file"": {
    ""filename"": ""duckdb-1.1.3-cp310-cp310-manylinux_2_17_x86_64.manylinux2014_x86_64.whl"",
    ""project"": ""duckdb"",
    ""version"": ""1.1.3"",
    ""type"": ""bdist_wheel""
  }
}","{
  ""details"": {
    ""installer"": {
      ""name"": ""poetry"",
      ""version"": ""1.8.2"",
      ""subcommand"": null
    },
    ""python"": null,
    ""implementation"": {
      ""name"": ""CPython"",
      ""version"": ""3.11.15""
    },
    ""distro"": null,
    ""system"": {
      ""name"": ""Linux"",
      ""release"": ""7.0.0-1009-aws""
    },
    ""cpu"": null,
    ""openssl_version"": null,
    ""setuptools_version"": null,
    ""rustc_version"": null,
    ""ci"": null
  }
}",TLSv1.3,TLS_AES_128_GCM_SHA256,"{
  ""http"": null
}"
2026-08-31 18:08:17.000000 UTC,US,/packages/3e/ee/8f74ccecbafd14e257c634f0f2cdebbc35634d9d74f04bb7ad8a0e142bf8/duckdb-1.1.3-cp310-cp310-manylinux_2_17_x86_64.manylinux2014_x86_64.whl,duckdb,"{
  ""file"": {
    ""filename"": ""duckdb-1.1.3-cp310-cp310-manylinux_2_17_x86_64.manylinux2014_x86_64.whl"",
    ""project"": ""duckdb"",
    ""version"": ""1.1.3"",
    ""type"": ""bdist_wheel""
  }
}","{
  ""details"": {
    ""installer"": {
      ""name"": ""poetry"",
      ""version"": ""1.8.2"",
      ""subcommand"": null
    },
    ""python"": null,
    ""implementation"": {
      ""name"": ""CPython"",
      ""version"": ""3.11.15""
    },
    ""distro"": null,
    ""system"": {
      ""name"": ""Linux"",
      ""release"": ""7.0.0-1009-aws""
    },
    ""cpu"": null,
    ""openssl_version"": null,
    ""setuptools_version"": null,
    ""rustc_version"": null,
    ""ci"": null
  }
}",TLSv1.3,TLS_AES_128_GCM_SHA256,"{
  ""http"": null
}"
2026-08-31 18:08:34.000000 UTC,US,/packages/3e/ee/8f74ccecbafd14e257c634f0f2cdebbc35634d9d74f04bb7ad8a0e142bf8/duckdb-1.1.3-cp310-cp310-manylinux_2_17_x86_64.manylinux2014_x86_64.whl,duckdb,"{
  ""file"": {
    ""filename"": ""duckdb-1.1.3-cp310-cp310-manylinux_2_17_x86_64.manylinux2014_x86_64.whl"",
    ""project"": ""duckdb"",
    ""version"": ""1.1.3"",
    ""type"": ""bdist_wheel""
  }
}","{
  ""details"": {
    ""installer"": {
      ""name"": ""poetry"",
      ""version"": ""1.8.2"",
      ""subcommand"": null
    },
    ""python"": null,
    ""implementation"": {
      ""name"": ""CPython"",
      ""version"": ""3.11.15""
    },
    ""distro"": null,
    ""system"": {
      ""name"": ""Linux"",
      ""release"": ""7.0.0-1009-aws""
    },
    ""cpu"": null,
    ""openssl_version"": null,
    ""setuptools_version"": null,
    ""rustc_version"": null,
    ""ci"": null
  }
}",TLSv1.3,TLS_AES_128_GCM_SHA256,"{
  ""http"": null
}"
2026-08-31 18:08:24.000000 UTC,US,/packages/3e/ee/8f74ccecbafd14e257c634f0f2cdebbc35634d9d74f04bb7ad8a0e142bf8/duckdb-1.1.3-cp310-cp310-manylinux_2_17_x86_64.manylinux2014_x86_64.whl,duckdb,"{
  ""file"": {
    ""filename"": ""duckdb-1.1.3-cp310-cp310-manylinux_2_17_x86_64.manylinux2014_x86_64.whl"",
    ""project"": ""duckdb"",
    ""version"": ""1.1.3"",
    ""type"": ""bdist_wheel""
  }
}","{
  ""details"": {
    ""installer"": {
      ""name"": ""poetry"",
      ""version"": ""1.8.2"",
      ""subcommand"": null
    },
    ""python"": null,
    ""implementation"": {
      ""name"": ""CPython"",
      ""version"": ""3.11.15""
    },
    ""distro"": null,
    ""system"": {
      ""name"": ""Linux"",
      ""release"": ""7.0.0-1009-aws""
    },
    ""cpu"": null,
    ""openssl_version"": null,
    ""setuptools_version"": null,
    ""rustc_version"": null,
    ""ci"": null
  }
}",TLSv1.3,TLS_AES_128_GCM_SHA256,"{
  ""http"": null
}"
2026-08-31 18:08:29.000000 UTC,US,/packages/3e/ee/8f74ccecbafd14e257c634f0f2cdebbc35634d9d74f04bb7ad8a0e142bf8/duckdb-1.1.3-cp310-cp310-manylinux_2_17_x86_64.manylinux2014_x86_64.whl,duckdb,"{
  ""file"": {
    ""filename"": ""duckdb-1.1.3-cp310-cp310-manylinux_2_17_x86_64.manylinux2014_x86_64.whl"",
    ""project"": ""duckdb"",
    ""version"": ""1.1.3"",
    ""type"": ""bdist_wheel""
  }
}","{
  ""details"": {
    ""installer"": {
      ""name"": ""poetry"",
      ""version"": ""1.8.2"",
      ""subcommand"": null
    },
    ""python"": null,
    ""implementation"": {
      ""name"": ""CPython"",
      ""version"": ""3.11.15""
    },
    ""distro"": null,
    ""system"": {
      ""name"": ""Linux"",
      ""release"": ""7.0.0-1009-aws""
    },
    ""cpu"": null,
    ""openssl_version"": null,
    ""setuptools_version"": null,
    ""rustc_version"": null,
    ""ci"": null
  }
}",TLSv1.3,TLS_AES_128_GCM_SHA256,"{
  ""http"": null
}"
2026-08-31 17:57:56.000000 UTC,US,/packages/3e/ee/8f74ccecbafd14e257c634f0f2cdebbc35634d9d74f04bb7ad8a0e142bf8/duckdb-1.1.3-cp310-cp310-manylinux_2_17_x86_64.manylinux2014_x86_64.whl,duckdb,"{
  ""file"": {
    ""filename"": ""duckdb-1.1.3-cp310-cp310-manylinux_2_17_x86_64.manylinux2014_x86_64.whl"",
    ""project"": ""duckdb"",
    ""version"": ""1.1.3"",
    ""type"": ""bdist_wheel""
  }
}","{
  ""details"": {
    ""installer"": {
      ""name"": ""poetry"",
      ""version"": ""1.8.2"",
      ""subcommand"": null
    },
    ""python"": null,
    ""implementation"": {
      ""name"": ""CPython"",
      ""version"": ""3.11.15""
    },
    ""distro"": null,
    ""system"": {
      ""name"": ""Linux"",
      ""release"": ""7.0.0-1009-aws""
    },
    ""cpu"": null,
    ""openssl_version"": null,
    ""setuptools_version"": null,
    ""rustc_version"": null,
    ""ci"": null
  }
}",TLSv1.3,TLS_AES_128_GCM_SHA256,"{
  ""http"": null
}"
2026-08-31 18:09:06.000000 UTC,US,/packages/3e/ee/8f74ccecbafd14e257c634f0f2cdebbc35634d9d74f04bb7ad8a0e142bf8/duckdb-1.1.3-cp310-cp310-manylinux_2_17_x86_64.manylinux2014_x86_64.whl,duckdb,"{
  ""file"": {
    ""filename"": ""duckdb-1.1.3-cp310-cp310-manylinux_2_17_x86_64.manylinux2014_x86_64.whl"",
    ""project"": ""duckdb"",
    ""version"": ""1.1.3"",
    ""type"": ""bdist_wheel""
  }
}","{
  ""details"": {
    ""installer"": {
      ""name"": ""poetry"",
      ""version"": ""1.8.2"",
      ""subcommand"": null
    },
    ""python"": null,
    ""implementation"": {
      ""name"": ""CPython"",
      ""version"": ""3.11.15""
    },
    ""distro"": null,
    ""system"": {
      ""name"": ""Linux"",
      ""release"": ""7.0.0-1009-aws""
    },
    ""cpu"": null,
    ""openssl_version"": null,
    ""setuptools_version"": null,
    ""rustc_version"": null,
    ""ci"": null
  }
}",TLSv1.3,TLS_AES_128_GCM_SHA256,"{
  ""http"": null
}"
2026-08-31 17:59:37.000000 UTC,US,/packages/3e/ee/8f74ccecbafd14e257c634f0f2cdebbc35634d9d74f04bb7ad8a0e142bf8/duckdb-1.1.3-cp310-cp310-manylinux_2_17_x86_64.manylinux2014_x86_64.whl,duckdb,"{
  ""file"": {
    ""filename"": ""duckdb-1.1.3-cp310-cp310-manylinux_2_17_x86_64.manylinux2014_x86_64.whl"",
    ""project"": ""duckdb"",
    ""version"": ""1.1.3"",
    ""type"": ""bdist_wheel""
  }
}","{
  ""details"": {
    ""installer"": {
      ""name"": ""poetry"",
      ""version"": ""1.8.2"",
      ""subcommand"": null
    },
    ""python"": null,
    ""implementation"": {
      ""name"": ""CPython"",
      ""version"": ""3.11.15""
    },
    ""distro"": null,
    ""system"": {
      ""name"": ""Linux"",
      ""release"": ""7.0.0-1009-aws""
    },
    ""cpu"": null,
    ""openssl_version"": null,
    ""setuptools_version"": null,
    ""rustc_version"": null,
    ""ci"": null
  }
}",TLSv1.3,TLS_AES_128_GCM_SHA256,"{
  ""http"": null
}"
2026-08-31 17:58:49.000000 UTC,US,/packages/3e/ee/8f74ccecbafd14e257c634f0f2cdebbc35634d9d74f04bb7ad8a0e142bf8/duckdb-1.1.3-cp310-cp310-manylinux_2_17_x86_64.manylinux2014_x86_64.whl,duckdb,"{
  ""file"": {
    ""filename"": ""duckdb-1.1.3-cp310-cp310-manylinux_2_17_x86_64.manylinux2014_x86_64.whl"",
    ""project"": ""duckdb"",
    ""version"": ""1.1.3"",
    ""type"": ""bdist_wheel""
  }
}","{
  ""details"": {
    ""installer"": {
      ""name"": ""poetry"",
      ""version"": ""1.8.2"",
      ""subcommand"": null
    },
    ""python"": null,
    ""implementation"": {
      ""name"": ""CPython"",
      ""version"": ""3.11.15""
    },
    ""distro"": null,
    ""system"": {
      ""name"": ""Linux"",
      ""release"": ""7.0.0-1009-aws""
    },
    ""cpu"": null,
    ""openssl_version"": null,
    ""setuptools_version"": null,
    ""rustc_version"": null,
    ""ci"": null
  }
}",TLSv1.3,TLS_AES_128_GCM_SHA256,"{
  ""http"": null
}"
2026-08-31 18:08:29.000000 UTC,US,/packages/3e/ee/8f74ccecbafd14e257c634f0f2cdebbc35634d9d74f04bb7ad8a0e142bf8/duckdb-1.1.3-cp310-cp310-manylinux_2_17_x86_64.manylinux2014_x86_64.whl,duckdb,"{
  ""file"": {
    ""filename"": ""duckdb-1.1.3-cp310-cp310-manylinux_2_17_x86_64.manylinux2014_x86_64.whl"",
    ""project"": ""duckdb"",
    ""version"": ""1.1.3"",
    ""type"": ""bdist_wheel""
  }
}","{
  ""details"": {
    ""installer"": {
      ""name"": ""poetry"",
      ""version"": ""1.8.2"",
      ""subcommand"": null
    },
    ""python"": null,
    ""implementation"": {
      ""name"": ""CPython"",
      ""version"": ""3.11.15""
    },
    ""distro"": null,
    ""system"": {
      ""name"": ""Linux"",
      ""release"": ""7.0.0-1009-aws""
    },
    ""cpu"": null,
    ""openssl_version"": null,
    ""setuptools_version"": null,
    ""rustc_version"": null,
    ""ci"": null
  }
}",TLSv1.3,TLS_AES_128_GCM_SHA256,"{
  ""http"": null
}"
2026-08-31 18:08:22.000000 UTC,US,/packages/3e/ee/8f74ccecbafd14e257c634f0f2cdebbc35634d9d74f04bb7ad8a0e142bf8/duckdb-1.1.3-cp310-cp310-manylinux_2_17_x86_64.manylinux2014_x86_64.whl,duckdb,"{
  ""file"": {
    ""filename"": ""duckdb-1.1.3-cp310-cp310-manylinux_2_17_x86_64.manylinux2014_x86_64.whl"",
    ""project"": ""duckdb"",
    ""version"": ""1.1.3"",
    ""type"": ""bdist_wheel""
  }
}","{
  ""details"": {
    ""installer"": {
      ""name"": ""poetry"",
      ""version"": ""1.8.2"",
      ""subcommand"": null
    },
    ""python"": null,
    ""implementation"": {
      ""name"": ""CPython"",
      ""version"": ""3.11.15""
    },
    ""distro"": null,
    ""system"": {
      ""name"": ""Linux"",
      ""release"": ""7.0.0-1009-aws""
    },
    ""cpu"": null,
    ""openssl_version"": null,
    ""setuptools_version"": null,
    ""rustc_version"": null,
    ""ci"": null
  }
}",TLSv1.3,TLS_AES_128_GCM_SHA256,"{
  ""http"": null
}"
2026-08-31 18:08:58.000000 UTC,US,/packages/3e/ee/8f74ccecbafd14e257c634f0f2cdebbc35634d9d74f04bb7ad8a0e142bf8/duckdb-1.1.3-cp310-cp310-manylinux_2_17_x86_64.manylinux2014_x86_64.whl,duckdb,"{
  ""file"": {
    ""filename"": ""duckdb-1.1.3-cp310-cp310-manylinux_2_17_x86_64.manylinux2014_x86_64.whl"",
    ""project"": ""duckdb"",
    ""version"": ""1.1.3"",
    ""type"": ""bdist_wheel""
  }
}","{
  ""details"": {
    ""installer"": {
      ""name"": ""poetry"",
      ""version"": ""1.8.2"",
      ""subcommand"": null
    },
    ""python"": null,
    ""implementation"": {
      ""name"": ""CPython"",
      ""version"": ""3.11.15""
    },
    ""distro"": null,
    ""system"": {
      ""name"": ""Linux"",
      ""release"": ""7.0.0-1009-aws""
    },
    ""cpu"": null,
    ""openssl_version"": null,
    ""setuptools_version"": null,
    ""rustc_version"": null,
    ""ci"": null
  }
}",TLSv1.3,TLS_AES_128_GCM_SHA256,"{
  ""http"": null
}"
2026-08-31 17:58:07.000000 UTC,US,/packages/3e/ee/8f74ccecbafd14e257c634f0f2cdebbc35634d9d74f04bb7ad8a0e142bf8/duckdb-1.1.3-cp310-cp310-manylinux_2_17_x86_64.manylinux2014_x86_64.whl,duckdb,"{
  ""file"": {
    ""filename"": ""duckdb-1.1.3-cp310-cp310-manylinux_2_17_x86_64.manylinux2014_x86_64.whl"",
    ""project"": ""duckdb"",
    ""version"": ""1.1.3"",
    ""type"": ""bdist_wheel""
  }
}","{
  ""details"": {
    ""installer"": {
      ""name"": ""poetry"",
      ""version"": ""1.8.2"",
      ""subcommand"": null
    },
    ""python"": null,
    ""implementation"": {
      ""name"": ""CPython"",
      ""version"": ""3.11.15""
    },
    ""distro"": null,
    ""system"": {
      ""name"": ""Linux"",
      ""release"": ""7.0.0-1009-aws""
    },
    ""cpu"": null,
    ""openssl_version"": null,
    ""setuptools_version"": null,
    ""rustc_version"": null,
    ""ci"": null
  }
}",TLSv1.3,TLS_AES_128_GCM_SHA256,"{
  ""http"": null
}"
2026-08-31 18:08:17.000000 UTC,US,/packages/3e/ee/8f74ccecbafd14e257c634f0f2cdebbc35634d9d74f04bb7ad8a0e142bf8/duckdb-1.1.3-cp310-cp310-manylinux_2_17_x86_64.manylinux2014_x86_64.whl,duckdb,"{
  ""file"": {
    ""filename"": ""duckdb-1.1.3-cp310-cp310-manylinux_2_17_x86_64.manylinux2014_x86_64.whl"",
    ""project"": ""duckdb"",
    ""version"": ""1.1.3"",
    ""type"": ""bdist_wheel""
  }
}","{
  ""details"": {
    ""installer"": {
      ""name"": ""poetry"",
      ""version"": ""1.8.2"",
      ""subcommand"": null
    },
    ""python"": null,
    ""implementation"": {
      ""name"": ""CPython"",
      ""version"": ""3.11.15""
    },
    ""distro"": null,
    ""system"": {
      ""name"": ""Linux"",
      ""release"": ""7.0.0-1009-aws""
    },
    ""cpu"": null,
    ""openssl_version"": null,
    ""setuptools_version"": null,
    ""rustc_version"": null,
    ""ci"": null
  }
}",TLSv1.3,TLS_AES_128_GCM_SHA256,"{
  ""http"": null
}"
2026-08-31 18:08:57.000000 UTC,US,/packages/3e/ee/8f74ccecbafd14e257c634f0f2cdebbc35634d9d74f04bb7ad8a0e142bf8/duckdb-1.1.3-cp310-cp310-manylinux_2_17_x86_64.manylinux2014_x86_64.whl,duckdb,"{
  ""file"": {
    ""filename"": ""duckdb-1.1.3-cp310-cp310-manylinux_2_17_x86_64.manylinux2014_x86_64.whl"",
    ""project"": ""duckdb"",
    ""version"": ""1.1.3"",
    ""type"": ""bdist_wheel""
  }
}","{
  ""details"": {
    ""installer"": {
      ""name"": ""poetry"",
      ""version"": ""1.8.2"",
      ""subcommand"": null
    },
    ""python"": null,
    ""implementation"": {
      ""name"": ""CPython"",
      ""version"": ""3.11.15""
    },
    ""distro"": null,
    ""system"": {
      ""name"": ""Linux"",
      ""release"": ""7.0.0-1009-aws""
    },
    ""cpu"": null,
    ""openssl_version"": null,
    ""setuptools_version"": null,
    ""rustc_version"": null,
    ""ci"": null
  }
}",TLSv1.3,TLS_AES_128_GCM_SHA256,"{
  ""http"": null
}"
2026-08-31 18:08:18.000000 UTC,US,/packages/3e/ee/8f74ccecbafd14e257c634f0f2cdebbc35634d9d74f04bb7ad8a0e142bf8/duckdb-1.1.3-cp310-cp310-manylinux_2_17_x86_64.manylinux2014_x86_64.whl,duckdb,"{
  ""file"": {
    ""filename"": ""duckdb-1.1.3-cp310-cp310-manylinux_2_17_x86_64.manylinux2014_x86_64.whl"",
    ""project"": ""duckdb"",
    ""version"": ""1.1.3"",
    ""type"": ""bdist_wheel""
  }
}","{
  ""details"": {
    ""installer"": {
      ""name"": ""poetry"",
      ""version"": ""1.8.2"",
      ""subcommand"": null
    },
    ""python"": null,
    ""implementation"": {
      ""name"": ""CPython"",
      ""version"": ""3.11.15""
    },
    ""distro"": null,
    ""system"": {
      ""name"": ""Linux"",
      ""release"": ""7.0.0-1009-aws""
    },
    ""cpu"": null,
    ""openssl_version"": null,
    ""setuptools_version"": null,
    ""rustc_version"": null,
    ""ci"": null
  }
}",TLSv1.3,TLS_AES_128_GCM_SHA256,"{
  ""http"": null
}"
2026-08-31 18:08:27.000000 UTC,US,/packages/3e/ee/8f74ccecbafd14e257c634f0f2cdebbc35634d9d74f04bb7ad8a0e142bf8/duckdb-1.1.3-cp310-cp310-manylinux_2_17_x86_64.manylinux2014_x86_64.whl,duckdb,"{
  ""file"": {
    ""filename"": ""duckdb-1.1.3-cp310-cp310-manylinux_2_17_x86_64.manylinux2014_x86_64.whl"",
    ""project"": ""duckdb"",
    ""version"": ""1.1.3"",
    ""type"": ""bdist_wheel""
  }
}","{
  ""details"": {
    ""installer"": {
      ""name"": ""poetry"",
      ""version"": ""1.8.2"",
      ""subcommand"": null
    },
    ""python"": null,
    ""implementation"": {
      ""name"": ""CPython"",
      ""version"": ""3.11.15""
    },
    ""distro"": null,
    ""system"": {
      ""name"": ""Linux"",
      ""release"": ""7.0.0-1009-aws""
    },
    ""cpu"": null,
    ""openssl_version"": null,
    ""setuptools_version"": null,
    ""rustc_version"": null,
    ""ci"": null
  }
}",TLSv1.3,TLS_AES_128_GCM_SHA256,"{
  ""http"": null
}"
2026-08-31 17:58:44.000000 UTC,US,/packages/3e/ee/8f74ccecbafd14e257c634f0f2cdebbc35634d9d74f04bb7ad8a0e142bf8/duckdb-1.1.3-cp310-cp310-manylinux_2_17_x86_64.manylinux2014_x86_64.whl,duckdb,"{
  ""file"": {
    ""filename"": ""duckdb-1.1.3-cp310-cp310-manylinux_2_17_x86_64.manylinux2014_x86_64.whl"",
    ""project"": ""duckdb"",
    ""version"": ""1.1.3"",
    ""type"": ""bdist_wheel""
  }
}","{
  ""details"": {
    ""installer"": {
      ""name"": ""poetry"",
      ""version"": ""1.8.2"",
      ""subcommand"": null
    },
    ""python"": null,
    ""implementation"": {
      ""name"": ""CPython"",
      ""version"": ""3.11.15""
    },
    ""distro"": null,
    ""system"": {
      ""name"": ""Linux"",
      ""release"": ""7.0.0-1009-aws""
    },
    ""cpu"": null,
    ""openssl_version"": null,
    ""setuptools_version"": null,
    ""rustc_version"": null,
    ""ci"": null
  }
}",TLSv1.3,TLS_AES_128_GCM_SHA256,"{
  ""http"": null
}"
2026-08-31 18:09:17.000000 UTC,US,/packages/3e/ee/8f74ccecbafd14e257c634f0f2cdebbc35634d9d74f04bb7ad8a0e142bf8/duckdb-1.1.3-cp310-cp310-manylinux_2_17_x86_64.manylinux2014_x86_64.whl,duckdb,"{
  ""file"": {
    ""filename"": ""duckdb-1.1.3-cp310-cp310-manylinux_2_17_x86_64.manylinux2014_x86_64.whl"",
    ""project"": ""duckdb"",
    ""version"": ""1.1.3"",
    ""type"": ""bdist_wheel""
  }
}","{
  ""details"": {
    ""installer"": {
      ""name"": ""poetry"",
      ""version"": ""1.8.2"",
      ""subcommand"": null
    },
    ""python"": null,
    ""implementation"": {
      ""name"": ""CPython"",
      ""version"": ""3.11.15""
    },
    ""distro"": null,
    ""system"": {
      ""name"": ""Linux"",
      ""release"": ""7.0.0-1009-aws""
    },
    ""cpu"": null,
    ""openssl_version"": null,
    ""setuptools_version"": null,
    ""rustc_version"": null,
    ""ci"": null
  }
}",TLSv1.3,TLS_AES_128_GCM_SHA256,"{
  ""http"": null
}"
2026-08-31 17:58:52.000000 UTC,US,/packages/3e/ee/8f74ccecbafd14e257c634f0f2cdebbc35634d9d74f04bb7ad8a0e142bf8/duckdb-1.1.3-cp310-cp310-manylinux_2_17_x86_64.manylinux2014_x86_64.whl,duckdb,"{
  ""file"": {
    ""filename"": ""duckdb-1.1.3-cp310-cp310-manylinux_2_17_x86_64.manylinux2014_x86_64.whl"",
    ""project"": ""duckdb"",
    ""version"": ""1.1.3"",
    ""type"": ""bdist_wheel""
  }
}","{
  ""details"": {
    ""installer"": {
      ""name"": ""poetry"",
      ""version"": ""1.8.2"",
      ""subcommand"": null
    },
    ""python"": null,
    ""implementation"": {
      ""name"": ""CPython"",
      ""version"": ""3.11.15""
    },
    ""distro"": null,
    ""system"": {
      ""name"": ""Linux"",
      ""release"": ""7.0.0-1009-aws""
    },
    ""cpu"": null,
    ""openssl_version"": null,
    ""setuptools_version"": null,
    ""rustc_version"": null,
    ""ci"": null
  }
}",TLSv1.3,TLS_AES_128_GCM_SHA256,"{
  ""http"": null
}"
2026-08-31 18:08:24.000000 UTC,US,/packages/3e/ee/8f74ccecbafd14e257c634f0f2cdebbc35634d9d74f04bb7ad8a0e142bf8/duckdb-1.1.3-cp310-cp310-manylinux_2_17_x86_64.manylinux2014_x86_64.whl,duckdb,"{
  ""file"": {
    ""filename"": ""duckdb-1.1.3-cp310-cp310-manylinux_2_17_x86_64.manylinux2014_x86_64.whl"",
    ""project"": ""duckdb"",
    ""version"": ""1.1.3"",
    ""type"": ""bdist_wheel""
  }
}","{
  ""details"": {
    ""installer"": {
      ""name"": ""poetry"",
      ""version"": ""1.8.2"",
      ""subcommand"": null
    },
    ""python"": null,
    ""implementation"": {
      ""name"": ""CPython"",
      ""version"": ""3.11.15""
    },
    ""distro"": null,
    ""system"": {
      ""name"": ""Linux"",
      ""release"": ""7.0.0-1009-aws""
    },
    ""cpu"": null,
    ""openssl_version"": null,
    ""setuptools_version"": null,
    ""rustc_version"": null,
    ""ci"": null
  }
}",TLSv1.3,TLS_AES_128_GCM_SHA256,"{
  ""http"": null
}"
2026-08-31 18:09:01.000000 UTC,US,/packages/3e/ee/8f74ccecbafd14e257c634f0f2cdebbc35634d9d74f04bb7ad8a0e142bf8/duckdb-1.1.3-cp310-cp310-manylinux_2_17_x86_64.manylinux2014_x86_64.whl,duckdb,"{
  ""file"": {
    ""filename"": ""duckdb-1.1.3-cp310-cp310-manylinux_2_17_x86_64.manylinux2014_x86_64.whl"",
    ""project"": ""duckdb"",
    ""version"": ""1.1.3"",
    ""type"": ""bdist_wheel""
  }
}","{
  ""details"": {
    ""installer"": {
      ""name"": ""poetry"",
      ""version"": ""1.8.2"",
      ""subcommand"": null
    },
    ""python"": null,
    ""implementation"": {
      ""name"": ""CPython"",
      ""version"": ""3.11.15""
    },
    ""distro"": null,
    ""system"": {
      ""name"": ""Linux"",
      ""release"": ""7.0.0-1009-aws""
    },
    ""cpu"": null,
    ""openssl_version"": null,
    ""setuptools_version"": null,
    ""rustc_version"": null,
    ""ci"": null
  }
}",TLSv1.3,TLS_AES_128_GCM_SHA256,"{
  ""http"": null
}"
2026-08-31 18:03:51.000000 UTC,US,/packages/3e/ee/8f74ccecbafd14e257c634f0f2cdebbc35634d9d74f04bb7ad8a0e142bf8/duckdb-1.1.3-cp310-cp310-manylinux_2_17_x86_64.manylinux2014_x86_64.whl,duckdb,"{
  ""file"": {
    ""filename"": ""duckdb-1.1.3-cp310-cp310-manylinux_2_17_x86_64.manylinux2014_x86_64.whl"",
    ""project"": ""duckdb"",
    ""version"": ""1.1.3"",
    ""type"": ""bdist_wheel""
  }
}","{
  ""details"": {
    ""installer"": {
      ""name"": ""poetry"",
      ""version"": ""1.8.2"",
      ""subcommand"": null
    },
    ""python"": null,
    ""implementation"": {
      ""name"": ""CPython"",
      ""version"": ""3.9.21""
    },
    ""distro"": null,
    ""system"": {
      ""name"": ""Linux"",
      ""release"": ""6.12.94+""
    },
    ""cpu"": null,
    ""openssl_version"": null,
    ""setuptools_version"": null,
    ""rustc_version"": null,
    ""ci"": null
  }
}",TLSv1.3,TLS_AES_128_GCM_SHA256,"{
  ""http"": null
}"
2026-08-31 18:09:24.000000 UTC,US,/packages/3e/ee/8f74ccecbafd14e257c634f0f2cdebbc35634d9d74f04bb7ad8a0e142bf8/duckdb-1.1.3-cp310-cp310-manylinux_2_17_x86_64.manylinux2014_x86_64.whl,duckdb,"{
  ""file"": {
    ""filename"": ""duckdb-1.1.3-cp310-cp310-manylinux_2_17_x86_64.manylinux2014_x86_64.whl"",
    ""project"": ""duckdb"",
    ""version"": ""1.1.3"",
    ""type"": ""bdist_wheel""
  }
}","{
  ""details"": {
    ""installer"": {
      ""name"": ""poetry"",
      ""version"": ""1.8.2"",
      ""subcommand"": null
    },
    ""python"": null,
    ""implementation"": {
      ""name"": ""CPython"",
      ""version"": ""3.11.15""
    },
    ""distro"": null,
    ""system"": {
      ""name"": ""Linux"",
      ""release"": ""7.0.0-1009-aws""
    },
    ""cpu"": null,
    ""openssl_version"": null,
    ""setuptools_version"": null,
    ""rustc_version"": null,
    ""ci"": null
  }
}",TLSv1.3,TLS_AES_128_GCM_SHA256,"{
  ""http"": null
}"
2026-08-31 18:08:23.000000 UTC,US,/packages/3e/ee/8f74ccecbafd14e257c634f0f2cdebbc35634d9d74f04bb7ad8a0e142bf8/duckdb-1.1.3-cp310-cp310-manylinux_2_17_x86_64.manylinux2014_x86_64.whl,duckdb,"{
  ""file"": {
    ""filename"": ""duckdb-1.1.3-cp310-cp310-manylinux_2_17_x86_64.manylinux2014_x86_64.whl"",
    ""project"": ""duckdb"",
    ""version"": ""1.1.3"",
    ""type"": ""bdist_wheel""
  }
}","{
  ""details"": {
    ""installer"": {
      ""name"": ""poetry"",
      ""version"": ""1.8.2"",
      ""subcommand"": null
    },
    ""python"": null,
    ""implementation"": {
      ""name"": ""CPython"",
      ""version"": ""3.11.15""
    },
    ""distro"": null,
    ""system"": {
      ""name"": ""Linux"",
      ""release"": ""7.0.0-1009-aws""
    },
    ""cpu"": null,
    ""openssl_version"": null,
    ""setuptools_version"": null,
    ""rustc_version"": null,
    ""ci"": null
  }
}",TLSv1.3,TLS_AES_128_GCM_SHA256,"{
  ""http"": null
}"
2026-08-31 18:08:26.000000 UTC,US,/packages/3e/ee/8f74ccecbafd14e257c634f0f2cdebbc35634d9d74f04bb7ad8a0e142bf8/duckdb-1.1.3-cp310-cp310-manylinux_2_17_x86_64.manylinux2014_x86_64.whl,duckdb,"{
  ""file"": {
    ""filename"": ""duckdb-1.1.3-cp310-cp310-manylinux_2_17_x86_64.manylinux2014_x86_64.whl"",
    ""project"": ""duckdb"",
    ""version"": ""1.1.3"",
    ""type"": ""bdist_wheel""
  }
}","{
  ""details"": {
    ""installer"": {
      ""name"": ""poetry"",
      ""version"": ""1.8.2"",
      ""subcommand"": null
    },
    ""python"": null,
    ""implementation"": {
      ""name"": ""CPython"",
      ""version"": ""3.11.15""
    },
    ""distro"": null,
    ""system"": {
      ""name"": ""Linux"",
      ""release"": ""7.0.0-1009-aws""
    },
    ""cpu"": null,
    ""openssl_version"": null,
    ""setuptools_version"": null,
    ""rustc_version"": null,
    ""ci"": null
  }
}",TLSv1.3,TLS_AES_128_GCM_SHA256,"{
  ""http"": null
}"
2026-08-31 18:08:17.000000 UTC,US,/packages/3e/ee/8f74ccecbafd14e257c634f0f2cdebbc35634d9d74f04bb7ad8a0e142bf8/duckdb-1.1.3-cp310-cp310-manylinux_2_17_x86_64.manylinux2014_x86_64.whl,duckdb,"{
  ""file"": {
    ""filename"": ""duckdb-1.1.3-cp310-cp310-manylinux_2_17_x86_64.manylinux2014_x86_64.whl"",
    ""project"": ""duckdb"",
    ""version"": ""1.1.3"",
    ""type"": ""bdist_wheel""
  }
}","{
  ""details"": {
    ""installer"": {
      ""name"": ""poetry"",
      ""version"": ""1.8.2"",
      ""subcommand"": null
    },
    ""python"": null,
    ""implementation"": {
      ""name"": ""CPython"",
      ""version"": ""3.11.15""
    },
    ""distro"": null,
    ""system"": {
      ""name"": ""Linux"",
      ""release"": ""7.0.0-1009-aws""
    },
    ""cpu"": null,
    ""openssl_version"": null,
    ""setuptools_version"": null,
    ""rustc_version"": null,
    ""ci"": null
  }
}",TLSv1.3,TLS_AES_128_GCM_SHA256,"{
  ""http"": null
}"
2026-08-31 18:09:01.000000 UTC,US,/packages/3e/ee/8f74ccecbafd14e257c634f0f2cdebbc35634d9d74f04bb7ad8a0e142bf8/duckdb-1.1.3-cp310-cp310-manylinux_2_17_x86_64.manylinux2014_x86_64.whl,duckdb,"{
  ""file"": {
    ""filename"": ""duckdb-1.1.3-cp310-cp310-manylinux_2_17_x86_64.manylinux2014_x86_64.whl"",
    ""project"": ""duckdb"",
    ""version"": ""1.1.3"",
    ""type"": ""bdist_wheel""
  }
}","{
  ""details"": {
    ""installer"": {
      ""name"": ""poetry"",
      ""version"": ""1.8.2"",
      ""subcommand"": null
    },
    ""python"": null,
    ""implementation"": {
      ""name"": ""CPython"",
      ""version"": ""3.11.15""
    },
    ""distro"": null,
    ""system"": {
      ""name"": ""Linux"",
      ""release"": ""7.0.0-1009-aws""
    },
    ""cpu"": null,
    ""openssl_version"": null,
    ""setuptools_version"": null,
    ""rustc_version"": null,
    ""ci"": null
  }
}",TLSv1.3,TLS_AES_128_GCM_SHA256,"{
  ""http"": null
}"
2026-08-31 17:59:27.000000 UTC,US,/packages/3e/ee/8f74ccecbafd14e257c634f0f2cdebbc35634d9d74f04bb7ad8a0e142bf8/duckdb-1.1.3-cp310-cp310-manylinux_2_17_x86_64.manylinux2014_x86_64.whl,duckdb,"{
  ""file"": {
    ""filename"": ""duckdb-1.1.3-cp310-cp310-manylinux_2_17_x86_64.manylinux2014_x86_64.whl"",
    ""project"": ""duckdb"",
    ""version"": ""1.1.3"",
    ""type"": ""bdist_wheel""
  }
}","{
  ""details"": {
    ""installer"": {
      ""name"": ""poetry"",
      ""version"": ""1.8.2"",
      ""subcommand"": null
    },
    ""python"": null,
    ""implementation"": {
      ""name"": ""CPython"",
      ""version"": ""3.11.15""
    },
    ""distro"": null,
    ""system"": {
      ""name"": ""Linux"",
      ""release"": ""7.0.0-1009-aws""
    },
    ""cpu"": null,
    ""openssl_version"": null,
    ""setuptools_version"": null,
    ""rustc_version"": null,
    ""ci"": null
  }
}",TLSv1.3,TLS_AES_128_GCM_SHA256,"{
  ""http"": null
}"
2026-08-31 17:59:02.000000 UTC,US,/packages/3e/ee/8f74ccecbafd14e257c634f0f2cdebbc35634d9d74f04bb7ad8a0e142bf8/duckdb-1.1.3-cp310-cp310-manylinux_2_17_x86_64.manylinux2014_x86_64.whl,duckdb,"{
  ""file"": {
    ""filename"": ""duckdb-1.1.3-cp310-cp310-manylinux_2_17_x86_64.manylinux2014_x86_64.whl"",
    ""project"": ""duckdb"",
    ""version"": ""1.1.3"",
    ""type"": ""bdist_wheel""
  }
}","{
  ""details"": {
    ""installer"": {
      ""name"": ""poetry"",
      ""version"": ""1.8.2"",
      ""subcommand"": null
    },
    ""python"": null,
    ""implementation"": {
      ""name"": ""CPython"",
      ""version"": ""3.11.15""
    },
    ""distro"": null,
    ""system"": {
      ""name"": ""Linux"",
      ""release"": ""7.0.0-1009-aws""
    },
    ""cpu"": null,
    ""openssl_version"": null,
    ""setuptools_version"": null,
    ""rustc_version"": null,
    ""ci"": null
  }
}",TLSv1.3,TLS_AES_128_GCM_SHA256,"{
  ""http"": null
}"
2026-08-31 18:04:56.000000 UTC,US,/packages/57/d0/96127582230183dc36f1209d5e8e67f54b3459b3b9794603305d816f350a/duckdb-1.1.3-cp311-cp311-macosx_12_0_arm64.whl,duckdb,"{
  ""file"": {
    ""filename"": ""duckdb-1.1.3-cp311-cp311-macosx_12_0_arm64.whl"",
    ""project"": ""duckdb"",
    ""version"": ""1.1.3"",
    ""type"": ""bdist_wheel""
  }
}","{
  ""details"": {
    ""installer"": {
      ""name"": ""Bazel"",
      ""version"": ""9.2.0- (@non-git)"",
      ""subcommand"": null
    },
    ""python"": null,
    ""implementation"": null,
    ""distro"": null,
    ""system"": null,
    ""cpu"": null,
    ""openssl_version"": null,
    ""setuptools_version"": null,
    ""rustc_version"": null,
    ""ci"": null
  }
}",TLSv1.3,TLS_AES_128_GCM_SHA256,"{
  ""http"": null
}"
2026-08-31 18:04:55.000000 UTC,US,/packages/57/d0/96127582230183dc36f1209d5e8e67f54b3459b3b9794603305d816f350a/duckdb-1.1.3-cp311-cp311-macosx_12_0_arm64.whl,duckdb,"{
  ""file"": {
    ""filename"": ""duckdb-1.1.3-cp311-cp311-macosx_12_0_arm64.whl"",
    ""project"": ""duckdb"",
    ""version"": ""1.1.3"",
    ""type"": ""bdist_wheel""
  }
}","{
  ""details"": {
    ""installer"": {
      ""name"": ""Bazel"",
      ""version"": ""9.2.0- (@non-git)"",
      ""subcommand"": null
    },
    ""python"": null,
    ""implementation"": null,
    ""distro"": null,
    ""system"": null,
    ""cpu"": null,
    ""openssl_version"": null,
    ""setuptools_version"": null,
    ""rustc_version"": null,
    ""ci"": null
  }
}",TLSv1.3,TLS_AES_128_GCM_SHA256,"{
  ""http"": null
}"
2026-08-31 18:09:59.000000 UTC,US,/packages/57/d0/96127582230183dc36f1209d5e8e67f54b3459b3b9794603305d816f350a/duckdb-1.1.3-cp311-cp311-macosx_12_0_arm64.whl,duckdb,"{
  ""file"": {
    ""filename"": ""duckdb-1.1.3-cp311-cp311-macosx_12_0_arm64.whl"",
    ""project"": ""duckdb"",
    ""version"": ""1.1.3"",
    ""type"": ""bdist_wheel""
  }
}","{
  ""details"": {
    ""installer"": {
      ""name"": ""Bazel"",
      ""version"": ""9.2.0- (@non-git)"",
      ""subcommand"": null
    },
    ""python"": null,
    ""implementation"": null,
    ""distro"": null,
    ""system"": null,
    ""cpu"": null,
    ""openssl_version"": null,
    ""setuptools_version"": null,
    ""rustc_version"": null,
    ""ci"": null
  }
}",TLSv1.3,TLS_AES_128_GCM_SHA256,"{
  ""http"": null
}"
2026-08-31 18:04:51.000000 UTC,US,/packages/57/d0/96127582230183dc36f1209d5e8e67f54b3459b3b9794603305d816f350a/duckdb-1.1.3-cp311-cp311-macosx_12_0_arm64.whl,duckdb,"{
  ""file"": {
    ""filename"": ""duckdb-1.1.3-cp311-cp311-macosx_12_0_arm64.whl"",
    ""project"": ""duckdb"",
    ""version"": ""1.1.3"",
    ""type"": ""bdist_wheel""
  }
}","{
  ""details"": {
    ""installer"": {
      ""name"": ""Bazel"",
      ""version"": ""9.2.0- (@non-git)"",
      ""subcommand"": null
    },
    ""python"": null,
    ""implementation"": null,
    ""distro"": null,
    ""system"": null,
    ""cpu"": null,
    ""openssl_version"": null,
    ""setuptools_version"": null,
    ""rustc_version"": null,
    ""ci"": null
  }
}",TLSv1.3,TLS_AES_128_GCM_SHA256,"{
  ""http"": null
}"
2026-08-31 18:05:00.000000 UTC,US,/packages/57/d0/96127582230183dc36f1209d5e8e67f54b3459b3b9794603305d816f350a/duckdb-1.1.3-cp311-cp311-macosx_12_0_arm64.whl,duckdb,"{
  ""file"": {
    ""filename"": ""duckdb-1.1.3-cp311-cp311-macosx_12_0_arm64.whl"",
    ""project"": ""duckdb"",
    ""version"": ""1.1.3"",
    ""type"": ""bdist_wheel""
  }
}","{
  ""details"": {
    ""installer"": {
      ""name"": ""Bazel"",
      ""version"": ""9.2.0- (@non-git)"",
      ""subcommand"": null
    },
    ""python"": null,
    ""implementation"": null,
    ""distro"": null,
    ""system"": null,
    ""cpu"": null,
    ""openssl_version"": null,
    ""setuptools_version"": null,
    ""rustc_version"": null,
    ""ci"": null
  }
}",TLSv1.3,TLS_AES_128_GCM_SHA256,"{
  ""http"": null
}"
2026-08-31 18:01:39.000000 UTC,US,/packages/57/d0/96127582230183dc36f1209d5e8e67f54b3459b3b9794603305d816f350a/duckdb-1.1.3-cp311-cp311-macosx_12_0_arm64.whl,duckdb,"{
  ""file"": {
    ""filename"": ""duckdb-1.1.3-cp311-cp311-macosx_12_0_arm64.whl"",
    ""project"": ""duckdb"",
    ""version"": ""1.1.3"",
    ""type"": ""bdist_wheel""
  }
}","{
  ""details"": {
    ""installer"": {
      ""name"": ""Bazel"",
      ""version"": ""9.2.0- (@non-git)"",
      ""subcommand"": null
    },
    ""python"": null,
    ""implementation"": null,
    ""distro"": null,
    ""system"": null,
    ""cpu"": null,
    ""openssl_version"": null,
    ""setuptools_version"": null,
    ""rustc_version"": null,
    ""ci"": null
  }
}",TLSv1.3,TLS_AES_128_GCM_SHA256,"{
  ""http"": null
}"
2026-08-31 18:08:19.000000 UTC,US,/packages/57/d0/96127582230183dc36f1209d5e8e67f54b3459b3b9794603305d816f350a/duckdb-1.1.3-cp311-cp311-macosx_12_0_arm64.whl,duckdb,"{
  ""file"": {
    ""filename"": ""duckdb-1.1.3-cp311-cp311-macosx_12_0_arm64.whl"",
    ""project"": ""duckdb"",
    ""version"": ""1.1.3"",
    ""type"": ""bdist_wheel""
  }
}","{
  ""details"": {
    ""installer"": {
      ""name"": ""Bazel"",
      ""version"": ""9.2.0- (@non-git)"",
      ""subcommand"": null
    },
    ""python"": null,
    ""implementation"": null,
    ""distro"": null,
    ""system"": null,
    ""cpu"": null,
    ""openssl_version"": null,
    ""setuptools_version"": null,
    ""rustc_version"": null,
    ""ci"": null
  }
}",TLSv1.3,TLS_AES_128_GCM_SHA256,"{
  ""http"": null
}"
2026-08-31 18:06:43.000000 UTC,US,/packages/57/d0/96127582230183dc36f1209d5e8e67f54b3459b3b9794603305d816f350a/duckdb-1.1.3-cp311-cp311-macosx_12_0_arm64.whl,duckdb,"{
  ""file"": {
    ""filename"": ""duckdb-1.1.3-cp311-cp311-macosx_12_0_arm64.whl"",
    ""project"": ""duckdb"",
    ""version"": ""1.1.3"",
    ""type"": ""bdist_wheel""
  }
}","{
  ""details"": {
    ""installer"": {
      ""name"": ""Bazel"",
      ""version"": ""9.2.0- (@non-git)"",
      ""subcommand"": null
    },
    ""python"": null,
    ""implementation"": null,
    ""distro"": null,
    ""system"": null,
    ""cpu"": null,
    ""openssl_version"": null,
    ""setuptools_version"": null,
    ""rustc_version"": null,
    ""ci"": null
  }
}",TLSv1.3,TLS_AES_128_GCM_SHA256,"{
  ""http"": null
}"
2026-08-31 18:05:05.000000 UTC,US,/packages/57/d0/96127582230183dc36f1209d5e8e67f54b3459b3b9794603305d816f350a/duckdb-1.1.3-cp311-cp311-macosx_12_0_arm64.whl,duckdb,"{
  ""file"": {
    ""filename"": ""duckdb-1.1.3-cp311-cp311-macosx_12_0_arm64.whl"",
    ""project"": ""duckdb"",
    ""version"": ""1.1.3"",
    ""type"": ""bdist_wheel""
  }
}","{
  ""details"": {
    ""installer"": {
      ""name"": ""Bazel"",
      ""version"": ""9.2.0- (@non-git)"",
      ""subcommand"": null
    },
    ""python"": null,
    ""implementation"": null,
    ""distro"": null,
    ""system"": null,
    ""cpu"": null,
    ""openssl_version"": null,
    ""setuptools_version"": null,
    ""rustc_version"": null,
    ""ci"": null
  }
}",TLSv1.3,TLS_AES_128_GCM_SHA256,"{
  ""http"": null
}"
2026-08-31 18:08:41.000000 UTC,US,/packages/57/d0/96127582230183dc36f1209d5e8e67f54b3459b3b9794603305d816f350a/duckdb-1.1.3-cp311-cp311-macosx_12_0_arm64.whl,duckdb,"{
  ""file"": {
    ""filename"": ""duckdb-1.1.3-cp311-cp311-macosx_12_0_arm64.whl"",
    ""project"": ""duckdb"",
    ""version"": ""1.1.3"",
    ""type"": ""bdist_wheel""
  }
}","{
  ""details"": {
    ""installer"": {
      ""name"": ""Bazel"",
      ""version"": ""9.2.0- (@non-git)"",
      ""subcommand"": null
    },
    ""python"": null,
    ""implementation"": null,
    ""distro"": null,
    ""system"": null,
    ""cpu"": null,
    ""openssl_version"": null,
    ""setuptools_version"": null,
    ""rustc_version"": null,
    ""ci"": null
  }
}",TLSv1.3,TLS_AES_128_GCM_SHA256,"{
  ""http"": null
}"
2026-08-31 18:06:34.000000 UTC,US,/packages/57/d0/96127582230183dc36f1209d5e8e67f54b3459b3b9794603305d816f350a/duckdb-1.1.3-cp311-cp311-macosx_12_0_arm64.whl,duckdb,"{
  ""file"": {
    ""filename"": ""duckdb-1.1.3-cp311-cp311-macosx_12_0_arm64.whl"",
    ""project"": ""duckdb"",
    ""version"": ""1.1.3"",
    ""type"": ""bdist_wheel""
  }
}","{
  ""details"": {
    ""installer"": {
      ""name"": ""Bazel"",
      ""version"": ""9.2.0- (@non-git)"",
      ""subcommand"": null
    },
    ""python"": null,
    ""implementation"": null,
    ""distro"": null,
    ""system"": null,
    ""cpu"": null,
    ""openssl_version"": null,
    ""setuptools_version"": null,
    ""rustc_version"": null,
    ""ci"": null
  }
}",TLSv1.3,TLS_AES_128_GCM_SHA256,"{
  ""http"": null
}"
2026-08-31 18:05:27.000000 UTC,US,/packages/57/d0/96127582230183dc36f1209d5e8e67f54b3459b3b9794603305d816f350a/duckdb-1.1.3-cp311-cp311-macosx_12_0_arm64.whl,duckdb,"{
  ""file"": {
    ""filename"": ""duckdb-1.1.3-cp311-cp311-macosx_12_0_arm64.whl"",
    ""project"": ""duckdb"",
    ""version"": ""1.1.3"",
    ""type"": ""bdist_wheel""
  }
}","{
  ""details"": {
    ""installer"": {
      ""name"": ""Bazel"",
      ""version"": ""9.2.0- (@non-git)"",
      ""subcommand"": null
    },
    ""python"": null,
    ""implementation"": null,
    ""distro"": null,
    ""system"": null,
    ""cpu"": null,
    ""openssl_version"": null,
    ""setuptools_version"": null,
    ""rustc_version"": null,
    ""ci"": null
  }
}",TLSv1.3,TLS_AES_128_GCM_SHA256,"{
  ""http"": null
}"
2026-08-31 18:00:15.000000 UTC,US,/packages/57/d0/96127582230183dc36f1209d5e8e67f54b3459b3b9794603305d816f350a/duckdb-1.1.3-cp311-cp311-macosx_12_0_arm64.whl,duckdb,"{
  ""file"": {
    ""filename"": ""duckdb-1.1.3-cp311-cp311-macosx_12_0_arm64.whl"",
    ""project"": ""duckdb"",
    ""version"": ""1.1.3"",
    ""type"": ""bdist_wheel""
  }
}","{
  ""details"": {
    ""installer"": {
      ""name"": ""Bazel"",
      ""version"": ""9.2.0- (@non-git)"",
      ""subcommand"": null
    },
    ""python"": null,
    ""implementation"": null,
    ""distro"": null,
    ""system"": null,
    ""cpu"": null,
    ""openssl_version"": null,
    ""setuptools_version"": null,
    ""rustc_version"": null,
    ""ci"": null
  }
}",TLSv1.3,TLS_AES_128_GCM_SHA256,"{
  ""http"": null
}"
2026-08-31 18:05:12.000000 UTC,US,/packages/57/d0/96127582230183dc36f1209d5e8e67f54b3459b3b9794603305d816f350a/duckdb-1.1.3-cp311-cp311-macosx_12_0_arm64.whl,duckdb,"{
  ""file"": {
    ""filename"": ""duckdb-1.1.3-cp311-cp311-macosx_12_0_arm64.whl"",
    ""project"": ""duckdb"",
    ""version"": ""1.1.3"",
    ""type"": ""bdist_wheel""
  }
}","{
  ""details"": {
    ""installer"": {
      ""name"": ""Bazel"",
      ""version"": ""9.2.0- (@non-git)"",
      ""subcommand"": null
    },
    ""python"": null,
    ""implementation"": null,
    ""distro"": null,
    ""system"": null,
    ""cpu"": null,
    ""openssl_version"": null,
    ""setuptools_version"": null,
    ""rustc_version"": null,
    ""ci"": null
  }
}",TLSv1.3,TLS_AES_128_GCM_SHA256,"{
  ""http"": null
}"
2026-08-31 18:05:04.000000 UTC,US,/packages/57/d0/96127582230183dc36f1209d5e8e67f54b3459b3b9794603305d816f350a/duckdb-1.1.3-cp311-cp311-macosx_12_0_arm64.whl,duckdb,"{
  ""file"": {
    ""filename"": ""duckdb-1.1.3-cp311-cp311-macosx_12_0_arm64.whl"",
    ""project"": ""duckdb"",
    ""version"": ""1.1.3"",
    ""type"": ""bdist_wheel""
  }
}","{
  ""details"": {
    ""installer"": {
      ""name"": ""Bazel"",
      ""version"": ""9.2.0- (@non-git)"",
      ""subcommand"": null
    },
    ""python"": null,
    ""implementation"": null,
    ""distro"": null,
    ""system"": null,
    ""cpu"": null,
    ""openssl_version"": null,
    ""setuptools_version"": null,
    ""rustc_version"": null,
    ""ci"": null
  }
}",TLSv1.3,TLS_AES_128_GCM_SHA256,"{
  ""http"": null
}"
2026-08-31 18:06:06.000000 UTC,US,/packages/57/d0/96127582230183dc36f1209d5e8e67f54b3459b3b9794603305d816f350a/duckdb-1.1.3-cp311-cp311-macosx_12_0_arm64.whl,duckdb,"{
  ""file"": {
    ""filename"": ""duckdb-1.1.3-cp311-cp311-macosx_12_0_arm64.whl"",
    ""project"": ""duckdb"",
    ""version"": ""1.1.3"",
    ""type"": ""bdist_wheel""
  }
}","{
  ""details"": {
    ""installer"": {
      ""name"": ""Bazel"",
      ""version"": ""9.2.0- (@non-git)"",
      ""subcommand"": null
    },
    ""python"": null,
    ""implementation"": null,
    ""distro"": null,
    ""system"": null,
    ""cpu"": null,
    ""openssl_version"": null,
    ""setuptools_version"": null,
    ""rustc_version"": null,
    ""ci"": null
  }
}",TLSv1.3,TLS_AES_128_GCM_SHA256,"{
  ""http"": null
}"
2026-08-31 18:00:32.000000 UTC,US,/packages/57/d0/96127582230183dc36f1209d5e8e67f54b3459b3b9794603305d816f350a/duckdb-1.1.3-cp311-cp311-macosx_12_0_arm64.whl,duckdb,"{
  ""file"": {
    ""filename"": ""duckdb-1.1.3-cp311-cp311-macosx_12_0_arm64.whl"",
    ""project"": ""duckdb"",
    ""version"": ""1.1.3"",
    ""type"": ""bdist_wheel""
  }
}","{
  ""details"": {
    ""installer"": {
      ""name"": ""Bazel"",
      ""version"": ""9.2.0- (@non-git)"",
      ""subcommand"": null
    },
    ""python"": null,
    ""implementation"": null,
    ""distro"": null,
    ""system"": null,
    ""cpu"": null,
    ""openssl_version"": null,
    ""setuptools_version"": null,
    ""rustc_version"": null,
    ""ci"": null
  }
}",TLSv1.3,TLS_AES_128_GCM_SHA256,"{
  ""http"": null
}"
2026-08-31 18:04:49.000000 UTC,US,/packages/57/d0/96127582230183dc36f1209d5e8e67f54b3459b3b9794603305d816f350a/duckdb-1.1.3-cp311-cp311-macosx_12_0_arm64.whl,duckdb,"{
  ""file"": {
    ""filename"": ""duckdb-1.1.3-cp311-cp311-macosx_12_0_arm64.whl"",
    ""project"": ""duckdb"",
    ""version"": ""1.1.3"",
    ""type"": ""bdist_wheel""
  }
}","{
  ""details"": {
    ""installer"": {
      ""name"": ""Bazel"",
      ""version"": ""9.2.0- (@non-git)"",
      ""subcommand"": null
    },
    ""python"": null,
    ""implementation"": null,
    ""distro"": null,
    ""system"": null,
    ""cpu"": null,
    ""openssl_version"": null,
    ""setuptools_version"": null,
    ""rustc_version"": null,
    ""ci"": null
  }
}",TLSv1.3,TLS_AES_128_GCM_SHA256,"{
  ""http"": null
}"
2026-08-31 18:04:56.000000 UTC,US,/packages/57/d0/96127582230183dc36f1209d5e8e67f54b3459b3b9794603305d816f350a/duckdb-1.1.3-cp311-cp311-macosx_12_0_arm64.whl,duckdb,"{
  ""file"": {
    ""filename"": ""duckdb-1.1.3-cp311-cp311-macosx_12_0_arm64.whl"",
    ""project"": ""duckdb"",
    ""version"": ""1.1.3"",
    ""type"": ""bdist_wheel""
  }
}","{
  ""details"": {
    ""installer"": {
      ""name"": ""Bazel"",
      ""version"": ""9.2.0- (@non-git)"",
      ""subcommand"": null
    },
    ""python"": null,
    ""implementation"": null,
    ""distro"": null,
    ""system"": null,
    ""cpu"": null,
    ""openssl_version"": null,
    ""setuptools_version"": null,
    ""rustc_version"": null,
    ""ci"": null
  }
}",TLSv1.3,TLS_AES_128_GCM_SHA256,"{
  ""http"": null
}"
2026-08-31 18:09:44.000000 UTC,US,/packages/57/d0/96127582230183dc36f1209d5e8e67f54b3459b3b9794603305d816f350a/duckdb-1.1.3-cp311-cp311-macosx_12_0_arm64.whl,duckdb,"{
  ""file"": {
    ""filename"": ""duckdb-1.1.3-cp311-cp311-macosx_12_0_arm64.whl"",
    ""project"": ""duckdb"",
    ""version"": ""1.1.3"",
    ""type"": ""bdist_wheel""
  }
}","{
  ""details"": {
    ""installer"": {
      ""name"": ""Bazel"",
      ""version"": ""9.2.0- (@non-git)"",
      ""subcommand"": null
    },
    ""python"": null,
    ""implementation"": null,
    ""distro"": null,
    ""system"": null,
    ""cpu"": null,
    ""openssl_version"": null,
    ""setuptools_version"": null,
    ""rustc_version"": null,
    ""ci"": null
  }
}",TLSv1.3,TLS_AES_128_GCM_SHA256,"{
  ""http"": null
}"
2026-08-31 18:06:19.000000 UTC,US,/packages/57/d0/96127582230183dc36f1209d5e8e67f54b3459b3b9794603305d816f350a/duckdb-1.1.3-cp311-cp311-macosx_12_0_arm64.whl,duckdb,"{
  ""file"": {
    ""filename"": ""duckdb-1.1.3-cp311-cp311-macosx_12_0_arm64.whl"",
    ""project"": ""duckdb"",
    ""version"": ""1.1.3"",
    ""type"": ""bdist_wheel""
  }
}","{
  ""details"": {
    ""installer"": {
      ""name"": ""Bazel"",
      ""version"": ""9.2.0- (@non-git)"",
      ""subcommand"": null
    },
    ""python"": null,
    ""implementation"": null,
    ""distro"": null,
    ""system"": null,
    ""cpu"": null,
    ""openssl_version"": null,
    ""setuptools_version"": null,
    ""rustc_version"": null,
    ""ci"": null
  }
}",TLSv1.3,TLS_AES_128_GCM_SHA256,"{
  ""http"": null
}"
2026-08-31 18:07:37.000000 UTC,US,/packages/57/d0/96127582230183dc36f1209d5e8e67f54b3459b3b9794603305d816f350a/duckdb-1.1.3-cp311-cp311-macosx_12_0_arm64.whl,duckdb,"{
  ""file"": {
    ""filename"": ""duckdb-1.1.3-cp311-cp311-macosx_12_0_arm64.whl"",
    ""project"": ""duckdb"",
    ""version"": ""1.1.3"",
    ""type"": ""bdist_wheel""
  }
}","{
  ""details"": {
    ""installer"": {
      ""name"": ""Bazel"",
      ""version"": ""9.2.0- (@non-git)"",
      ""subcommand"": null
    },
    ""python"": null,
    ""implementation"": null,
    ""distro"": null,
    ""system"": null,
    ""cpu"": null,
    ""openssl_version"": null,
    ""setuptools_version"": null,
    ""rustc_version"": null,
    ""ci"": null
  }
}",TLSv1.3,TLS_AES_128_GCM_SHA256,"{
  ""http"": null
}"
2026-08-31 18:08:38.000000 UTC,US,/packages/57/d0/96127582230183dc36f1209d5e8e67f54b3459b3b9794603305d816f350a/duckdb-1.1.3-cp311-cp311-macosx_12_0_arm64.whl,duckdb,"{
  ""file"": {
    ""filename"": ""duckdb-1.1.3-cp311-cp311-macosx_12_0_arm64.whl"",
    ""project"": ""duckdb"",
    ""version"": ""1.1.3"",
    ""type"": ""bdist_wheel""
  }
}","{
  ""details"": {
    ""installer"": {
      ""name"": ""Bazel"",
      ""version"": ""9.2.0- (@non-git)"",
      ""subcommand"": null
    },
    ""python"": null,
    ""implementation"": null,
    ""distro"": null,
    ""system"": null,
    ""cpu"": null,
    ""openssl_version"": null,
    ""setuptools_version"": null,
    ""rustc_version"": null,
    ""ci"": null
  }
}",TLSv1.3,TLS_AES_128_GCM_SHA256,"{
  ""http"": null
}"
2026-08-31 18:05:03.000000 UTC,US,/packages/57/d0/96127582230183dc36f1209d5e8e67f54b3459b3b9794603305d816f350a/duckdb-1.1.3-cp311-cp311-macosx_12_0_arm64.whl,duckdb,"{
  ""file"": {
    ""filename"": ""duckdb-1.1.3-cp311-cp311-macosx_12_0_arm64.whl"",
    ""project"": ""duckdb"",
    ""version"": ""1.1.3"",
    ""type"": ""bdist_wheel""
  }
}","{
  ""details"": {
    ""installer"": {
      ""name"": ""Bazel"",
      ""version"": ""9.2.0- (@non-git)"",
      ""subcommand"": null
    },
    ""python"": null,
    ""implementation"": null,
    ""distro"": null,
    ""system"": null,
    ""cpu"": null,
    ""openssl_version"": null,
    ""setuptools_version"": null,
    ""rustc_version"": null,
    ""ci"": null
  }
}",TLSv1.3,TLS_AES_128_GCM_SHA256,"{
  ""http"": null
}"
2026-08-31 18:05:48.000000 UTC,US,/packages/57/d0/96127582230183dc36f1209d5e8e67f54b3459b3b9794603305d816f350a/duckdb-1.1.3-cp311-cp311-macosx_12_0_arm64.whl,duckdb,"{
  ""file"": {
    ""filename"": ""duckdb-1.1.3-cp311-cp311-macosx_12_0_arm64.whl"",
    ""project"": ""duckdb"",
    ""version"": ""1.1.3"",
    ""type"": ""bdist_wheel""
  }
}","{
  ""details"": {
    ""installer"": {
      ""name"": ""Bazel"",
      ""version"": ""9.2.0- (@non-git)"",
      ""subcommand"": null
    },
    ""python"": null,
    ""implementation"": null,
    ""distro"": null,
    ""system"": null,
    ""cpu"": null,
    ""openssl_version"": null,
    ""setuptools_version"": null,
    ""rustc_version"": null,
    ""ci"": null
  }
}",TLSv1.3,TLS_AES_128_GCM_SHA256,"{
  ""http"": null
}"
2026-08-31 18:08:17.000000 UTC,US,/packages/57/d0/96127582230183dc36f1209d5e8e67f54b3459b3b9794603305d816f350a/duckdb-1.1.3-cp311-cp311-macosx_12_0_arm64.whl,duckdb,"{
  ""file"": {
    ""filename"": ""duckdb-1.1.3-cp311-cp311-macosx_12_0_arm64.whl"",
    ""project"": ""duckdb"",
    ""version"": ""1.1.3"",
    ""type"": ""bdist_wheel""
  }
}","{
  ""details"": {
    ""installer"": {
      ""name"": ""Bazel"",
      ""version"": ""9.2.0- (@non-git)"",
      ""subcommand"": null
    },
    ""python"": null,
    ""implementation"": null,
    ""distro"": null,
    ""system"": null,
    ""cpu"": null,
    ""openssl_version"": null,
    ""setuptools_version"": null,
    ""rustc_version"": null,
    ""ci"": null
  }
}",TLSv1.3,TLS_AES_128_GCM_SHA256,"{
  ""http"": null
}"
2026-08-31 18:05:08.000000 UTC,US,/packages/57/d0/96127582230183dc36f1209d5e8e67f54b3459b3b9794603305d816f350a/duckdb-1.1.3-cp311-cp311-macosx_12_0_arm64.whl,duckdb,"{
  ""file"": {
    ""filename"": ""duckdb-1.1.3-cp311-cp311-macosx_12_0_arm64.whl"",
    ""project"": ""duckdb"",
    ""version"": ""1.1.3"",
    ""type"": ""bdist_wheel""
  }
}","{
  ""details"": {
    ""installer"": {
      ""name"": ""Bazel"",
      ""version"": ""9.2.0- (@non-git)"",
      ""subcommand"": null
    },
    ""python"": null,
    ""implementation"": null,
    ""distro"": null,
    ""system"": null,
    ""cpu"": null,
    ""openssl_version"": null,
    ""setuptools_version"": null,
    ""rustc_version"": null,
    ""ci"": null
  }
}",TLSv1.3,TLS_AES_128_GCM_SHA256,"{
  ""http"": null
}"
2026-08-31 18:06:43.000000 UTC,US,/packages/70/07/b78b435f8fe85c23ee2d49a01dc9599bb4a272c40f2a6bf67ff75958bdad/duckdb-1.1.3-cp311-cp311-macosx_12_0_universal2.whl,duckdb,"{
  ""file"": {
    ""filename"": ""duckdb-1.1.3-cp311-cp311-macosx_12_0_universal2.whl"",
    ""project"": ""duckdb"",
    ""version"": ""1.1.3"",
    ""type"": ""bdist_wheel""
  }
}","{
  ""details"": {
    ""installer"": {
      ""name"": ""Bazel"",
      ""version"": ""9.2.0- (@non-git)"",
      ""subcommand"": null
    },
    ""python"": null,
    ""implementation"": null,
    ""distro"": null,
    ""system"": null,
    ""cpu"": null,
    ""openssl_version"": null,
    ""setuptools_version"": null,
    ""rustc_version"": null,
    ""ci"": null
  }
}",TLSv1.3,TLS_AES_128_GCM_SHA256,"{
  ""http"": null
}"
2026-08-31 18:00:33.000000 UTC,US,/packages/70/07/b78b435f8fe85c23ee2d49a01dc9599bb4a272c40f2a6bf67ff75958bdad/duckdb-1.1.3-cp311-cp311-macosx_12_0_universal2.whl,duckdb,"{
  ""file"": {
    ""filename"": ""duckdb-1.1.3-cp311-cp311-macosx_12_0_universal2.whl"",
    ""project"": ""duckdb"",
    ""version"": ""1.1.3"",
    ""type"": ""bdist_wheel""
  }
}","{
  ""details"": {
    ""installer"": {
      ""name"": ""Bazel"",
      ""version"": ""9.2.0- (@non-git)"",
      ""subcommand"": null
    },
    ""python"": null,
    ""implementation"": null,
    ""distro"": null,
    ""system"": null,
    ""cpu"": null,
    ""openssl_version"": null,
    ""setuptools_version"": null,
    ""rustc_version"": null,
    ""ci"": null
  }
}",TLSv1.3,TLS_AES_128_GCM_SHA256,"{
  ""http"": null
}"
2026-08-31 18:05:00.000000 UTC,US,/packages/70/07/b78b435f8fe85c23ee2d49a01dc9599bb4a272c40f2a6bf67ff75958bdad/duckdb-1.1.3-cp311-cp311-macosx_12_0_universal2.whl,duckdb,"{
  ""file"": {
    ""filename"": ""duckdb-1.1.3-cp311-cp311-macosx_12_0_universal2.whl"",
    ""project"": ""duckdb"",
    ""version"": ""1.1.3"",
    ""type"": ""bdist_wheel""
  }
}","{
  ""details"": {
    ""installer"": {
      ""name"": ""Bazel"",
      ""version"": ""9.2.0- (@non-git)"",
      ""subcommand"": null
    },
    ""python"": null,
    ""implementation"": null,
    ""distro"": null,
    ""system"": null,
    ""cpu"": null,
    ""openssl_version"": null,
    ""setuptools_version"": null,
    ""rustc_version"": null,
    ""ci"": null
  }
}",TLSv1.3,TLS_AES_128_GCM_SHA256,"{
  ""http"": null
}"
2026-08-31 18:06:07.000000 UTC,US,/packages/70/07/b78b435f8fe85c23ee2d49a01dc9599bb4a272c40f2a6bf67ff75958bdad/duckdb-1.1.3-cp311-cp311-macosx_12_0_universal2.whl,duckdb,"{
  ""file"": {
    ""filename"": ""duckdb-1.1.3-cp311-cp311-macosx_12_0_universal2.whl"",
    ""project"": ""duckdb"",
    ""version"": ""1.1.3"",
    ""type"": ""bdist_wheel""
  }
}","{
  ""details"": {
    ""installer"": {
      ""name"": ""Bazel"",
      ""version"": ""9.2.0- (@non-git)"",
      ""subcommand"": null
    },
    ""python"": null,
    ""implementation"": null,
    ""distro"": null,
    ""system"": null,
    ""cpu"": null,
    ""openssl_version"": null,
    ""setuptools_version"": null,
    ""rustc_version"": null,
    ""ci"": null
  }
}",TLSv1.3,TLS_AES_128_GCM_SHA256,"{
  ""http"": null
}"
2026-08-31 18:05:28.000000 UTC,US,/packages/70/07/b78b435f8fe85c23ee2d49a01dc9599bb4a272c40f2a6bf67ff75958bdad/duckdb-1.1.3-cp311-cp311-macosx_12_0_universal2.whl,duckdb,"{
  ""file"": {
    ""filename"": ""duckdb-1.1.3-cp311-cp311-macosx_12_0_universal2.whl"",
    ""project"": ""duckdb"",
    ""version"": ""1.1.3"",
    ""type"": ""bdist_wheel""
  }
}","{
  ""details"": {
    ""installer"": {
      ""name"": ""Bazel"",
      ""version"": ""9.2.0- (@non-git)"",
      ""subcommand"": null
    },
    ""python"": null,
    ""implementation"": null,
    ""distro"": null,
    ""system"": null,
    ""cpu"": null,
    ""openssl_version"": null,
    ""setuptools_version"": null,
    ""rustc_version"": null,
    ""ci"": null
  }
}",TLSv1.3,TLS_AES_128_GCM_SHA256,"{
  ""http"": null
}"
2026-08-31 18:04:51.000000 UTC,US,/packages/70/07/b78b435f8fe85c23ee2d49a01dc9599bb4a272c40f2a6bf67ff75958bdad/duckdb-1.1.3-cp311-cp311-macosx_12_0_universal2.whl,duckdb,"{
  ""file"": {
    ""filename"": ""duckdb-1.1.3-cp311-cp311-macosx_12_0_universal2.whl"",
    ""project"": ""duckdb"",
    ""version"": ""1.1.3"",
    ""type"": ""bdist_wheel""
  }
}","{
  ""details"": {
    ""installer"": {
      ""name"": ""Bazel"",
      ""version"": ""9.2.0- (@non-git)"",
      ""subcommand"": null
    },
    ""python"": null,
    ""implementation"": null,
    ""distro"": null,
    ""system"": null,
    ""cpu"": null,
    ""openssl_version"": null,
    ""setuptools_version"": null,
    ""rustc_version"": null,
    ""ci"": null
  }
}",TLSv1.3,TLS_AES_128_GCM_SHA256,"{
  ""http"": null
}"
2026-08-31 18:06:34.000000 UTC,US,/packages/70/07/b78b435f8fe85c23ee2d49a01dc9599bb4a272c40f2a6bf67ff75958bdad/duckdb-1.1.3-cp311-cp311-macosx_12_0_universal2.whl,duckdb,"{
  ""file"": {
    ""filename"": ""duckdb-1.1.3-cp311-cp311-macosx_12_0_universal2.whl"",
    ""project"": ""duckdb"",
    ""version"": ""1.1.3"",
    ""type"": ""bdist_wheel""
  }
}","{
  ""details"": {
    ""installer"": {
      ""name"": ""Bazel"",
      ""version"": ""9.2.0- (@non-git)"",
      ""subcommand"": null
    },
    ""python"": null,
    ""implementation"": null,
    ""distro"": null,
    ""system"": null,
    ""cpu"": null,
    ""openssl_version"": null,
    ""setuptools_version"": null,
    ""rustc_version"": null,
    ""ci"": null
  }
}",TLSv1.3,TLS_AES_128_GCM_SHA256,"{
  ""http"": null
}"
2026-08-31 18:08:42.000000 UTC,US,/packages/70/07/b78b435f8fe85c23ee2d49a01dc9599bb4a272c40f2a6bf67ff75958bdad/duckdb-1.1.3-cp311-cp311-macosx_12_0_universal2.whl,duckdb,"{
  ""file"": {
    ""filename"": ""duckdb-1.1.3-cp311-cp311-macosx_12_0_universal2.whl"",
    ""project"": ""duckdb"",
    ""version"": ""1.1.3"",
    ""type"": ""bdist_wheel""
  }
}","{
  ""details"": {
    ""installer"": {
      ""name"": ""Bazel"",
      ""version"": ""9.2.0- (@non-git)"",
      ""subcommand"": null
    },
    ""python"": null,
    ""implementation"": null,
    ""distro"": null,
    ""system"": null,
    ""cpu"": null,
    ""openssl_version"": null,
    ""setuptools_version"": null,
    ""rustc_version"": null,
    ""ci"": null
  }
}",TLSv1.3,TLS_AES_128_GCM_SHA256,"{
  ""http"": null
}"
2026-08-31 18:05:01.000000 UTC,US,/packages/70/07/b78b435f8fe85c23ee2d49a01dc9599bb4a272c40f2a6bf67ff75958bdad/duckdb-1.1.3-cp311-cp311-macosx_12_0_universal2.whl,duckdb,"{
  ""file"": {
    ""filename"": ""duckdb-1.1.3-cp311-cp311-macosx_12_0_universal2.whl"",
    ""project"": ""duckdb"",
    ""version"": ""1.1.3"",
    ""type"": ""bdist_wheel""
  }
}","{
  ""details"": {
    ""installer"": {
      ""name"": ""Bazel"",
      ""version"": ""9.2.0- (@non-git)"",
      ""subcommand"": null
    },
    ""python"": null,
    ""implementation"": null,
    ""distro"": null,
    ""system"": null,
    ""cpu"": null,
    ""openssl_version"": null,
    ""setuptools_version"": null,
    ""rustc_version"": null,
    ""ci"": null
  }
}",TLSv1.3,TLS_AES_128_GCM_SHA256,"{
  ""http"": null
}"
2026-08-31 18:05:03.000000 UTC,US,/packages/70/07/b78b435f8fe85c23ee2d49a01dc9599bb4a272c40f2a6bf67ff75958bdad/duckdb-1.1.3-cp311-cp311-macosx_12_0_universal2.whl,duckdb,"{
  ""file"": {
    ""filename"": ""duckdb-1.1.3-cp311-cp311-macosx_12_0_universal2.whl"",
    ""project"": ""duckdb"",
    ""version"": ""1.1.3"",
    ""type"": ""bdist_wheel""
  }
}","{
  ""details"": {
    ""installer"": {
      ""name"": ""Bazel"",
      ""version"": ""9.2.0- (@non-git)"",
      ""subcommand"": null
    },
    ""python"": null,
    ""implementation"": null,
    ""distro"": null,
    ""system"": null,
    ""cpu"": null,
    ""openssl_version"": null,
    ""setuptools_version"": null,
    ""rustc_version"": null,
    ""ci"": null
  }
}",TLSv1.3,TLS_AES_128_GCM_SHA256,"{
  ""http"": null
}"
2026-08-31 18:04:56.000000 UTC,US,/packages/70/07/b78b435f8fe85c23ee2d49a01dc9599bb4a272c40f2a6bf67ff75958bdad/duckdb-1.1.3-cp311-cp311-macosx_12_0_universal2.whl,duckdb,"{
  ""file"": {
    ""filename"": ""duckdb-1.1.3-cp311-cp311-macosx_12_0_universal2.whl"",
    ""project"": ""duckdb"",
    ""version"": ""1.1.3"",
    ""type"": ""bdist_wheel""
  }
}","{
  ""details"": {
    ""installer"": {
      ""name"": ""Bazel"",
      ""version"": ""9.2.0- (@non-git)"",
      ""subcommand"": null
    },
    ""python"": null,
    ""implementation"": null,
    ""distro"": null,
    ""system"": null,
    ""cpu"": null,
    ""openssl_version"": null,
    ""setuptools_version"": null,
    ""rustc_version"": null,
    ""ci"": null
  }
}",TLSv1.3,TLS_AES_128_GCM_SHA256,"{
  ""http"": null
}"
2026-08-31 18:05:07.000000 UTC,US,/packages/70/07/b78b435f8fe85c23ee2d49a01dc9599bb4a272c40f2a6bf67ff75958bdad/duckdb-1.1.3-cp311-cp311-macosx_12_0_universal2.whl,duckdb,"{
  ""file"": {
    ""filename"": ""duckdb-1.1.3-cp311-cp311-macosx_12_0_universal2.whl"",
    ""project"": ""duckdb"",
    ""version"": ""1.1.3"",
    ""type"": ""bdist_wheel""
  }
}","{
  ""details"": {
    ""installer"": {
      ""name"": ""Bazel"",
      ""version"": ""9.2.0- (@non-git)"",
      ""subcommand"": null
    },
    ""python"": null,
    ""implementation"": null,
    ""distro"": null,
    ""system"": null,
    ""cpu"": null,
    ""openssl_version"": null,
    ""setuptools_version"": null,
    ""rustc_version"": null,
    ""ci"": null
  }
}",TLSv1.3,TLS_AES_128_GCM_SHA256,"{
  ""http"": null
}"
2026-08-31 18:04:56.000000 UTC,US,/packages/70/07/b78b435f8fe85c23ee2d49a01dc9599bb4a272c40f2a6bf67ff75958bdad/duckdb-1.1.3-cp311-cp311-macosx_12_0_universal2.whl,duckdb,"{
  ""file"": {
    ""filename"": ""duckdb-1.1.3-cp311-cp311-macosx_12_0_universal2.whl"",
    ""project"": ""duckdb"",
    ""version"": ""1.1.3"",
    ""type"": ""bdist_wheel""
  }
}","{
  ""details"": {
    ""installer"": {
      ""name"": ""Bazel"",
      ""version"": ""9.2.0- (@non-git)"",
      ""subcommand"": null
    },
    ""python"": null,
    ""implementation"": null,
    ""distro"": null,
    ""system"": null,
    ""cpu"": null,
    ""openssl_version"": null,
    ""setuptools_version"": null,
    ""rustc_version"": null,
    ""ci"": null
  }
}",TLSv1.3,TLS_AES_128_GCM_SHA256,"{
  ""http"": null
}"
2026-08-31 18:05:09.000000 UTC,US,/packages/70/07/b78b435f8fe85c23ee2d49a01dc9599bb4a272c40f2a6bf67ff75958bdad/duckdb-1.1.3-cp311-cp311-macosx_12_0_universal2.whl,duckdb,"{
  ""file"": {
    ""filename"": ""duckdb-1.1.3-cp311-cp311-macosx_12_0_universal2.whl"",
    ""project"": ""duckdb"",
    ""version"": ""1.1.3"",
    ""type"": ""bdist_wheel""
  }
}","{
  ""details"": {
    ""installer"": {
      ""name"": ""Bazel"",
      ""version"": ""9.2.0- (@non-git)"",
      ""subcommand"": null
    },
    ""python"": null,
    ""implementation"": null,
    ""distro"": null,
    ""system"": null,
    ""cpu"": null,
    ""openssl_version"": null,
    ""setuptools_version"": null,
    ""rustc_version"": null,
    ""ci"": null
  }
}",TLSv1.3,TLS_AES_128_GCM_SHA256,"{
  ""http"": null
}"
2026-08-31 18:05:12.000000 UTC,US,/packages/70/07/b78b435f8fe85c23ee2d49a01dc9599bb4a272c40f2a6bf67ff75958bdad/duckdb-1.1.3-cp311-cp311-macosx_12_0_universal2.whl,duckdb,"{
  ""file"": {
    ""filename"": ""duckdb-1.1.3-cp311-cp311-macosx_12_0_universal2.whl"",
    ""project"": ""duckdb"",
    ""version"": ""1.1.3"",
    ""type"": ""bdist_wheel""
  }
}","{
  ""details"": {
    ""installer"": {
      ""name"": ""Bazel"",
      ""version"": ""9.2.0- (@non-git)"",
      ""subcommand"": null
    },
    ""python"": null,
    ""implementation"": null,
    ""distro"": null,
    ""system"": null,
    ""cpu"": null,
    ""openssl_version"": null,
    ""setuptools_version"": null,
    ""rustc_version"": null,
    ""ci"": null
  }
}",TLSv1.3,TLS_AES_128_GCM_SHA256,"{
  ""http"": null
}"
2026-08-31 18:05:06.000000 UTC,US,/packages/70/07/b78b435f8fe85c23ee2d49a01dc9599bb4a272c40f2a6bf67ff75958bdad/duckdb-1.1.3-cp311-cp311-macosx_12_0_universal2.whl,duckdb,"{
  ""file"": {
    ""filename"": ""duckdb-1.1.3-cp311-cp311-macosx_12_0_universal2.whl"",
    ""project"": ""duckdb"",
    ""version"": ""1.1.3"",
    ""type"": ""bdist_wheel""
  }
}","{
  ""details"": {
    ""installer"": {
      ""name"": ""Bazel"",
      ""version"": ""9.2.0- (@non-git)"",
      ""subcommand"": null
    },
    ""python"": null,
    ""implementation"": null,
    ""distro"": null,
    ""system"": null,
    ""cpu"": null,
    ""openssl_version"": null,
    ""setuptools_version"": null,
    ""rustc_version"": null,
    ""ci"": null
  }
}",TLSv1.3,TLS_AES_128_GCM_SHA256,"{
  ""http"": null
}"
2026-08-31 18:04:49.000000 UTC,US,/packages/70/07/b78b435f8fe85c23ee2d49a01dc9599bb4a272c40f2a6bf67ff75958bdad/duckdb-1.1.3-cp311-cp311-macosx_12_0_universal2.whl,duckdb,"{
  ""file"": {
    ""filename"": ""duckdb-1.1.3-cp311-cp311-macosx_12_0_universal2.whl"",
    ""project"": ""duckdb"",
    ""version"": ""1.1.3"",
    ""type"": ""bdist_wheel""
  }
}","{
  ""details"": {
    ""installer"": {
      ""name"": ""Bazel"",
      ""version"": ""9.2.0- (@non-git)"",
      ""subcommand"": null
    },
    ""python"": null,
    ""implementation"": null,
    ""distro"": null,
    ""system"": null,
    ""cpu"": null,
    ""openssl_version"": null,
    ""setuptools_version"": null,
    ""rustc_version"": null,
    ""ci"": null
  }
}",TLSv1.3,TLS_AES_128_GCM_SHA256,"{
  ""http"": null
}"
2026-08-31 18:08:20.000000 UTC,US,/packages/70/07/b78b435f8fe85c23ee2d49a01dc9599bb4a272c40f2a6bf67ff75958bdad/duckdb-1.1.3-cp311-cp311-macosx_12_0_universal2.whl,duckdb,"{
  ""file"": {
    ""filename"": ""duckdb-1.1.3-cp311-cp311-macosx_12_0_universal2.whl"",
    ""project"": ""duckdb"",
    ""version"": ""1.1.3"",
    ""type"": ""bdist_wheel""
  }
}","{
  ""details"": {
    ""installer"": {
      ""name"": ""Bazel"",
      ""version"": ""9.2.0- (@non-git)"",
      ""subcommand"": null
    },
    ""python"": null,
    ""implementation"": null,
    ""distro"": null,
    ""system"": null,
    ""cpu"": null,
    ""openssl_version"": null,
    ""setuptools_version"": null,
    ""rustc_version"": null,
    ""ci"": null
  }
}",TLSv1.3,TLS_AES_128_GCM_SHA256,"{
  ""http"": null
}"
2026-08-31 18:01:39.000000 UTC,US,/packages/70/07/b78b435f8fe85c23ee2d49a01dc9599bb4a272c40f2a6bf67ff75958bdad/duckdb-1.1.3-cp311-cp311-macosx_12_0_universal2.whl,duckdb,"{
  ""file"": {
    ""filename"": ""duckdb-1.1.3-cp311-cp311-macosx_12_0_universal2.whl"",
    ""project"": ""duckdb"",
    ""version"": ""1.1.3"",
    ""type"": ""bdist_wheel""
  }
}","{
  ""details"": {
    ""installer"": {
      ""name"": ""Bazel"",
      ""version"": ""9.2.0- (@non-git)"",
      ""subcommand"": null
    },
    ""python"": null,
    ""implementation"": null,
    ""distro"": null,
    ""system"": null,
    ""cpu"": null,
    ""openssl_version"": null,
    ""setuptools_version"": null,
    ""rustc_version"": null,
    ""ci"": null
  }
}",TLSv1.3,TLS_AES_128_GCM_SHA256,"{
  ""http"": null
}"
2026-08-31 18:05:48.000000 UTC,US,/packages/70/07/b78b435f8fe85c23ee2d49a01dc9599bb4a272c40f2a6bf67ff75958bdad/duckdb-1.1.3-cp311-cp311-macosx_12_0_universal2.whl,duckdb,"{
  ""file"": {
    ""filename"": ""duckdb-1.1.3-cp311-cp311-macosx_12_0_universal2.whl"",
    ""project"": ""duckdb"",
    ""version"": ""1.1.3"",
    ""type"": ""bdist_wheel""
  }
}","{
  ""details"": {
    ""installer"": {
      ""name"": ""Bazel"",
      ""version"": ""9.2.0- (@non-git)"",
      ""subcommand"": null
    },
    ""python"": null,
    ""implementation"": null,
    ""distro"": null,
    ""system"": null,
    ""cpu"": null,
    ""openssl_version"": null,
    ""setuptools_version"": null,
    ""rustc_version"": null,
    ""ci"": null
  }
}",TLSv1.3,TLS_AES_128_GCM_SHA256,"{
  ""http"": null
}"
2026-08-31 18:06:19.000000 UTC,US,/packages/70/07/b78b435f8fe85c23ee2d49a01dc9599bb4a272c40f2a6bf67ff75958bdad/duckdb-1.1.3-cp311-cp311-macosx_12_0_universal2.whl,duckdb,"{
  ""file"": {
    ""filename"": ""duckdb-1.1.3-cp311-cp311-macosx_12_0_universal2.whl"",
    ""project"": ""duckdb"",
    ""version"": ""1.1.3"",
    ""type"": ""bdist_wheel""
  }
}","{
  ""details"": {
    ""installer"": {
      ""name"": ""Bazel"",
      ""version"": ""9.2.0- (@non-git)"",
      ""subcommand"": null
    },
    ""python"": null,
    ""implementation"": null,
    ""distro"": null,
    ""system"": null,
    ""cpu"": null,
    ""openssl_version"": null,
    ""setuptools_version"": null,
    ""rustc_version"": null,
    ""ci"": null
  }
}",TLSv1.3,TLS_AES_128_GCM_SHA256,"{
  ""http"": null
}"
2026-08-31 18:08:17.000000 UTC,US,/packages/70/07/b78b435f8fe85c23ee2d49a01dc9599bb4a272c40f2a6bf67ff75958bdad/duckdb-1.1.3-cp311-cp311-macosx_12_0_universal2.whl,duckdb,"{
  ""file"": {
    ""filename"": ""duckdb-1.1.3-cp311-cp311-macosx_12_0_universal2.whl"",
    ""project"": ""duckdb"",
    ""version"": ""1.1.3"",
    ""type"": ""bdist_wheel""
  }
}","{
  ""details"": {
    ""installer"": {
      ""name"": ""Bazel"",
      ""version"": ""9.2.0- (@non-git)"",
      ""subcommand"": null
    },
    ""python"": null,
    ""implementation"": null,
    ""distro"": null,
    ""system"": null,
    ""cpu"": null,
    ""openssl_version"": null,
    ""setuptools_version"": null,
    ""rustc_version"": null,
    ""ci"": null
  }
}",TLSv1.3,TLS_AES_128_GCM_SHA256,"{
  ""http"": null
}"
2026-08-31 18:09:45.000000 UTC,US,/packages/70/07/b78b435f8fe85c23ee2d49a01dc9599bb4a272c40f2a6bf67ff75958bdad/duckdb-1.1.3-cp311-cp311-macosx_12_0_universal2.whl,duckdb,"{
  ""file"": {
    ""filename"": ""duckdb-1.1.3-cp311-cp311-macosx_12_0_universal2.whl"",
    ""project"": ""duckdb"",
    ""version"": ""1.1.3"",
    ""type"": ""bdist_wheel""
  }
}","{
  ""details"": {
    ""installer"": {
      ""name"": ""Bazel"",
      ""version"": ""9.2.0- (@non-git)"",
      ""subcommand"": null
    },
    ""python"": null,
    ""implementation"": null,
    ""distro"": null,
    ""system"": null,
    ""cpu"": null,
    ""openssl_version"": null,
    ""setuptools_version"": null,
    ""rustc_version"": null,
    ""ci"": null
  }
}",TLSv1.3,TLS_AES_128_GCM_SHA256,"{
  ""http"": null
}"
2026-08-31 18:08:39.000000 UTC,US,/packages/70/07/b78b435f8fe85c23ee2d49a01dc9599bb4a272c40f2a6bf67ff75958bdad/duckdb-1.1.3-cp311-cp311-macosx_12_0_universal2.whl,duckdb,"{
  ""file"": {
    ""filename"": ""duckdb-1.1.3-cp311-cp311-macosx_12_0_universal2.whl"",
    ""project"": ""duckdb"",
    ""version"": ""1.1.3"",
    ""type"": ""bdist_wheel""
  }
}","{
  ""details"": {
    ""installer"": {
      ""name"": ""Bazel"",
      ""version"": ""9.2.0- (@non-git)"",
      ""subcommand"": null
    },
    ""python"": null,
    ""implementation"": null,
    ""distro"": null,
    ""system"": null,
    ""cpu"": null,
    ""openssl_version"": null,
    ""setuptools_version"": null,
    ""rustc_version"": null,
    ""ci"": null
  }
}",TLSv1.3,TLS_AES_128_GCM_SHA256,"{
  ""http"": null
}"
2026-08-31 18:07:37.000000 UTC,US,/packages/70/07/b78b435f8fe85c23ee2d49a01dc9599bb4a272c40f2a6bf67ff75958bdad/duckdb-1.1.3-cp311-cp311-macosx_12_0_universal2.whl,duckdb,"{
  ""file"": {
    ""filename"": ""duckdb-1.1.3-cp311-cp311-macosx_12_0_universal2.whl"",
    ""project"": ""duckdb"",
    ""version"": ""1.1.3"",
    ""type"": ""bdist_wheel""
  }
}","{
  ""details"": {
    ""installer"": {
      ""name"": ""Bazel"",
      ""version"": ""9.2.0- (@non-git)"",
      ""subcommand"": null
    },
    ""python"": null,
    ""implementation"": null,
    ""distro"": null,
    ""system"": null,
    ""cpu"": null,
    ""openssl_version"": null,
    ""setuptools_version"": null,
    ""rustc_version"": null,
    ""ci"": null
  }
}",TLSv1.3,TLS_AES_128_GCM_SHA256,"{
  ""http"": null
}"
2026-08-31 18:00:15.000000 UTC,US,/packages/70/07/b78b435f8fe85c23ee2d49a01dc9599bb4a272c40f2a6bf67ff75958bdad/duckdb-1.1.3-cp311-cp311-macosx_12_0_universal2.whl,duckdb,"{
  ""file"": {
    ""filename"": ""duckdb-1.1.3-cp311-cp311-macosx_12_0_universal2.whl"",
    ""project"": ""duckdb"",
    ""version"": ""1.1.3"",
    ""type"": ""bdist_wheel""
  }
}","{
  ""details"": {
    ""installer"": {
      ""name"": ""Bazel"",
      ""version"": ""9.2.0- (@non-git)"",
      ""subcommand"": null
    },
    ""python"": null,
    ""implementation"": null,
    ""distro"": null,
    ""system"": null,
    ""cpu"": null,
    ""openssl_version"": null,
    ""setuptools_version"": null,
    ""rustc_version"": null,
    ""ci"": null
  }
}",TLSv1.3,TLS_AES_128_GCM_SHA256,"{
  ""http"": null
}"
2026-08-31 18:05:10.000000 UTC,US,/packages/6c/d8/253b3483fc554daf72503ba0f112404f75be6bbd7ca7047e804873cbb182/duckdb-1.1.3-cp311-cp311-macosx_12_0_x86_64.whl,duckdb,"{
  ""file"": {
    ""filename"": ""duckdb-1.1.3-cp311-cp311-macosx_12_0_x86_64.whl"",
    ""project"": ""duckdb"",
    ""version"": ""1.1.3"",
    ""type"": ""bdist_wheel""
  }
}","{
  ""details"": {
    ""installer"": {
      ""name"": ""Bazel"",
      ""version"": ""9.2.0- (@non-git)"",
      ""subcommand"": null
    },
    ""python"": null,
    ""implementation"": null,
    ""distro"": null,
    ""system"": null,
    ""cpu"": null,
    ""openssl_version"": null,
    ""setuptools_version"": null,
    ""rustc_version"": null,
    ""ci"": null
  }
}",TLSv1.3,TLS_AES_128_GCM_SHA256,"{
  ""http"": null
}"
2026-08-31 18:08:42.000000 UTC,US,/packages/6c/d8/253b3483fc554daf72503ba0f112404f75be6bbd7ca7047e804873cbb182/duckdb-1.1.3-cp311-cp311-macosx_12_0_x86_64.whl,duckdb,"{
  ""file"": {
    ""filename"": ""duckdb-1.1.3-cp311-cp311-macosx_12_0_x86_64.whl"",
    ""project"": ""duckdb"",
    ""version"": ""1.1.3"",
    ""type"": ""bdist_wheel""
  }
}","{
  ""details"": {
    ""installer"": {
      ""name"": ""Bazel"",
      ""version"": ""9.2.0- (@non-git)"",
      ""subcommand"": null
    },
    ""python"": null,
    ""implementation"": null,
    ""distro"": null,
    ""system"": null,
    ""cpu"": null,
    ""openssl_version"": null,
    ""setuptools_version"": null,
    ""rustc_version"": null,
    ""ci"": null
  }
}",TLSv1.3,TLS_AES_128_GCM_SHA256,"{
  ""http"": null
}"
2026-08-31 18:04:56.000000 UTC,US,/packages/6c/d8/253b3483fc554daf72503ba0f112404f75be6bbd7ca7047e804873cbb182/duckdb-1.1.3-cp311-cp311-macosx_12_0_x86_64.whl,duckdb,"{
  ""file"": {
    ""filename"": ""duckdb-1.1.3-cp311-cp311-macosx_12_0_x86_64.whl"",
    ""project"": ""duckdb"",
    ""version"": ""1.1.3"",
    ""type"": ""bdist_wheel""
  }
}","{
  ""details"": {
    ""installer"": {
      ""name"": ""Bazel"",
      ""version"": ""9.2.0- (@non-git)"",
      ""subcommand"": null
    },
    ""python"": null,
    ""implementation"": null,
    ""distro"": null,
    ""system"": null,
    ""cpu"": null,
    ""openssl_version"": null,
    ""setuptools_version"": null,
    ""rustc_version"": null,
    ""ci"": null
  }
}",TLSv1.3,TLS_AES_128_GCM_SHA256,"{
  ""http"": null
}"
2026-08-31 18:00:16.000000 UTC,US,/packages/6c/d8/253b3483fc554daf72503ba0f112404f75be6bbd7ca7047e804873cbb182/duckdb-1.1.3-cp311-cp311-macosx_12_0_x86_64.whl,duckdb,"{
  ""file"": {
    ""filename"": ""duckdb-1.1.3-cp311-cp311-macosx_12_0_x86_64.whl"",
    ""project"": ""duckdb"",
    ""version"": ""1.1.3"",
    ""type"": ""bdist_wheel""
  }
}","{
  ""details"": {
    ""installer"": {
      ""name"": ""Bazel"",
      ""version"": ""9.2.0- (@non-git)"",
      ""subcommand"": null
    },
    ""python"": null,
    ""implementation"": null,
    ""distro"": null,
    ""system"": null,
    ""cpu"": null,
    ""openssl_version"": null,
    ""setuptools_version"": null,
    ""rustc_version"": null,
    ""ci"": null
  }
}",TLSv1.3,TLS_AES_128_GCM_SHA256,"{
  ""http"": null
}"
2026-08-31 18:08:18.000000 UTC,US,/packages/6c/d8/253b3483fc554daf72503ba0f112404f75be6bbd7ca7047e804873cbb182/duckdb-1.1.3-cp311-cp311-macosx_12_0_x86_64.whl,duckdb,"{
  ""file"": {
    ""filename"": ""duckdb-1.1.3-cp311-cp311-macosx_12_0_x86_64.whl"",
    ""project"": ""duckdb"",
    ""version"": ""1.1.3"",
    ""type"": ""bdist_wheel""
  }
}","{
  ""details"": {
    ""installer"": {
      ""name"": ""Bazel"",
      ""version"": ""9.2.0- (@non-git)"",
      ""subcommand"": null
    },
    ""python"": null,
    ""implementation"": null,
    ""distro"": null,
    ""system"": null,
    ""cpu"": null,
    ""openssl_version"": null,
    ""setuptools_version"": null,
    ""rustc_version"": null,
    ""ci"": null
  }
}",TLSv1.3,TLS_AES_128_GCM_SHA256,"{
  ""http"": null
}"
2026-08-31 18:04:50.000000 UTC,US,/packages/6c/d8/253b3483fc554daf72503ba0f112404f75be6bbd7ca7047e804873cbb182/duckdb-1.1.3-cp311-cp311-macosx_12_0_x86_64.whl,duckdb,"{
  ""file"": {
    ""filename"": ""duckdb-1.1.3-cp311-cp311-macosx_12_0_x86_64.whl"",
    ""project"": ""duckdb"",
    ""version"": ""1.1.3"",
    ""type"": ""bdist_wheel""
  }
}","{
  ""details"": {
    ""installer"": {
      ""name"": ""Bazel"",
      ""version"": ""9.2.0- (@non-git)"",
      ""subcommand"": null
    },
    ""python"": null,
    ""implementation"": null,
    ""distro"": null,
    ""system"": null,
    ""cpu"": null,
    ""openssl_version"": null,
    ""setuptools_version"": null,
    ""rustc_version"": null,
    ""ci"": null
  }
}",TLSv1.3,TLS_AES_128_GCM_SHA256,"{
  ""http"": null
}"
2026-08-31 18:05:08.000000 UTC,US,/packages/6c/d8/253b3483fc554daf72503ba0f112404f75be6bbd7ca7047e804873cbb182/duckdb-1.1.3-cp311-cp311-macosx_12_0_x86_64.whl,duckdb,"{
  ""file"": {
    ""filename"": ""duckdb-1.1.3-cp311-cp311-macosx_12_0_x86_64.whl"",
    ""project"": ""duckdb"",
    ""version"": ""1.1.3"",
    ""type"": ""bdist_wheel""
  }
}","{
  ""details"": {
    ""installer"": {
      ""name"": ""Bazel"",
      ""version"": ""9.2.0- (@non-git)"",
      ""subcommand"": null
    },
    ""python"": null,
    ""implementation"": null,
    ""distro"": null,
    ""system"": null,
    ""cpu"": null,
    ""openssl_version"": null,
    ""setuptools_version"": null,
    ""rustc_version"": null,
    ""ci"": null
  }
}",TLSv1.3,TLS_AES_128_GCM_SHA256,"{
  ""http"": null
}"
2026-08-31 18:00:33.000000 UTC,US,/packages/6c/d8/253b3483fc554daf72503ba0f112404f75be6bbd7ca7047e804873cbb182/duckdb-1.1.3-cp311-cp311-macosx_12_0_x86_64.whl,duckdb,"{
  ""file"": {
    ""filename"": ""duckdb-1.1.3-cp311-cp311-macosx_12_0_x86_64.whl"",
    ""project"": ""duckdb"",
    ""version"": ""1.1.3"",
    ""type"": ""bdist_wheel""
  }
}","{
  ""details"": {
    ""installer"": {
      ""name"": ""Bazel"",
      ""version"": ""9.2.0- (@non-git)"",
      ""subcommand"": null
    },
    ""python"": null,
    ""implementation"": null,
    ""distro"": null,
    ""system"": null,
    ""cpu"": null,
    ""openssl_version"": null,
    ""setuptools_version"": null,
    ""rustc_version"": null,
    ""ci"": null
  }
}",TLSv1.3,TLS_AES_128_GCM_SHA256,"{
  ""http"": null
}"
2026-08-31 18:05:07.000000 UTC,US,/packages/6c/d8/253b3483fc554daf72503ba0f112404f75be6bbd7ca7047e804873cbb182/duckdb-1.1.3-cp311-cp311-macosx_12_0_x86_64.whl,duckdb,"{
  ""file"": {
    ""filename"": ""duckdb-1.1.3-cp311-cp311-macosx_12_0_x86_64.whl"",
    ""project"": ""duckdb"",
    ""version"": ""1.1.3"",
    ""type"": ""bdist_wheel""
  }
}","{
  ""details"": {
    ""installer"": {
      ""name"": ""Bazel"",
      ""version"": ""9.2.0- (@non-git)"",
      ""subcommand"": null
    },
    ""python"": null,
    ""implementation"": null,
    ""distro"": null,
    ""system"": null,
    ""cpu"": null,
    ""openssl_version"": null,
    ""setuptools_version"": null,
    ""rustc_version"": null,
    ""ci"": null
  }
}",TLSv1.3,TLS_AES_128_GCM_SHA256,"{
  ""http"": null
}"
2026-08-31 18:05:13.000000 UTC,US,/packages/6c/d8/253b3483fc554daf72503ba0f112404f75be6bbd7ca7047e804873cbb182/duckdb-1.1.3-cp311-cp311-macosx_12_0_x86_64.whl,duckdb,"{
  ""file"": {
    ""filename"": ""duckdb-1.1.3-cp311-cp311-macosx_12_0_x86_64.whl"",
    ""project"": ""duckdb"",
    ""version"": ""1.1.3"",
    ""type"": ""bdist_wheel""
  }
}","{
  ""details"": {
    ""installer"": {
      ""name"": ""Bazel"",
      ""version"": ""9.2.0- (@non-git)"",
      ""subcommand"": null
    },
    ""python"": null,
    ""implementation"": null,
    ""distro"": null,
    ""system"": null,
    ""cpu"": null,
    ""openssl_version"": null,
    ""setuptools_version"": null,
    ""rustc_version"": null,
    ""ci"": null
  }
}",TLSv1.3,TLS_AES_128_GCM_SHA256,"{
  ""http"": null
}"
2026-08-31 18:06:07.000000 UTC,US,/packages/6c/d8/253b3483fc554daf72503ba0f112404f75be6bbd7ca7047e804873cbb182/duckdb-1.1.3-cp311-cp311-macosx_12_0_x86_64.whl,duckdb,"{
  ""file"": {
    ""filename"": ""duckdb-1.1.3-cp311-cp311-macosx_12_0_x86_64.whl"",
    ""project"": ""duckdb"",
    ""version"": ""1.1.3"",
    ""type"": ""bdist_wheel""
  }
}","{
  ""details"": {
    ""installer"": {
      ""name"": ""Bazel"",
      ""version"": ""9.2.0- (@non-git)"",
      ""subcommand"": null
    },
    ""python"": null,
    ""implementation"": null,
    ""distro"": null,
    ""system"": null,
    ""cpu"": null,
    ""openssl_version"": null,
    ""setuptools_version"": null,
    ""rustc_version"": null,
    ""ci"": null
  }
}",TLSv1.3,TLS_AES_128_GCM_SHA256,"{
  ""http"": null
}"
2026-08-31 18:04:51.000000 UTC,US,/packages/6c/d8/253b3483fc554daf72503ba0f112404f75be6bbd7ca7047e804873cbb182/duckdb-1.1.3-cp311-cp311-macosx_12_0_x86_64.whl,duckdb,"{
  ""file"": {
    ""filename"": ""duckdb-1.1.3-cp311-cp311-macosx_12_0_x86_64.whl"",
    ""project"": ""duckdb"",
    ""version"": ""1.1.3"",
    ""type"": ""bdist_wheel""
  }
}","{
  ""details"": {
    ""installer"": {
      ""name"": ""Bazel"",
      ""version"": ""9.2.0- (@non-git)"",
      ""subcommand"": null
    },
    ""python"": null,
    ""implementation"": null,
    ""distro"": null,
    ""system"": null,
    ""cpu"": null,
    ""openssl_version"": null,
    ""setuptools_version"": null,
    ""rustc_version"": null,
    ""ci"": null
  }
}",TLSv1.3,TLS_AES_128_GCM_SHA256,"{
  ""http"": null
}"
2026-08-31 18:05:02.000000 UTC,US,/packages/6c/d8/253b3483fc554daf72503ba0f112404f75be6bbd7ca7047e804873cbb182/duckdb-1.1.3-cp311-cp311-macosx_12_0_x86_64.whl,duckdb,"{
  ""file"": {
    ""filename"": ""duckdb-1.1.3-cp311-cp311-macosx_12_0_x86_64.whl"",
    ""project"": ""duckdb"",
    ""version"": ""1.1.3"",
    ""type"": ""bdist_wheel""
  }
}","{
  ""details"": {
    ""installer"": {
      ""name"": ""Bazel"",
      ""version"": ""9.2.0- (@non-git)"",
      ""subcommand"": null
    },
    ""python"": null,
    ""implementation"": null,
    ""distro"": null,
    ""system"": null,
    ""cpu"": null,
    ""openssl_version"": null,
    ""setuptools_version"": null,
    ""rustc_version"": null,
    ""ci"": null
  }
}",TLSv1.3,TLS_AES_128_GCM_SHA256,"{
  ""http"": null
}"
2026-08-31 18:05:01.000000 UTC,US,/packages/6c/d8/253b3483fc554daf72503ba0f112404f75be6bbd7ca7047e804873cbb182/duckdb-1.1.3-cp311-cp311-macosx_12_0_x86_64.whl,duckdb,"{
  ""file"": {
    ""filename"": ""duckdb-1.1.3-cp311-cp311-macosx_12_0_x86_64.whl"",
    ""project"": ""duckdb"",
    ""version"": ""1.1.3"",
    ""type"": ""bdist_wheel""
  }
}","{
  ""details"": {
    ""installer"": {
      ""name"": ""Bazel"",
      ""version"": ""9.2.0- (@non-git)"",
      ""subcommand"": null
    },
    ""python"": null,
    ""implementation"": null,
    ""distro"": null,
    ""system"": null,
    ""cpu"": null,
    ""openssl_version"": null,
    ""setuptools_version"": null,
    ""rustc_version"": null,
    ""ci"": null
  }
}",TLSv1.3,TLS_AES_128_GCM_SHA256,"{
  ""http"": null
}"
2026-08-31 18:01:40.000000 UTC,US,/packages/6c/d8/253b3483fc554daf72503ba0f112404f75be6bbd7ca7047e804873cbb182/duckdb-1.1.3-cp311-cp311-macosx_12_0_x86_64.whl,duckdb,"{
  ""file"": {
    ""filename"": ""duckdb-1.1.3-cp311-cp311-macosx_12_0_x86_64.whl"",
    ""project"": ""duckdb"",
    ""version"": ""1.1.3"",
    ""type"": ""bdist_wheel""
  }
}","{
  ""details"": {
    ""installer"": {
      ""name"": ""Bazel"",
      ""version"": ""9.2.0- (@non-git)"",
      ""subcommand"": null
    },
    ""python"": null,
    ""implementation"": null,
    ""distro"": null,
    ""system"": null,
    ""cpu"": null,
    ""openssl_version"": null,
    ""setuptools_version"": null,
    ""rustc_version"": null,
    ""ci"": null
  }
}",TLSv1.3,TLS_AES_128_GCM_SHA256,"{
  ""http"": null
}"
2026-08-31 18:05:29.000000 UTC,US,/packages/6c/d8/253b3483fc554daf72503ba0f112404f75be6bbd7ca7047e804873cbb182/duckdb-1.1.3-cp311-cp311-macosx_12_0_x86_64.whl,duckdb,"{
  ""file"": {
    ""filename"": ""duckdb-1.1.3-cp311-cp311-macosx_12_0_x86_64.whl"",
    ""project"": ""duckdb"",
    ""version"": ""1.1.3"",
    ""type"": ""bdist_wheel""
  }
}","{
  ""details"": {
    ""installer"": {
      ""name"": ""Bazel"",
      ""version"": ""9.2.0- (@non-git)"",
      ""subcommand"": null
    },
    ""python"": null,
    ""implementation"": null,
    ""distro"": null,
    ""system"": null,
    ""cpu"": null,
    ""openssl_version"": null,
    ""setuptools_version"": null,
    ""rustc_version"": null,
    ""ci"": null
  }
}",TLSv1.3,TLS_AES_128_GCM_SHA256,"{
  ""http"": null
}"
2026-08-31 18:06:35.000000 UTC,US,/packages/6c/d8/253b3483fc554daf72503ba0f112404f75be6bbd7ca7047e804873cbb182/duckdb-1.1.3-cp311-cp311-macosx_12_0_x86_64.whl,duckdb,"{
  ""file"": {
    ""filename"": ""duckdb-1.1.3-cp311-cp311-macosx_12_0_x86_64.whl"",
    ""project"": ""duckdb"",
    ""version"": ""1.1.3"",
    ""type"": ""bdist_wheel""
  }
}","{
  ""details"": {
    ""installer"": {
      ""name"": ""Bazel"",
      ""version"": ""9.2.0- (@non-git)"",
      ""subcommand"": null
    },
    ""python"": null,
    ""implementation"": null,
    ""distro"": null,
    ""system"": null,
    ""cpu"": null,
    ""openssl_version"": null,
    ""setuptools_version"": null,
    ""rustc_version"": null,
    ""ci"": null
  }
}",TLSv1.3,TLS_AES_128_GCM_SHA256,"{
  ""http"": null
}"
2026-08-31 18:06:43.000000 UTC,US,/packages/6c/d8/253b3483fc554daf72503ba0f112404f75be6bbd7ca7047e804873cbb182/duckdb-1.1.3-cp311-cp311-macosx_12_0_x86_64.whl,duckdb,"{
  ""file"": {
    ""filename"": ""duckdb-1.1.3-cp311-cp311-macosx_12_0_x86_64.whl"",
    ""project"": ""duckdb"",
    ""version"": ""1.1.3"",
    ""type"": ""bdist_wheel""
  }
}","{
  ""details"": {
    ""installer"": {
      ""name"": ""Bazel"",
      ""version"": ""9.2.0- (@non-git)"",
      ""subcommand"": null
    },
    ""python"": null,
    ""implementation"": null,
    ""distro"": null,
    ""system"": null,
    ""cpu"": null,
    ""openssl_version"": null,
    ""setuptools_version"": null,
    ""rustc_version"": null,
    ""ci"": null
  }
}",TLSv1.3,TLS_AES_128_GCM_SHA256,"{
  ""http"": null
}"
2026-08-31 18:04:56.000000 UTC,US,/packages/6c/d8/253b3483fc554daf72503ba0f112404f75be6bbd7ca7047e804873cbb182/duckdb-1.1.3-cp311-cp311-macosx_12_0_x86_64.whl,duckdb,"{
  ""file"": {
    ""filename"": ""duckdb-1.1.3-cp311-cp311-macosx_12_0_x86_64.whl"",
    ""project"": ""duckdb"",
    ""version"": ""1.1.3"",
    ""type"": ""bdist_wheel""
  }
}","{
  ""details"": {
    ""installer"": {
      ""name"": ""Bazel"",
      ""version"": ""9.2.0- (@non-git)"",
      ""subcommand"": null
    },
    ""python"": null,
    ""implementation"": null,
    ""distro"": null,
    ""system"": null,
    ""cpu"": null,
    ""openssl_version"": null,
    ""setuptools_version"": null,
    ""rustc_version"": null,
    ""ci"": null
  }
}",TLSv1.3,TLS_AES_128_GCM_SHA256,"{
  ""http"": null
}"
2026-08-31 18:05:49.000000 UTC,US,/packages/6c/d8/253b3483fc554daf72503ba0f112404f75be6bbd7ca7047e804873cbb182/duckdb-1.1.3-cp311-cp311-macosx_12_0_x86_64.whl,duckdb,"{
  ""file"": {
    ""filename"": ""duckdb-1.1.3-cp311-cp311-macosx_12_0_x86_64.whl"",
    ""project"": ""duckdb"",
    ""version"": ""1.1.3"",
    ""type"": ""bdist_wheel""
  }
}","{
  ""details"": {
    ""installer"": {
      ""name"": ""Bazel"",
      ""version"": ""9.2.0- (@non-git)"",
      ""subcommand"": null
    },
    ""python"": null,
    ""implementation"": null,
    ""distro"": null,
    ""system"": null,
    ""cpu"": null,
    ""openssl_version"": null,
    ""setuptools_version"": null,
    ""rustc_version"": null,
    ""ci"": null
  }
}",TLSv1.3,TLS_AES_128_GCM_SHA256,"{
  ""http"": null
}"
2026-08-31 18:08:20.000000 UTC,US,/packages/6c/d8/253b3483fc554daf72503ba0f112404f75be6bbd7ca7047e804873cbb182/duckdb-1.1.3-cp311-cp311-macosx_12_0_x86_64.whl,duckdb,"{
  ""file"": {
    ""filename"": ""duckdb-1.1.3-cp311-cp311-macosx_12_0_x86_64.whl"",
    ""project"": ""duckdb"",
    ""version"": ""1.1.3"",
    ""type"": ""bdist_wheel""
  }
}","{
  ""details"": {
    ""installer"": {
      ""name"": ""Bazel"",
      ""version"": ""9.2.0- (@non-git)"",
      ""subcommand"": null
    },
    ""python"": null,
    ""implementation"": null,
    ""distro"": null,
    ""system"": null,
    ""cpu"": null,
    ""openssl_version"": null,
    ""setuptools_version"": null,
    ""rustc_version"": null,
    ""ci"": null
  }
}",TLSv1.3,TLS_AES_128_GCM_SHA256,"{
  ""http"": null
}"
2026-08-31 18:06:20.000000 UTC,US,/packages/6c/d8/253b3483fc554daf72503ba0f112404f75be6bbd7ca7047e804873cbb182/duckdb-1.1.3-cp311-cp311-macosx_12_0_x86_64.whl,duckdb,"{
  ""file"": {
    ""filename"": ""duckdb-1.1.3-cp311-cp311-macosx_12_0_x86_64.whl"",
    ""project"": ""duckdb"",
    ""version"": ""1.1.3"",
    ""type"": ""bdist_wheel""
  }
}","{
  ""details"": {
    ""installer"": {
      ""name"": ""Bazel"",
      ""version"": ""9.2.0- (@non-git)"",
      ""subcommand"": null
    },
    ""python"": null,
    ""implementation"": null,
    ""distro"": null,
    ""system"": null,
    ""cpu"": null,
    ""openssl_version"": null,
    ""setuptools_version"": null,
    ""rustc_version"": null,
    ""ci"": null
  }
}",TLSv1.3,TLS_AES_128_GCM_SHA256,"{
  ""http"": null
}"
2026-08-31 18:09:45.000000 UTC,US,/packages/6c/d8/253b3483fc554daf72503ba0f112404f75be6bbd7ca7047e804873cbb182/duckdb-1.1.3-cp311-cp311-macosx_12_0_x86_64.whl,duckdb,"{
  ""file"": {
    ""filename"": ""duckdb-1.1.3-cp311-cp311-macosx_12_0_x86_64.whl"",
    ""project"": ""duckdb"",
    ""version"": ""1.1.3"",
    ""type"": ""bdist_wheel""
  }
}","{
  ""details"": {
    ""installer"": {
      ""name"": ""Bazel"",
      ""version"": ""9.2.0- (@non-git)"",
      ""subcommand"": null
    },
    ""python"": null,
    ""implementation"": null,
    ""distro"": null,
    ""system"": null,
    ""cpu"": null,
    ""openssl_version"": null,
    ""setuptools_version"": null,
    ""rustc_version"": null,
    ""ci"": null
  }
}",TLSv1.3,TLS_AES_128_GCM_SHA256,"{
  ""http"": null
}"
2026-08-31 18:05:04.000000 UTC,US,/packages/6c/d8/253b3483fc554daf72503ba0f112404f75be6bbd7ca7047e804873cbb182/duckdb-1.1.3-cp311-cp311-macosx_12_0_x86_64.whl,duckdb,"{
  ""file"": {
    ""filename"": ""duckdb-1.1.3-cp311-cp311-macosx_12_0_x86_64.whl"",
    ""project"": ""duckdb"",
    ""version"": ""1.1.3"",
    ""type"": ""bdist_wheel""
  }
}","{
  ""details"": {
    ""installer"": {
      ""name"": ""Bazel"",
      ""version"": ""9.2.0- (@non-git)"",
      ""subcommand"": null
    },
    ""python"": null,
    ""implementation"": null,
    ""distro"": null,
    ""system"": null,
    ""cpu"": null,
    ""openssl_version"": null,
    ""setuptools_version"": null,
    ""rustc_version"": null,
    ""ci"": null
  }
}",TLSv1.3,TLS_AES_128_GCM_SHA256,"{
  ""http"": null
}"
2026-08-31 18:07:38.000000 UTC,US,/packages/6c/d8/253b3483fc554daf72503ba0f112404f75be6bbd7ca7047e804873cbb182/duckdb-1.1.3-cp311-cp311-macosx_12_0_x86_64.whl,duckdb,"{
  ""file"": {
    ""filename"": ""duckdb-1.1.3-cp311-cp311-macosx_12_0_x86_64.whl"",
    ""project"": ""duckdb"",
    ""version"": ""1.1.3"",
    ""type"": ""bdist_wheel""
  }
}","{
  ""details"": {
    ""installer"": {
      ""name"": ""Bazel"",
      ""version"": ""9.2.0- (@non-git)"",
      ""subcommand"": null
    },
    ""python"": null,
    ""implementation"": null,
    ""distro"": null,
    ""system"": null,
    ""cpu"": null,
    ""openssl_version"": null,
    ""setuptools_version"": null,
    ""rustc_version"": null,
    ""ci"": null
  }
}",TLSv1.3,TLS_AES_128_GCM_SHA256,"{
  ""http"": null
}"
2026-08-31 18:08:39.000000 UTC,US,/packages/6c/d8/253b3483fc554daf72503ba0f112404f75be6bbd7ca7047e804873cbb182/duckdb-1.1.3-cp311-cp311-macosx_12_0_x86_64.whl,duckdb,"{
  ""file"": {
    ""filename"": ""duckdb-1.1.3-cp311-cp311-macosx_12_0_x86_64.whl"",
    ""project"": ""duckdb"",
    ""version"": ""1.1.3"",
    ""type"": ""bdist_wheel""
  }
}","{
  ""details"": {
    ""installer"": {
      ""name"": ""Bazel"",
      ""version"": ""9.2.0- (@non-git)"",
      ""subcommand"": null
    },
    ""python"": null,
    ""implementation"": null,
    ""distro"": null,
    ""system"": null,
    ""cpu"": null,
    ""openssl_version"": null,
    ""setuptools_version"": null,
    ""rustc_version"": null,
    ""ci"": null
  }
}",TLSv1.3,TLS_AES_128_GCM_SHA256,"{
  ""http"": null
}"
2026-08-31 18:08:39.000000 UTC,US,/packages/f8/11/908a8fb73cef8304d3f4eab7f27cc489f6fd675f921d382c83c55253be86/duckdb-1.1.3-cp311-cp311-manylinux_2_17_aarch64.manylinux2014_aarch64.whl,duckdb,"{
  ""file"": {
    ""filename"": ""duckdb-1.1.3-cp311-cp311-manylinux_2_17_aarch64.manylinux2014_aarch64.whl"",
    ""project"": ""duckdb"",
    ""version"": ""1.1.3"",
    ""type"": ""bdist_wheel""
  }
}","{
  ""details"": {
    ""installer"": {
      ""name"": ""Bazel"",
      ""version"": ""9.2.0- (@non-git)"",
      ""subcommand"": null
    },
    ""python"": null,
    ""implementation"": null,
    ""distro"": null,
    ""system"": null,
    ""cpu"": null,
    ""openssl_version"": null,
    ""setuptools_version"": null,
    ""rustc_version"": null,
    ""ci"": null
  }
}",TLSv1.3,TLS_AES_128_GCM_SHA256,"{
  ""http"": null
}"
2026-08-31 18:05:13.000000 UTC,US,/packages/f8/11/908a8fb73cef8304d3f4eab7f27cc489f6fd675f921d382c83c55253be86/duckdb-1.1.3-cp311-cp311-manylinux_2_17_aarch64.manylinux2014_aarch64.whl,duckdb,"{
  ""file"": {
    ""filename"": ""duckdb-1.1.3-cp311-cp311-manylinux_2_17_aarch64.manylinux2014_aarch64.whl"",
    ""project"": ""duckdb"",
    ""version"": ""1.1.3"",
    ""type"": ""bdist_wheel""
  }
}","{
  ""details"": {
    ""installer"": {
      ""name"": ""Bazel"",
      ""version"": ""9.2.0- (@non-git)"",
      ""subcommand"": null
    },
    ""python"": null,
    ""implementation"": null,
    ""distro"": null,
    ""system"": null,
    ""cpu"": null,
    ""openssl_version"": null,
    ""setuptools_version"": null,
    ""rustc_version"": null,
    ""ci"": null
  }
}",TLSv1.3,TLS_AES_128_GCM_SHA256,"{
  ""http"": null
}"
2026-08-31 18:05:04.000000 UTC,US,/packages/f8/11/908a8fb73cef8304d3f4eab7f27cc489f6fd675f921d382c83c55253be86/duckdb-1.1.3-cp311-cp311-manylinux_2_17_aarch64.manylinux2014_aarch64.whl,duckdb,"{
  ""file"": {
    ""filename"": ""duckdb-1.1.3-cp311-cp311-manylinux_2_17_aarch64.manylinux2014_aarch64.whl"",
    ""project"": ""duckdb"",
    ""version"": ""1.1.3"",
    ""type"": ""bdist_wheel""
  }
}","{
  ""details"": {
    ""installer"": {
      ""name"": ""Bazel"",
      ""version"": ""9.2.0- (@non-git)"",
      ""subcommand"": null
    },
    ""python"": null,
    ""implementation"": null,
    ""distro"": null,
    ""system"": null,
    ""cpu"": null,
    ""openssl_version"": null,
    ""setuptools_version"": null,
    ""rustc_version"": null,
    ""ci"": null
  }
}",TLSv1.3,TLS_AES_128_GCM_SHA256,"{
  ""http"": null
}"
2026-08-31 18:04:57.000000 UTC,US,/packages/f8/11/908a8fb73cef8304d3f4eab7f27cc489f6fd675f921d382c83c55253be86/duckdb-1.1.3-cp311-cp311-manylinux_2_17_aarch64.manylinux2014_aarch64.whl,duckdb,"{
  ""file"": {
    ""filename"": ""duckdb-1.1.3-cp311-cp311-manylinux_2_17_aarch64.manylinux2014_aarch64.whl"",
    ""project"": ""duckdb"",
    ""version"": ""1.1.3"",
    ""type"": ""bdist_wheel""
  }
}","{
  ""details"": {
    ""installer"": {
      ""name"": ""Bazel"",
      ""version"": ""9.2.0- (@non-git)"",
      ""subcommand"": null
    },
    ""python"": null,
    ""implementation"": null,
    ""distro"": null,
    ""system"": null,
    ""cpu"": null,
    ""openssl_version"": null,
    ""setuptools_version"": null,
    ""rustc_version"": null,
    ""ci"": null
  }
}",TLSv1.3,TLS_AES_128_GCM_SHA256,"{
  ""http"": null
}"
2026-08-31 18:06:20.000000 UTC,US,/packages/f8/11/908a8fb73cef8304d3f4eab7f27cc489f6fd675f921d382c83c55253be86/duckdb-1.1.3-cp311-cp311-manylinux_2_17_aarch64.manylinux2014_aarch64.whl,duckdb,"{
  ""file"": {
    ""filename"": ""duckdb-1.1.3-cp311-cp311-manylinux_2_17_aarch64.manylinux2014_aarch64.whl"",
    ""project"": ""duckdb"",
    ""version"": ""1.1.3"",
    ""type"": ""bdist_wheel""
  }
}","{
  ""details"": {
    ""installer"": {
      ""name"": ""Bazel"",
      ""version"": ""9.2.0- (@non-git)"",
      ""subcommand"": null
    },
    ""python"": null,
    ""implementation"": null,
    ""distro"": null,
    ""system"": null,
    ""cpu"": null,
    ""openssl_version"": null,
    ""setuptools_version"": null,
    ""rustc_version"": null,
    ""ci"": null
  }
}",TLSv1.3,TLS_AES_128_GCM_SHA256,"{
  ""http"": null
}"
2026-08-31 18:08:43.000000 UTC,US,/packages/f8/11/908a8fb73cef8304d3f4eab7f27cc489f6fd675f921d382c83c55253be86/duckdb-1.1.3-cp311-cp311-manylinux_2_17_aarch64.manylinux2014_aarch64.whl,duckdb,"{
  ""file"": {
    ""filename"": ""duckdb-1.1.3-cp311-cp311-manylinux_2_17_aarch64.manylinux2014_aarch64.whl"",
    ""project"": ""duckdb"",
    ""version"": ""1.1.3"",
    ""type"": ""bdist_wheel""
  }
}","{
  ""details"": {
    ""installer"": {
      ""name"": ""Bazel"",
      ""version"": ""9.2.0- (@non-git)"",
      ""subcommand"": null
    },
    ""python"": null,
    ""implementation"": null,
    ""distro"": null,
    ""system"": null,
    ""cpu"": null,
    ""openssl_version"": null,
    ""setuptools_version"": null,
    ""rustc_version"": null,
    ""ci"": null
  }
}",TLSv1.3,TLS_AES_128_GCM_SHA256,"{
  ""http"": null
}"
2026-08-31 18:05:09.000000 UTC,US,/packages/f8/11/908a8fb73cef8304d3f4eab7f27cc489f6fd675f921d382c83c55253be86/duckdb-1.1.3-cp311-cp311-manylinux_2_17_aarch64.manylinux2014_aarch64.whl,duckdb,"{
  ""file"": {
    ""filename"": ""duckdb-1.1.3-cp311-cp311-manylinux_2_17_aarch64.manylinux2014_aarch64.whl"",
    ""project"": ""duckdb"",
    ""version"": ""1.1.3"",
    ""type"": ""bdist_wheel""
  }
}","{
  ""details"": {
    ""installer"": {
      ""name"": ""Bazel"",
      ""version"": ""9.2.0- (@non-git)"",
      ""subcommand"": null
    },
    ""python"": null,
    ""implementation"": null,
    ""distro"": null,
    ""system"": null,
    ""cpu"": null,
    ""openssl_version"": null,
    ""setuptools_version"": null,
    ""rustc_version"": null,
    ""ci"": null
  }
}",TLSv1.3,TLS_AES_128_GCM_SHA256,"{
  ""http"": null
}"
2026-08-31 18:05:02.000000 UTC,US,/packages/f8/11/908a8fb73cef8304d3f4eab7f27cc489f6fd675f921d382c83c55253be86/duckdb-1.1.3-cp311-cp311-manylinux_2_17_aarch64.manylinux2014_aarch64.whl,duckdb,"{
  ""file"": {
    ""filename"": ""duckdb-1.1.3-cp311-cp311-manylinux_2_17_aarch64.manylinux2014_aarch64.whl"",
    ""project"": ""duckdb"",
    ""version"": ""1.1.3"",
    ""type"": ""bdist_wheel""
  }
}","{
  ""details"": {
    ""installer"": {
      ""name"": ""Bazel"",
      ""version"": ""9.2.0- (@non-git)"",
      ""subcommand"": null
    },
    ""python"": null,
    ""implementation"": null,
    ""distro"": null,
    ""system"": null,
    ""cpu"": null,
    ""openssl_version"": null,
    ""setuptools_version"": null,
    ""rustc_version"": null,
    ""ci"": null
  }
}",TLSv1.3,TLS_AES_128_GCM_SHA256,"{
  ""http"": null
}"
2026-08-31 18:05:49.000000 UTC,US,/packages/f8/11/908a8fb73cef8304d3f4eab7f27cc489f6fd675f921d382c83c55253be86/duckdb-1.1.3-cp311-cp311-manylinux_2_17_aarch64.manylinux2014_aarch64.whl,duckdb,"{
  ""file"": {
    ""filename"": ""duckdb-1.1.3-cp311-cp311-manylinux_2_17_aarch64.manylinux2014_aarch64.whl"",
    ""project"": ""duckdb"",
    ""version"": ""1.1.3"",
    ""type"": ""bdist_wheel""
  }
}","{
  ""details"": {
    ""installer"": {
      ""name"": ""Bazel"",
      ""version"": ""9.2.0- (@non-git)"",
      ""subcommand"": null
    },
    ""python"": null,
    ""implementation"": null,
    ""distro"": null,
    ""system"": null,
    ""cpu"": null,
    ""openssl_version"": null,
    ""setuptools_version"": null,
    ""rustc_version"": null,
    ""ci"": null
  }
}",TLSv1.3,TLS_AES_128_GCM_SHA256,"{
  ""http"": null
}"
2026-08-31 18:04:57.000000 UTC,US,/packages/f8/11/908a8fb73cef8304d3f4eab7f27cc489f6fd675f921d382c83c55253be86/duckdb-1.1.3-cp311-cp311-manylinux_2_17_aarch64.manylinux2014_aarch64.whl,duckdb,"{
  ""file"": {
    ""filename"": ""duckdb-1.1.3-cp311-cp311-manylinux_2_17_aarch64.manylinux2014_aarch64.whl"",
    ""project"": ""duckdb"",
    ""version"": ""1.1.3"",
    ""type"": ""bdist_wheel""
  }
}","{
  ""details"": {
    ""installer"": {
      ""name"": ""Bazel"",
      ""version"": ""9.2.0- (@non-git)"",
      ""subcommand"": null
    },
    ""python"": null,
    ""implementation"": null,
    ""distro"": null,
    ""system"": null,
    ""cpu"": null,
    ""openssl_version"": null,
    ""setuptools_version"": null,
    ""rustc_version"": null,
    ""ci"": null
  }
}",TLSv1.3,TLS_AES_128_GCM_SHA256,"{
  ""http"": null
}"
2026-08-31 18:00:16.000000 UTC,US,/packages/f8/11/908a8fb73cef8304d3f4eab7f27cc489f6fd675f921d382c83c55253be86/duckdb-1.1.3-cp311-cp311-manylinux_2_17_aarch64.manylinux2014_aarch64.whl,duckdb,"{
  ""file"": {
    ""filename"": ""duckdb-1.1.3-cp311-cp311-manylinux_2_17_aarch64.manylinux2014_aarch64.whl"",
    ""project"": ""duckdb"",
    ""version"": ""1.1.3"",
    ""type"": ""bdist_wheel""
  }
}","{
  ""details"": {
    ""installer"": {
      ""name"": ""Bazel"",
      ""version"": ""9.2.0- (@non-git)"",
      ""subcommand"": null
    },
    ""python"": null,
    ""implementation"": null,
    ""distro"": null,
    ""system"": null,
    ""cpu"": null,
    ""openssl_version"": null,
    ""setuptools_version"": null,
    ""rustc_version"": null,
    ""ci"": null
  }
}",TLSv1.3,TLS_AES_128_GCM_SHA256,"{
  ""http"": null
}"
2026-08-31 18:06:35.000000 UTC,US,/packages/f8/11/908a8fb73cef8304d3f4eab7f27cc489f6fd675f921d382c83c55253be86/duckdb-1.1.3-cp311-cp311-manylinux_2_17_aarch64.manylinux2014_aarch64.whl,duckdb,"{
  ""file"": {
    ""filename"": ""duckdb-1.1.3-cp311-cp311-manylinux_2_17_aarch64.manylinux2014_aarch64.whl"",
    ""project"": ""duckdb"",
    ""version"": ""1.1.3"",
    ""type"": ""bdist_wheel""
  }
}","{
  ""details"": {
    ""installer"": {
      ""name"": ""Bazel"",
      ""version"": ""9.2.0- (@non-git)"",
      ""subcommand"": null
    },
    ""python"": null,
    ""implementation"": null,
    ""distro"": null,
    ""system"": null,
    ""cpu"": null,
    ""openssl_version"": null,
    ""setuptools_version"": null,
    ""rustc_version"": null,
    ""ci"": null
  }
}",TLSv1.3,TLS_AES_128_GCM_SHA256,"{
  ""http"": null
}"
2026-08-31 18:06:08.000000 UTC,US,/packages/f8/11/908a8fb73cef8304d3f4eab7f27cc489f6fd675f921d382c83c55253be86/duckdb-1.1.3-cp311-cp311-manylinux_2_17_aarch64.manylinux2014_aarch64.whl,duckdb,"{
  ""file"": {
    ""filename"": ""duckdb-1.1.3-cp311-cp311-manylinux_2_17_aarch64.manylinux2014_aarch64.whl"",
    ""project"": ""duckdb"",
    ""version"": ""1.1.3"",
    ""type"": ""bdist_wheel""
  }
}","{
  ""details"": {
    ""installer"": {
      ""name"": ""Bazel"",
      ""version"": ""9.2.0- (@non-git)"",
      ""subcommand"": null
    },
    ""python"": null,
    ""implementation"": null,
    ""distro"": null,
    ""system"": null,
    ""cpu"": null,
    ""openssl_version"": null,
    ""setuptools_version"": null,
    ""rustc_version"": null,
    ""ci"": null
  }
}",TLSv1.3,TLS_AES_128_GCM_SHA256,"{
  ""http"": null
}"
2026-08-31 18:04:52.000000 UTC,US,/packages/f8/11/908a8fb73cef8304d3f4eab7f27cc489f6fd675f921d382c83c55253be86/duckdb-1.1.3-cp311-cp311-manylinux_2_17_aarch64.manylinux2014_aarch64.whl,duckdb,"{
  ""file"": {
    ""filename"": ""duckdb-1.1.3-cp311-cp311-manylinux_2_17_aarch64.manylinux2014_aarch64.whl"",
    ""project"": ""duckdb"",
    ""version"": ""1.1.3"",
    ""type"": ""bdist_wheel""
  }
}","{
  ""details"": {
    ""installer"": {
      ""name"": ""Bazel"",
      ""version"": ""9.2.0- (@non-git)"",
      ""subcommand"": null
    },
    ""python"": null,
    ""implementation"": null,
    ""distro"": null,
    ""system"": null,
    ""cpu"": null,
    ""openssl_version"": null,
    ""setuptools_version"": null,
    ""rustc_version"": null,
    ""ci"": null
  }
}",TLSv1.3,TLS_AES_128_GCM_SHA256,"{
  ""http"": null
}"
2026-08-31 18:08:18.000000 UTC,US,/packages/f8/11/908a8fb73cef8304d3f4eab7f27cc489f6fd675f921d382c83c55253be86/duckdb-1.1.3-cp311-cp311-manylinux_2_17_aarch64.manylinux2014_aarch64.whl,duckdb,"{
  ""file"": {
    ""filename"": ""duckdb-1.1.3-cp311-cp311-manylinux_2_17_aarch64.manylinux2014_aarch64.whl"",
    ""project"": ""duckdb"",
    ""version"": ""1.1.3"",
    ""type"": ""bdist_wheel""
  }
}","{
  ""details"": {
    ""installer"": {
      ""name"": ""Bazel"",
      ""version"": ""9.2.0- (@non-git)"",
      ""subcommand"": null
    },
    ""python"": null,
    ""implementation"": null,
    ""distro"": null,
    ""system"": null,
    ""cpu"": null,
    ""openssl_version"": null,
    ""setuptools_version"": null,
    ""rustc_version"": null,
    ""ci"": null
  }
}",TLSv1.3,TLS_AES_128_GCM_SHA256,"{
  ""http"": null
}"
2026-08-31 18:08:21.000000 UTC,US,/packages/f8/11/908a8fb73cef8304d3f4eab7f27cc489f6fd675f921d382c83c55253be86/duckdb-1.1.3-cp311-cp311-manylinux_2_17_aarch64.manylinux2014_aarch64.whl,duckdb,"{
  ""file"": {
    ""filename"": ""duckdb-1.1.3-cp311-cp311-manylinux_2_17_aarch64.manylinux2014_aarch64.whl"",
    ""project"": ""duckdb"",
    ""version"": ""1.1.3"",
    ""type"": ""bdist_wheel""
  }
}","{
  ""details"": {
    ""installer"": {
      ""name"": ""Bazel"",
      ""version"": ""9.2.0- (@non-git)"",
      ""subcommand"": null
    },
    ""python"": null,
    ""implementation"": null,
    ""distro"": null,
    ""system"": null,
    ""cpu"": null,
    ""openssl_version"": null,
    ""setuptools_version"": null,
    ""rustc_version"": null,
    ""ci"": null
  }
}",TLSv1.3,TLS_AES_128_GCM_SHA256,"{
  ""http"": null
}"
2026-08-31 18:05:29.000000 UTC,US,/packages/f8/11/908a8fb73cef8304d3f4eab7f27cc489f6fd675f921d382c83c55253be86/duckdb-1.1.3-cp311-cp311-manylinux_2_17_aarch64.manylinux2014_aarch64.whl,duckdb,"{
  ""file"": {
    ""filename"": ""duckdb-1.1.3-cp311-cp311-manylinux_2_17_aarch64.manylinux2014_aarch64.whl"",
    ""project"": ""duckdb"",
    ""version"": ""1.1.3"",
    ""type"": ""bdist_wheel""
  }
}","{
  ""details"": {
    ""installer"": {
      ""name"": ""Bazel"",
      ""version"": ""9.2.0- (@non-git)"",
      ""subcommand"": null
    },
    ""python"": null,
    ""implementation"": null,
    ""distro"": null,
    ""system"": null,
    ""cpu"": null,
    ""openssl_version"": null,
    ""setuptools_version"": null,
    ""rustc_version"": null,
    ""ci"": null
  }
}",TLSv1.3,TLS_AES_128_GCM_SHA256,"{
  ""http"": null
}"
2026-08-31 18:07:38.000000 UTC,US,/packages/f8/11/908a8fb73cef8304d3f4eab7f27cc489f6fd675f921d382c83c55253be86/duckdb-1.1.3-cp311-cp311-manylinux_2_17_aarch64.manylinux2014_aarch64.whl,duckdb,"{
  ""file"": {
    ""filename"": ""duckdb-1.1.3-cp311-cp311-manylinux_2_17_aarch64.manylinux2014_aarch64.whl"",
    ""project"": ""duckdb"",
    ""version"": ""1.1.3"",
    ""type"": ""bdist_wheel""
  }
}","{
  ""details"": {
    ""installer"": {
      ""name"": ""Bazel"",
      ""version"": ""9.2.0- (@non-git)"",
      ""subcommand"": null
    },
    ""python"": null,
    ""implementation"": null,
    ""distro"": null,
    ""system"": null,
    ""cpu"": null,
    ""openssl_version"": null,
    ""setuptools_version"": null,
    ""rustc_version"": null,
    ""ci"": null
  }
}",TLSv1.3,TLS_AES_128_GCM_SHA256,"{
  ""http"": null
}"
2026-08-31 18:06:44.000000 UTC,US,/packages/f8/11/908a8fb73cef8304d3f4eab7f27cc489f6fd675f921d382c83c55253be86/duckdb-1.1.3-cp311-cp311-manylinux_2_17_aarch64.manylinux2014_aarch64.whl,duckdb,"{
  ""file"": {
    ""filename"": ""duckdb-1.1.3-cp311-cp311-manylinux_2_17_aarch64.manylinux2014_aarch64.whl"",
    ""project"": ""duckdb"",
    ""version"": ""1.1.3"",
    ""type"": ""bdist_wheel""
  }
}","{
  ""details"": {
    ""installer"": {
      ""name"": ""Bazel"",
      ""version"": ""9.2.0- (@non-git)"",
      ""subcommand"": null
    },
    ""python"": null,
    ""implementation"": null,
    ""distro"": null,
    ""system"": null,
    ""cpu"": null,
    ""openssl_version"": null,
    ""setuptools_version"": null,
    ""rustc_version"": null,
    ""ci"": null
  }
}",TLSv1.3,TLS_AES_128_GCM_SHA256,"{
  ""http"": null
}"
2026-08-31 18:05:07.000000 UTC,US,/packages/f8/11/908a8fb73cef8304d3f4eab7f27cc489f6fd675f921d382c83c55253be86/duckdb-1.1.3-cp311-cp311-manylinux_2_17_aarch64.manylinux2014_aarch64.whl,duckdb,"{
  ""file"": {
    ""filename"": ""duckdb-1.1.3-cp311-cp311-manylinux_2_17_aarch64.manylinux2014_aarch64.whl"",
    ""project"": ""duckdb"",
    ""version"": ""1.1.3"",
    ""type"": ""bdist_wheel""
  }
}","{
  ""details"": {
    ""installer"": {
      ""name"": ""Bazel"",
      ""version"": ""9.2.0- (@non-git)"",
      ""subcommand"": null
    },
    ""python"": null,
    ""implementation"": null,
    ""distro"": null,
    ""system"": null,
    ""cpu"": null,
    ""openssl_version"": null,
    ""setuptools_version"": null,
    ""rustc_version"": null,
    ""ci"": null
  }
}",TLSv1.3,TLS_AES_128_GCM_SHA256,"{
  ""http"": null
}"
2026-08-31 18:04:50.000000 UTC,US,/packages/f8/11/908a8fb73cef8304d3f4eab7f27cc489f6fd675f921d382c83c55253be86/duckdb-1.1.3-cp311-cp311-manylinux_2_17_aarch64.manylinux2014_aarch64.whl,duckdb,"{
  ""file"": {
    ""filename"": ""duckdb-1.1.3-cp311-cp311-manylinux_2_17_aarch64.manylinux2014_aarch64.whl"",
    ""project"": ""duckdb"",
    ""version"": ""1.1.3"",
    ""type"": ""bdist_wheel""
  }
}","{
  ""details"": {
    ""installer"": {
      ""name"": ""Bazel"",
      ""version"": ""9.2.0- (@non-git)"",
      ""subcommand"": null
    },
    ""python"": null,
    ""implementation"": null,
    ""distro"": null,
    ""system"": null,
    ""cpu"": null,
    ""openssl_version"": null,
    ""setuptools_version"": null,
    ""rustc_version"": null,
    ""ci"": null
  }
}",TLSv1.3,TLS_AES_128_GCM_SHA256,"{
  ""http"": null
}"
2026-08-31 18:05:02.000000 UTC,US,/packages/f8/11/908a8fb73cef8304d3f4eab7f27cc489f6fd675f921d382c83c55253be86/duckdb-1.1.3-cp311-cp311-manylinux_2_17_aarch64.manylinux2014_aarch64.whl,duckdb,"{
  ""file"": {
    ""filename"": ""duckdb-1.1.3-cp311-cp311-manylinux_2_17_aarch64.manylinux2014_aarch64.whl"",
    ""project"": ""duckdb"",
    ""version"": ""1.1.3"",
    ""type"": ""bdist_wheel""
  }
}","{
  ""details"": {
    ""installer"": {
      ""name"": ""Bazel"",
      ""version"": ""9.2.0- (@non-git)"",
      ""subcommand"": null
    },
    ""python"": null,
    ""implementation"": null,
    ""distro"": null,
    ""system"": null,
    ""cpu"": null,
    ""openssl_version"": null,
    ""setuptools_version"": null,
    ""rustc_version"": null,
    ""ci"": null
  }
}",TLSv1.3,TLS_AES_128_GCM_SHA256,"{
  ""http"": null
}"
2026-08-31 18:01:40.000000 UTC,US,/packages/f8/11/908a8fb73cef8304d3f4eab7f27cc489f6fd675f921d382c83c55253be86/duckdb-1.1.3-cp311-cp311-manylinux_2_17_aarch64.manylinux2014_aarch64.whl,duckdb,"{
  ""file"": {
    ""filename"": ""duckdb-1.1.3-cp311-cp311-manylinux_2_17_aarch64.manylinux2014_aarch64.whl"",
    ""project"": ""duckdb"",
    ""version"": ""1.1.3"",
    ""type"": ""bdist_wheel""
  }
}","{
  ""details"": {
    ""installer"": {
      ""name"": ""Bazel"",
      ""version"": ""9.2.0- (@non-git)"",
      ""subcommand"": null
    },
    ""python"": null,
    ""implementation"": null,
    ""distro"": null,
    ""system"": null,
    ""cpu"": null,
    ""openssl_version"": null,
    ""setuptools_version"": null,
    ""rustc_version"": null,
    ""ci"": null
  }
}",TLSv1.3,TLS_AES_128_GCM_SHA256,"{
  ""http"": null
}"
2026-08-31 18:05:13.000000 UTC,US,/packages/f8/11/908a8fb73cef8304d3f4eab7f27cc489f6fd675f921d382c83c55253be86/duckdb-1.1.3-cp311-cp311-manylinux_2_17_aarch64.manylinux2014_aarch64.whl,duckdb,"{
  ""file"": {
    ""filename"": ""duckdb-1.1.3-cp311-cp311-manylinux_2_17_aarch64.manylinux2014_aarch64.whl"",
    ""project"": ""duckdb"",
    ""version"": ""1.1.3"",
    ""type"": ""bdist_wheel""
  }
}","{
  ""details"": {
    ""installer"": {
      ""name"": ""Bazel"",
      ""version"": ""9.2.0- (@non-git)"",
      ""subcommand"": null
    },
    ""python"": null,
    ""implementation"": null,
    ""distro"": null,
    ""system"": null,
    ""cpu"": null,
    ""openssl_version"": null,
    ""setuptools_version"": null,
    ""rustc_version"": null,
    ""ci"": null
  }
}",TLSv1.3,TLS_AES_128_GCM_SHA256,"{
  ""http"": null
}"
2026-08-31 18:00:34.000000 UTC,US,/packages/f8/11/908a8fb73cef8304d3f4eab7f27cc489f6fd675f921d382c83c55253be86/duckdb-1.1.3-cp311-cp311-manylinux_2_17_aarch64.manylinux2014_aarch64.whl,duckdb,"{
  ""file"": {
    ""filename"": ""duckdb-1.1.3-cp311-cp311-manylinux_2_17_aarch64.manylinux2014_aarch64.whl"",
    ""project"": ""duckdb"",
    ""version"": ""1.1.3"",
    ""type"": ""bdist_wheel""
  }
}","{
  ""details"": {
    ""installer"": {
      ""name"": ""Bazel"",
      ""version"": ""9.2.0- (@non-git)"",
      ""subcommand"": null
    },
    ""python"": null,
    ""implementation"": null,
    ""distro"": null,
    ""system"": null,
    ""cpu"": null,
    ""openssl_version"": null,
    ""setuptools_version"": null,
    ""rustc_version"": null,
    ""ci"": null
  }
}",TLSv1.3,TLS_AES_128_GCM_SHA256,"{
  ""http"": null
}"
2026-08-31 18:06:21.000000 UTC,US,/packages/bf/56/f627b6fcd4aa34015a15449d852ccb78d7cc6eda654aa20c1d378e99fa76/duckdb-1.1.3-cp311-cp311-manylinux_2_17_x86_64.manylinux2014_x86_64.whl,duckdb,"{
  ""file"": {
    ""filename"": ""duckdb-1.1.3-cp311-cp311-manylinux_2_17_x86_64.manylinux2014_x86_64.whl"",
    ""project"": ""duckdb"",
    ""version"": ""1.1.3"",
    ""type"": ""bdist_wheel""
  }
}","{
  ""details"": {
    ""installer"": {
      ""name"": ""Bazel"",
      ""version"": ""9.2.0- (@non-git)"",
      ""subcommand"": null
    },
    ""python"": null,
    ""implementation"": null,
    ""distro"": null,
    ""system"": null,
    ""cpu"": null,
    ""openssl_version"": null,
    ""setuptools_version"": null,
    ""rustc_version"": null,
    ""ci"": null
  }
}",TLSv1.3,TLS_AES_128_GCM_SHA256,"{
  ""http"": null
}"
2026-08-31 18:05:14.000000 UTC,US,/packages/bf/56/f627b6fcd4aa34015a15449d852ccb78d7cc6eda654aa20c1d378e99fa76/duckdb-1.1.3-cp311-cp311-manylinux_2_17_x86_64.manylinux2014_x86_64.whl,duckdb,"{
  ""file"": {
    ""filename"": ""duckdb-1.1.3-cp311-cp311-manylinux_2_17_x86_64.manylinux2014_x86_64.whl"",
    ""project"": ""duckdb"",
    ""version"": ""1.1.3"",
    ""type"": ""bdist_wheel""
  }
}","{
  ""details"": {
    ""installer"": {
      ""name"": ""Bazel"",
      ""version"": ""9.2.0- (@non-git)"",
      ""subcommand"": null
    },
    ""python"": null,
    ""implementation"": null,
    ""distro"": null,
    ""system"": null,
    ""cpu"": null,
    ""openssl_version"": null,
    ""setuptools_version"": null,
    ""rustc_version"": null,
    ""ci"": null
  }
}",TLSv1.3,TLS_AES_128_GCM_SHA256,"{
  ""http"": null
}"
2026-08-31 18:00:14.000000 UTC,JP,/packages/bf/56/f627b6fcd4aa34015a15449d852ccb78d7cc6eda654aa20c1d378e99fa76/duckdb-1.1.3-cp311-cp311-manylinux_2_17_x86_64.manylinux2014_x86_64.whl,duckdb,"{
  ""file"": {
    ""filename"": ""duckdb-1.1.3-cp311-cp311-manylinux_2_17_x86_64.manylinux2014_x86_64.whl"",
    ""project"": ""duckdb"",
    ""version"": ""1.1.3"",
    ""type"": ""bdist_wheel""
  }
}","{
  ""details"": {
    ""installer"": {
      ""name"": ""Nexus"",
      ""version"": ""3.76.1-01"",
      ""subcommand"": null
    },
    ""python"": null,
    ""implementation"": null,
    ""distro"": null,
    ""system"": null,
    ""cpu"": null,
    ""openssl_version"": null,
    ""setuptools_version"": null,
    ""rustc_version"": null,
    ""ci"": null
  }
}",TLSv1.3,TLS_AES_128_GCM_SHA256,"{
  ""http"": null
}"
2026-08-31 18:08:21.000000 UTC,US,/packages/bf/56/f627b6fcd4aa34015a15449d852ccb78d7cc6eda654aa20c1d378e99fa76/duckdb-1.1.3-cp311-cp311-manylinux_2_17_x86_64.manylinux2014_x86_64.whl,duckdb,"{
  ""file"": {
    ""filename"": ""duckdb-1.1.3-cp311-cp311-manylinux_2_17_x86_64.manylinux2014_x86_64.whl"",
    ""project"": ""duckdb"",
    ""version"": ""1.1.3"",
    ""type"": ""bdist_wheel""
  }
}","{
  ""details"": {
    ""installer"": {
      ""name"": ""Bazel"",
      ""version"": ""9.2.0- (@non-git)"",
      ""subcommand"": null
    },
    ""python"": null,
    ""implementation"": null,
    ""distro"": null,
    ""system"": null,
    ""cpu"": null,
    ""openssl_version"": null,
    ""setuptools_version"": null,
    ""rustc_version"": null,
    ""ci"": null
  }
}",TLSv1.3,TLS_AES_128_GCM_SHA256,"{
  ""http"": null
}"
2026-08-31 18:05:02.000000 UTC,US,/packages/bf/56/f627b6fcd4aa34015a15449d852ccb78d7cc6eda654aa20c1d378e99fa76/duckdb-1.1.3-cp311-cp311-manylinux_2_17_x86_64.manylinux2014_x86_64.whl,duckdb,"{
  ""file"": {
    ""filename"": ""duckdb-1.1.3-cp311-cp311-manylinux_2_17_x86_64.manylinux2014_x86_64.whl"",
    ""project"": ""duckdb"",
    ""version"": ""1.1.3"",
    ""type"": ""bdist_wheel""
  }
}","{
  ""details"": {
    ""installer"": {
      ""name"": ""Bazel"",
      ""version"": ""9.2.0- (@non-git)"",
      ""subcommand"": null
    },
    ""python"": null,
    ""implementation"": null,
    ""distro"": null,
    ""system"": null,
    ""cpu"": null,
    ""openssl_version"": null,
    ""setuptools_version"": null,
    ""rustc_version"": null,
    ""ci"": null
  }
}",TLSv1.3,TLS_AES_128_GCM_SHA256,"{
  ""http"": null
}"
2026-08-31 18:06:35.000000 UTC,US,/packages/bf/56/f627b6fcd4aa34015a15449d852ccb78d7cc6eda654aa20c1d378e99fa76/duckdb-1.1.3-cp311-cp311-manylinux_2_17_x86_64.manylinux2014_x86_64.whl,duckdb,"{
  ""file"": {
    ""filename"": ""duckdb-1.1.3-cp311-cp311-manylinux_2_17_x86_64.manylinux2014_x86_64.whl"",
    ""project"": ""duckdb"",
    ""version"": ""1.1.3"",
    ""type"": ""bdist_wheel""
  }
}","{
  ""details"": {
    ""installer"": {
      ""name"": ""Bazel"",
      ""version"": ""9.2.0- (@non-git)"",
      ""subcommand"": null
    },
    ""python"": null,
    ""implementation"": null,
    ""distro"": null,
    ""system"": null,
    ""cpu"": null,
    ""openssl_version"": null,
    ""setuptools_version"": null,
    ""rustc_version"": null,
    ""ci"": null
  }
}",TLSv1.3,TLS_AES_128_GCM_SHA256,"{
  ""http"": null
}"
2026-08-31 18:01:07.000000 UTC,US,/packages/bf/56/f627b6fcd4aa34015a15449d852ccb78d7cc6eda654aa20c1d378e99fa76/duckdb-1.1.3-cp311-cp311-manylinux_2_17_x86_64.manylinux2014_x86_64.whl,duckdb,"{
  ""file"": {
    ""filename"": ""duckdb-1.1.3-cp311-cp311-manylinux_2_17_x86_64.manylinux2014_x86_64.whl"",
    ""project"": ""duckdb"",
    ""version"": ""1.1.3"",
    ""type"": ""bdist_wheel""
  }
}","{
  ""details"": {
    ""installer"": {
      ""name"": ""poetry"",
      ""version"": ""1.8.2"",
      ""subcommand"": null
    },
    ""python"": null,
    ""implementation"": {
      ""name"": ""CPython"",
      ""version"": ""3.9.21""
    },
    ""distro"": null,
    ""system"": {
      ""name"": ""Linux"",
      ""release"": ""6.12.94+""
    },
    ""cpu"": null,
    ""openssl_version"": null,
    ""setuptools_version"": null,
    ""rustc_version"": null,
    ""ci"": null
  }
}",TLSv1.3,TLS_AES_128_GCM_SHA256,"{
  ""http"": null
}"
2026-08-31 18:04:50.000000 UTC,US,/packages/bf/56/f627b6fcd4aa34015a15449d852ccb78d7cc6eda654aa20c1d378e99fa76/duckdb-1.1.3-cp311-cp311-manylinux_2_17_x86_64.manylinux2014_x86_64.whl,duckdb,"{
  ""file"": {
    ""filename"": ""duckdb-1.1.3-cp311-cp311-manylinux_2_17_x86_64.manylinux2014_x86_64.whl"",
    ""project"": ""duckdb"",
    ""version"": ""1.1.3"",
    ""type"": ""bdist_wheel""
  }
}","{
  ""details"": {
    ""installer"": {
      ""name"": ""Bazel"",
      ""version"": ""9.2.0- (@non-git)"",
      ""subcommand"": null
    },
    ""python"": null,
    ""implementation"": null,
    ""distro"": null,
    ""system"": null,
    ""cpu"": null,
    ""openssl_version"": null,
    ""setuptools_version"": null,
    ""rustc_version"": null,
    ""ci"": null
  }
}",TLSv1.3,TLS_AES_128_GCM_SHA256,"{
  ""http"": null
}"
2026-08-31 18:05:05.000000 UTC,US,/packages/bf/56/f627b6fcd4aa34015a15449d852ccb78d7cc6eda654aa20c1d378e99fa76/duckdb-1.1.3-cp311-cp311-manylinux_2_17_x86_64.manylinux2014_x86_64.whl,duckdb,"{
  ""file"": {
    ""filename"": ""duckdb-1.1.3-cp311-cp311-manylinux_2_17_x86_64.manylinux2014_x86_64.whl"",
    ""project"": ""duckdb"",
    ""version"": ""1.1.3"",
    ""type"": ""bdist_wheel""
  }
}","{
  ""details"": {
    ""installer"": {
      ""name"": ""Bazel"",
      ""version"": ""9.2.0- (@non-git)"",
      ""subcommand"": null
    },
    ""python"": null,
    ""implementation"": null,
    ""distro"": null,
    ""system"": null,
    ""cpu"": null,
    ""openssl_version"": null,
    ""setuptools_version"": null,
    ""rustc_version"": null,
    ""ci"": null
  }
}",TLSv1.3,TLS_AES_128_GCM_SHA256,"{
  ""http"": null
}"
2026-08-31 18:06:08.000000 UTC,US,/packages/bf/56/f627b6fcd4aa34015a15449d852ccb78d7cc6eda654aa20c1d378e99fa76/duckdb-1.1.3-cp311-cp311-manylinux_2_17_x86_64.manylinux2014_x86_64.whl,duckdb,"{
  ""file"": {
    ""filename"": ""duckdb-1.1.3-cp311-cp311-manylinux_2_17_x86_64.manylinux2014_x86_64.whl"",
    ""project"": ""duckdb"",
    ""version"": ""1.1.3"",
    ""type"": ""bdist_wheel""
  }
}","{
  ""details"": {
    ""installer"": {
      ""name"": ""Bazel"",
      ""version"": ""9.2.0- (@non-git)"",
      ""subcommand"": null
    },
    ""python"": null,
    ""implementation"": null,
    ""distro"": null,
    ""system"": null,
    ""cpu"": null,
    ""openssl_version"": null,
    ""setuptools_version"": null,
    ""rustc_version"": null,
    ""ci"": null
  }
}",TLSv1.3,TLS_AES_128_GCM_SHA256,"{
  ""http"": null
}"
2026-08-31 18:04:57.000000 UTC,US,/packages/bf/56/f627b6fcd4aa34015a15449d852ccb78d7cc6eda654aa20c1d378e99fa76/duckdb-1.1.3-cp311-cp311-manylinux_2_17_x86_64.manylinux2014_x86_64.whl,duckdb,"{
  ""file"": {
    ""filename"": ""duckdb-1.1.3-cp311-cp311-manylinux_2_17_x86_64.manylinux2014_x86_64.whl"",
    ""project"": ""duckdb"",
    ""version"": ""1.1.3"",
    ""type"": ""bdist_wheel""
  }
}","{
  ""details"": {
    ""installer"": {
      ""name"": ""Bazel"",
      ""version"": ""9.2.0- (@non-git)"",
      ""subcommand"": null
    },
    ""python"": null,
    ""implementation"": null,
    ""distro"": null,
    ""system"": null,
    ""cpu"": null,
    ""openssl_version"": null,
    ""setuptools_version"": null,
    ""rustc_version"": null,
    ""ci"": null
  }
}",TLSv1.3,TLS_AES_128_GCM_SHA256,"{
  ""http"": null
}"
2026-08-31 18:05:07.000000 UTC,US,/packages/bf/56/f627b6fcd4aa34015a15449d852ccb78d7cc6eda654aa20c1d378e99fa76/duckdb-1.1.3-cp311-cp311-manylinux_2_17_x86_64.manylinux2014_x86_64.whl,duckdb,"{
  ""file"": {
    ""filename"": ""duckdb-1.1.3-cp311-cp311-manylinux_2_17_x86_64.manylinux2014_x86_64.whl"",
    ""project"": ""duckdb"",
    ""version"": ""1.1.3"",
    ""type"": ""bdist_wheel""
  }
}","{
  ""details"": {
    ""installer"": {
      ""name"": ""Bazel"",
      ""version"": ""9.2.0- (@non-git)"",
      ""subcommand"": null
    },
    ""python"": null,
    ""implementation"": null,
    ""distro"": null,
    ""system"": null,
    ""cpu"": null,
    ""openssl_version"": null,
    ""setuptools_version"": null,
    ""rustc_version"": null,
    ""ci"": null
  }
}",TLSv1.3,TLS_AES_128_GCM_SHA256,"{
  ""http"": null
}"
2026-08-31 18:01:41.000000 UTC,US,/packages/bf/56/f627b6fcd4aa34015a15449d852ccb78d7cc6eda654aa20c1d378e99fa76/duckdb-1.1.3-cp311-cp311-manylinux_2_17_x86_64.manylinux2014_x86_64.whl,duckdb,"{
  ""file"": {
    ""filename"": ""duckdb-1.1.3-cp311-cp311-manylinux_2_17_x86_64.manylinux2014_x86_64.whl"",
    ""project"": ""duckdb"",
    ""version"": ""1.1.3"",
    ""type"": ""bdist_wheel""
  }
}","{
  ""details"": {
    ""installer"": {
      ""name"": ""Bazel"",
      ""version"": ""9.2.0- (@non-git)"",
      ""subcommand"": null
    },
    ""python"": null,
    ""implementation"": null,
    ""distro"": null,
    ""system"": null,
    ""cpu"": null,
    ""openssl_version"": null,
    ""setuptools_version"": null,
    ""rustc_version"": null,
    ""ci"": null
  }
}",TLSv1.3,TLS_AES_128_GCM_SHA256,"{
  ""http"": null
}"
2026-08-31 18:00:16.000000 UTC,US,/packages/bf/56/f627b6fcd4aa34015a15449d852ccb78d7cc6eda654aa20c1d378e99fa76/duckdb-1.1.3-cp311-cp311-manylinux_2_17_x86_64.manylinux2014_x86_64.whl,duckdb,"{
  ""file"": {
    ""filename"": ""duckdb-1.1.3-cp311-cp311-manylinux_2_17_x86_64.manylinux2014_x86_64.whl"",
    ""project"": ""duckdb"",
    ""version"": ""1.1.3"",
    ""type"": ""bdist_wheel""
  }
}","{
  ""details"": {
    ""installer"": {
      ""name"": ""Bazel"",
      ""version"": ""9.2.0- (@non-git)"",
      ""subcommand"": null
    },
    ""python"": null,
    ""implementation"": null,
    ""distro"": null,
    ""system"": null,
    ""cpu"": null,
    ""openssl_version"": null,
    ""setuptools_version"": null,
    ""rustc_version"": null,
    ""ci"": null
  }
}",TLSv1.3,TLS_AES_128_GCM_SHA256,"{
  ""http"": null
}"
2026-08-31 18:05:43.000000 UTC,US,/packages/bf/56/f627b6fcd4aa34015a15449d852ccb78d7cc6eda654aa20c1d378e99fa76/duckdb-1.1.3-cp311-cp311-manylinux_2_17_x86_64.manylinux2014_x86_64.whl,duckdb,"{
  ""file"": {
    ""filename"": ""duckdb-1.1.3-cp311-cp311-manylinux_2_17_x86_64.manylinux2014_x86_64.whl"",
    ""project"": ""duckdb"",
    ""version"": ""1.1.3"",
    ""type"": ""bdist_wheel""
  }
}","{
  ""details"": {
    ""installer"": {
      ""name"": ""poetry"",
      ""version"": ""1.8.2"",
      ""subcommand"": null
    },
    ""python"": null,
    ""implementation"": {
      ""name"": ""CPython"",
      ""version"": ""3.9.21""
    },
    ""distro"": null,
    ""system"": {
      ""name"": ""Linux"",
      ""release"": ""6.12.94+""
    },
    ""cpu"": null,
    ""openssl_version"": null,
    ""setuptools_version"": null,
    ""rustc_version"": null,
    ""ci"": null
  }
}",TLSv1.3,TLS_AES_128_GCM_SHA256,"{
  ""http"": null
}"
2026-08-31 18:05:49.000000 UTC,US,/packages/bf/56/f627b6fcd4aa34015a15449d852ccb78d7cc6eda654aa20c1d378e99fa76/duckdb-1.1.3-cp311-cp311-manylinux_2_17_x86_64.manylinux2014_x86_64.whl,duckdb,"{
  ""file"": {
    ""filename"": ""duckdb-1.1.3-cp311-cp311-manylinux_2_17_x86_64.manylinux2014_x86_64.whl"",
    ""project"": ""duckdb"",
    ""version"": ""1.1.3"",
    ""type"": ""bdist_wheel""
  }
}","{
  ""details"": {
    ""installer"": {
      ""name"": ""Bazel"",
      ""version"": ""9.2.0- (@non-git)"",
      ""subcommand"": null
    },
    ""python"": null,
    ""implementation"": null,
    ""distro"": null,
    ""system"": null,
    ""cpu"": null,
    ""openssl_version"": null,
    ""setuptools_version"": null,
    ""rustc_version"": null,
    ""ci"": null
  }
}",TLSv1.3,TLS_AES_128_GCM_SHA256,"{
  ""http"": null
}"
2026-08-31 18:00:34.000000 UTC,US,/packages/bf/56/f627b6fcd4aa34015a15449d852ccb78d7cc6eda654aa20c1d378e99fa76/duckdb-1.1.3-cp311-cp311-manylinux_2_17_x86_64.manylinux2014_x86_64.whl,duckdb,"{
  ""file"": {
    ""filename"": ""duckdb-1.1.3-cp311-cp311-manylinux_2_17_x86_64.manylinux2014_x86_64.whl"",
    ""project"": ""duckdb"",
    ""version"": ""1.1.3"",
    ""type"": ""bdist_wheel""
  }
}","{
  ""details"": {
    ""installer"": {
      ""name"": ""Bazel"",
      ""version"": ""9.2.0- (@non-git)"",
      ""subcommand"": null
    },
    ""python"": null,
    ""implementation"": null,
    ""distro"": null,
    ""system"": null,
    ""cpu"": null,
    ""openssl_version"": null,
    ""setuptools_version"": null,
    ""rustc_version"": null,
    ""ci"": null
  }
}",TLSv1.3,TLS_AES_128_GCM_SHA256,"{
  ""http"": null
}"
2026-08-31 18:05:30.000000 UTC,US,/packages/bf/56/f627b6fcd4aa34015a15449d852ccb78d7cc6eda654aa20c1d378e99fa76/duckdb-1.1.3-cp311-cp311-manylinux_2_17_x86_64.manylinux2014_x86_64.whl,duckdb,"{
  ""file"": {
    ""filename"": ""duckdb-1.1.3-cp311-cp311-manylinux_2_17_x86_64.manylinux2014_x86_64.whl"",
    ""project"": ""duckdb"",
    ""version"": ""1.1.3"",
    ""type"": ""bdist_wheel""
  }
}","{
  ""details"": {
    ""installer"": {
      ""name"": ""Bazel"",
      ""version"": ""9.2.0- (@non-git)"",
      ""subcommand"": null
    },
    ""python"": null,
    ""implementation"": null,
    ""distro"": null,
    ""system"": null,
    ""cpu"": null,
    ""openssl_version"": null,
    ""setuptools_version"": null,
    ""rustc_version"": null,
    ""ci"": null
  }
}",TLSv1.3,TLS_AES_128_GCM_SHA256,"{
  ""http"": null
}"
2026-08-31 18:07:52.000000 UTC,CA,/packages/bf/56/f627b6fcd4aa34015a15449d852ccb78d7cc6eda654aa20c1d378e99fa76/duckdb-1.1.3-cp311-cp311-manylinux_2_17_x86_64.manylinux2014_x86_64.whl,duckdb,"{
  ""file"": {
    ""filename"": ""duckdb-1.1.3-cp311-cp311-manylinux_2_17_x86_64.manylinux2014_x86_64.whl"",
    ""project"": ""duckdb"",
    ""version"": ""1.1.3"",
    ""type"": ""bdist_wheel""
  }
}","{
  ""details"": {
    ""installer"": {
      ""name"": ""Nexus"",
      ""version"": ""3.69.0-02"",
      ""subcommand"": null
    },
    ""python"": null,
    ""implementation"": null,
    ""distro"": null,
    ""system"": null,
    ""cpu"": null,
    ""openssl_version"": null,
    ""setuptools_version"": null,
    ""rustc_version"": null,
    ""ci"": null
  }
}",TLSv1.3,TLS_AES_128_GCM_SHA256,"{
  ""http"": null
}"
2026-08-31 18:05:14.000000 UTC,US,/packages/bf/56/f627b6fcd4aa34015a15449d852ccb78d7cc6eda654aa20c1d378e99fa76/duckdb-1.1.3-cp311-cp311-manylinux_2_17_x86_64.manylinux2014_x86_64.whl,duckdb,"{
  ""file"": {
    ""filename"": ""duckdb-1.1.3-cp311-cp311-manylinux_2_17_x86_64.manylinux2014_x86_64.whl"",
    ""project"": ""duckdb"",
    ""version"": ""1.1.3"",
    ""type"": ""bdist_wheel""
  }
}","{
  ""details"": {
    ""installer"": {
      ""name"": ""Bazel"",
      ""version"": ""9.2.0- (@non-git)"",
      ""subcommand"": null
    },
    ""python"": null,
    ""implementation"": null,
    ""distro"": null,
    ""system"": null,
    ""cpu"": null,
    ""openssl_version"": null,
    ""setuptools_version"": null,
    ""rustc_version"": null,
    ""ci"": null
  }
}",TLSv1.3,TLS_AES_128_GCM_SHA256,"{
  ""http"": null
}"
2026-08-31 18:09:46.000000 UTC,US,/packages/bf/56/f627b6fcd4aa34015a15449d852ccb78d7cc6eda654aa20c1d378e99fa76/duckdb-1.1.3-cp311-cp311-manylinux_2_17_x86_64.manylinux2014_x86_64.whl,duckdb,"{
  ""file"": {
    ""filename"": ""duckdb-1.1.3-cp311-cp311-manylinux_2_17_x86_64.manylinux2014_x86_64.whl"",
    ""project"": ""duckdb"",
    ""version"": ""1.1.3"",
    ""type"": ""bdist_wheel""
  }
}","{
  ""details"": {
    ""installer"": {
      ""name"": ""Bazel"",
      ""version"": ""9.2.0- (@non-git)"",
      ""subcommand"": null
    },
    ""python"": null,
    ""implementation"": null,
    ""distro"": null,
    ""system"": null,
    ""cpu"": null,
    ""openssl_version"": null,
    ""setuptools_version"": null,
    ""rustc_version"": null,
    ""ci"": null
  }
}",TLSv1.3,TLS_AES_128_GCM_SHA256,"{
  ""http"": null
}"
2026-08-31 18:05:09.000000 UTC,US,/packages/bf/56/f627b6fcd4aa34015a15449d852ccb78d7cc6eda654aa20c1d378e99fa76/duckdb-1.1.3-cp311-cp311-manylinux_2_17_x86_64.manylinux2014_x86_64.whl,duckdb,"{
  ""file"": {
    ""filename"": ""duckdb-1.1.3-cp311-cp311-manylinux_2_17_x86_64.manylinux2014_x86_64.whl"",
    ""project"": ""duckdb"",
    ""version"": ""1.1.3"",
    ""type"": ""bdist_wheel""
  }
}","{
  ""details"": {
    ""installer"": {
      ""name"": ""Bazel"",
      ""version"": ""9.2.0- (@non-git)"",
      ""subcommand"": null
    },
    ""python"": null,
    ""implementation"": null,
    ""distro"": null,
    ""system"": null,
    ""cpu"": null,
    ""openssl_version"": null,
    ""setuptools_version"": null,
    ""rustc_version"": null,
    ""ci"": null
  }
}",TLSv1.3,TLS_AES_128_GCM_SHA256,"{
  ""http"": null
}"
2026-08-31 18:04:57.000000 UTC,US,/packages/bf/56/f627b6fcd4aa34015a15449d852ccb78d7cc6eda654aa20c1d378e99fa76/duckdb-1.1.3-cp311-cp311-manylinux_2_17_x86_64.manylinux2014_x86_64.whl,duckdb,"{
  ""file"": {
    ""filename"": ""duckdb-1.1.3-cp311-cp311-manylinux_2_17_x86_64.manylinux2014_x86_64.whl"",
    ""project"": ""duckdb"",
    ""version"": ""1.1.3"",
    ""type"": ""bdist_wheel""
  }
}","{
  ""details"": {
    ""installer"": {
      ""name"": ""Bazel"",
      ""version"": ""9.2.0- (@non-git)"",
      ""subcommand"": null
    },
    ""python"": null,
    ""implementation"": null,
    ""distro"": null,
    ""system"": null,
    ""cpu"": null,
    ""openssl_version"": null,
    ""setuptools_version"": null,
    ""rustc_version"": null,
    ""ci"": null
  }
}",TLSv1.3,TLS_AES_128_GCM_SHA256,"{
  ""http"": null
}"
2026-08-31 18:08:19.000000 UTC,US,/packages/bf/56/f627b6fcd4aa34015a15449d852ccb78d7cc6eda654aa20c1d378e99fa76/duckdb-1.1.3-cp311-cp311-manylinux_2_17_x86_64.manylinux2014_x86_64.whl,duckdb,"{
  ""file"": {
    ""filename"": ""duckdb-1.1.3-cp311-cp311-manylinux_2_17_x86_64.manylinux2014_x86_64.whl"",
    ""project"": ""duckdb"",
    ""version"": ""1.1.3"",
    ""type"": ""bdist_wheel""
  }
}","{
  ""details"": {
    ""installer"": {
      ""name"": ""Bazel"",
      ""version"": ""9.2.0- (@non-git)"",
      ""subcommand"": null
    },
    ""python"": null,
    ""implementation"": null,
    ""distro"": null,
    ""system"": null,
    ""cpu"": null,
    ""openssl_version"": null,
    ""setuptools_version"": null,
    ""rustc_version"": null,
    ""ci"": null
  }
}",TLSv1.3,TLS_AES_128_GCM_SHA256,"{
  ""http"": null
}"
2026-08-31 18:06:44.000000 UTC,US,/packages/bf/56/f627b6fcd4aa34015a15449d852ccb78d7cc6eda654aa20c1d378e99fa76/duckdb-1.1.3-cp311-cp311-manylinux_2_17_x86_64.manylinux2014_x86_64.whl,duckdb,"{
  ""file"": {
    ""filename"": ""duckdb-1.1.3-cp311-cp311-manylinux_2_17_x86_64.manylinux2014_x86_64.whl"",
    ""project"": ""duckdb"",
    ""version"": ""1.1.3"",
    ""type"": ""bdist_wheel""
  }
}","{
  ""details"": {
    ""installer"": {
      ""name"": ""Bazel"",
      ""version"": ""9.2.0- (@non-git)"",
      ""subcommand"": null
    },
    ""python"": null,
    ""implementation"": null,
    ""distro"": null,
    ""system"": null,
    ""cpu"": null,
    ""openssl_version"": null,
    ""setuptools_version"": null,
    ""rustc_version"": null,
    ""ci"": null
  }
}",TLSv1.3,TLS_AES_128_GCM_SHA256,"{
  ""http"": null
}"
2026-08-31 18:04:54.000000 UTC,US,/packages/bf/56/f627b6fcd4aa34015a15449d852ccb78d7cc6eda654aa20c1d378e99fa76/duckdb-1.1.3-cp311-cp311-manylinux_2_17_x86_64.manylinux2014_x86_64.whl,duckdb,"{
  ""file"": {
    ""filename"": ""duckdb-1.1.3-cp311-cp311-manylinux_2_17_x86_64.manylinux2014_x86_64.whl"",
    ""project"": ""duckdb"",
    ""version"": ""1.1.3"",
    ""type"": ""bdist_wheel""
  }
}","{
  ""details"": {
    ""installer"": {
      ""name"": ""Bazel"",
      ""version"": ""9.2.0- (@non-git)"",
      ""subcommand"": null
    },
    ""python"": null,
    ""implementation"": null,
    ""distro"": null,
    ""system"": null,
    ""cpu"": null,
    ""openssl_version"": null,
    ""setuptools_version"": null,
    ""rustc_version"": null,
    ""ci"": null
  }
}",TLSv1.3,TLS_AES_128_GCM_SHA256,"{
  ""http"": null
}"
2026-08-31 18:08:44.000000 UTC,US,/packages/bf/56/f627b6fcd4aa34015a15449d852ccb78d7cc6eda654aa20c1d378e99fa76/duckdb-1.1.3-cp311-cp311-manylinux_2_17_x86_64.manylinux2014_x86_64.whl,duckdb,"{
  ""file"": {
    ""filename"": ""duckdb-1.1.3-cp311-cp311-manylinux_2_17_x86_64.manylinux2014_x86_64.whl"",
    ""project"": ""duckdb"",
    ""version"": ""1.1.3"",
    ""type"": ""bdist_wheel""
  }
}","{
  ""details"": {
    ""installer"": {
      ""name"": ""Bazel"",
      ""version"": ""9.2.0- (@non-git)"",
      ""subcommand"": null
    },
    ""python"": null,
    ""implementation"": null,
    ""distro"": null,
    ""system"": null,
    ""cpu"": null,
    ""openssl_version"": null,
    ""setuptools_version"": null,
    ""rustc_version"": null,
    ""ci"": null
  }
}",TLSv1.3,TLS_AES_128_GCM_SHA256,"{
  ""http"": null
}"
2026-08-31 18:07:39.000000 UTC,US,/packages/bf/56/f627b6fcd4aa34015a15449d852ccb78d7cc6eda654aa20c1d378e99fa76/duckdb-1.1.3-cp311-cp311-manylinux_2_17_x86_64.manylinux2014_x86_64.whl,duckdb,"{
  ""file"": {
    ""filename"": ""duckdb-1.1.3-cp311-cp311-manylinux_2_17_x86_64.manylinux2014_x86_64.whl"",
    ""project"": ""duckdb"",
    ""version"": ""1.1.3"",
    ""type"": ""bdist_wheel""
  }
}","{
  ""details"": {
    ""installer"": {
      ""name"": ""Bazel"",
      ""version"": ""9.2.0- (@non-git)"",
      ""subcommand"": null
    },
    ""python"": null,
    ""implementation"": null,
    ""distro"": null,
    ""system"": null,
    ""cpu"": null,
    ""openssl_version"": null,
    ""setuptools_version"": null,
    ""rustc_version"": null,
    ""ci"": null
  }
}",TLSv1.3,TLS_AES_128_GCM_SHA256,"{
  ""http"": null
}"
2026-08-31 18:05:03.000000 UTC,US,/packages/bf/56/f627b6fcd4aa34015a15449d852ccb78d7cc6eda654aa20c1d378e99fa76/duckdb-1.1.3-cp311-cp311-manylinux_2_17_x86_64.manylinux2014_x86_64.whl,duckdb,"{
  ""file"": {
    ""filename"": ""duckdb-1.1.3-cp311-cp311-manylinux_2_17_x86_64.manylinux2014_x86_64.whl"",
    ""project"": ""duckdb"",
    ""version"": ""1.1.3"",
    ""type"": ""bdist_wheel""
  }
}","{
  ""details"": {
    ""installer"": {
      ""name"": ""Bazel"",
      ""version"": ""9.2.0- (@non-git)"",
      ""subcommand"": null
    },
    ""python"": null,
    ""implementation"": null,
    ""distro"": null,
    ""system"": null,
    ""cpu"": null,
    ""openssl_version"": null,
    ""setuptools_version"": null,
    ""rustc_version"": null,
    ""ci"": null
  }
}",TLSv1.3,TLS_AES_128_GCM_SHA256,"{
  ""http"": null
}"
2026-08-31 18:08:40.000000 UTC,US,/packages/bf/56/f627b6fcd4aa34015a15449d852ccb78d7cc6eda654aa20c1d378e99fa76/duckdb-1.1.3-cp311-cp311-manylinux_2_17_x86_64.manylinux2014_x86_64.whl,duckdb,"{
  ""file"": {
    ""filename"": ""duckdb-1.1.3-cp311-cp311-manylinux_2_17_x86_64.manylinux2014_x86_64.whl"",
    ""project"": ""duckdb"",
    ""version"": ""1.1.3"",
    ""type"": ""bdist_wheel""
  }
}","{
  ""details"": {
    ""installer"": {
      ""name"": ""Bazel"",
      ""version"": ""9.2.0- (@non-git)"",
      ""subcommand"": null
    },
    ""python"": null,
    ""implementation"": null,
    ""distro"": null,
    ""system"": null,
    ""cpu"": null,
    ""openssl_version"": null,
    ""setuptools_version"": null,
    ""rustc_version"": null,
    ""ci"": null
  }
}",TLSv1.3,TLS_AES_128_GCM_SHA256,"{
  ""http"": null
}"
2026-08-31 18:06:36.000000 UTC,US,/packages/b5/1d/c318dada688119b9ca975d431f9b38bde8dda41b6d18cc06e0dc52123788/duckdb-1.1.3-cp311-cp311-manylinux_2_24_aarch64.manylinux_2_28_aarch64.whl,duckdb,"{
  ""file"": {
    ""filename"": ""duckdb-1.1.3-cp311-cp311-manylinux_2_24_aarch64.manylinux_2_28_aarch64.whl"",
    ""project"": ""duckdb"",
    ""version"": ""1.1.3"",
    ""type"": ""bdist_wheel""
  }
}","{
  ""details"": {
    ""installer"": {
      ""name"": ""Bazel"",
      ""version"": ""9.2.0- (@non-git)"",
      ""subcommand"": null
    },
    ""python"": null,
    ""implementation"": null,
    ""distro"": null,
    ""system"": null,
    ""cpu"": null,
    ""openssl_version"": null,
    ""setuptools_version"": null,
    ""rustc_version"": null,
    ""ci"": null
  }
}",TLSv1.3,TLS_AES_128_GCM_SHA256,"{
  ""http"": null
}"
2026-08-31 18:03:18.000000 UTC,AU,/packages/b5/1d/c318dada688119b9ca975d431f9b38bde8dda41b6d18cc06e0dc52123788/duckdb-1.1.3-cp311-cp311-manylinux_2_24_aarch64.manylinux_2_28_aarch64.whl,duckdb,"{
  ""file"": {
    ""filename"": ""duckdb-1.1.3-cp311-cp311-manylinux_2_24_aarch64.manylinux_2_28_aarch64.whl"",
    ""project"": ""duckdb"",
    ""version"": ""1.1.3"",
    ""type"": ""bdist_wheel""
  }
}","{
  ""details"": {
    ""installer"": {
      ""name"": ""poetry"",
      ""version"": ""2.0.1"",
      ""subcommand"": null
    },
    ""python"": null,
    ""implementation"": {
      ""name"": ""CPython"",
      ""version"": ""3.11.11""
    },
    ""distro"": null,
    ""system"": {
      ""name"": ""Linux"",
      ""release"": ""6.6.143.1-1.azl3""
    },
    ""cpu"": null,
    ""openssl_version"": null,
    ""setuptools_version"": null,
    ""rustc_version"": null,
    ""ci"": null
  }
}",TLSv1.3,TLS_AES_128_GCM_SHA256,"{
  ""http"": null
}"
2026-08-31 18:03:08.000000 UTC,AU,/packages/b5/1d/c318dada688119b9ca975d431f9b38bde8dda41b6d18cc06e0dc52123788/duckdb-1.1.3-cp311-cp311-manylinux_2_24_aarch64.manylinux_2_28_aarch64.whl,duckdb,"{
  ""file"": {
    ""filename"": ""duckdb-1.1.3-cp311-cp311-manylinux_2_24_aarch64.manylinux_2_28_aarch64.whl"",
    ""project"": ""duckdb"",
    ""version"": ""1.1.3"",
    ""type"": ""bdist_wheel""
  }
}","{
  ""details"": {
    ""installer"": {
      ""name"": ""poetry"",
      ""version"": ""2.0.1"",
      ""subcommand"": null
    },
    ""python"": null,
    ""implementation"": {
      ""name"": ""CPython"",
      ""version"": ""3.11.11""
    },
    ""distro"": null,
    ""system"": {
      ""name"": ""Linux"",
      ""release"": ""6.6.143.1-1.azl3""
    },
    ""cpu"": null,
    ""openssl_version"": null,
    ""setuptools_version"": null,
    ""rustc_version"": null,
    ""ci"": null
  }
}",TLSv1.3,TLS_AES_128_GCM_SHA256,"{
  ""http"": null
}"
2026-08-31 18:04:26.000000 UTC,AU,/packages/b5/1d/c318dada688119b9ca975d431f9b38bde8dda41b6d18cc06e0dc52123788/duckdb-1.1.3-cp311-cp311-manylinux_2_24_aarch64.manylinux_2_28_aarch64.whl,duckdb,"{
  ""file"": {
    ""filename"": ""duckdb-1.1.3-cp311-cp311-manylinux_2_24_aarch64.manylinux_2_28_aarch64.whl"",
    ""project"": ""duckdb"",
    ""version"": ""1.1.3"",
    ""type"": ""bdist_wheel""
  }
}","{
  ""details"": {
    ""installer"": {
      ""name"": ""poetry"",
      ""version"": ""2.0.1"",
      ""subcommand"": null
    },
    ""python"": null,
    ""implementation"": {
      ""name"": ""CPython"",
      ""version"": ""3.11.11""
    },
    ""distro"": null,
    ""system"": {
      ""name"": ""Linux"",
      ""release"": ""6.6.143.1-1.azl3""
    },
    ""cpu"": null,
    ""openssl_version"": null,
    ""setuptools_version"": null,
    ""rustc_version"": null,
    ""ci"": null
  }
}",TLSv1.3,TLS_AES_128_GCM_SHA256,"{
  ""http"": null
}"
2026-08-31 18:00:17.000000 UTC,US,/packages/b5/1d/c318dada688119b9ca975d431f9b38bde8dda41b6d18cc06e0dc52123788/duckdb-1.1.3-cp311-cp311-manylinux_2_24_aarch64.manylinux_2_28_aarch64.whl,duckdb,"{
  ""file"": {
    ""filename"": ""duckdb-1.1.3-cp311-cp311-manylinux_2_24_aarch64.manylinux_2_28_aarch64.whl"",
    ""project"": ""duckdb"",
    ""version"": ""1.1.3"",
    ""type"": ""bdist_wheel""
  }
}","{
  ""details"": {
    ""installer"": {
      ""name"": ""Bazel"",
      ""version"": ""9.2.0- (@non-git)"",
      ""subcommand"": null
    },
    ""python"": null,
    ""implementation"": null,
    ""distro"": null,
    ""system"": null,
    ""cpu"": null,
    ""openssl_version"": null,
    ""setuptools_version"": null,
    ""rustc_version"": null,
    ""ci"": null
  }
}",TLSv1.3,TLS_AES_128_GCM_SHA256,"{
  ""http"": null
}"
2026-08-31 18:05:31.000000 UTC,US,/packages/b5/1d/c318dada688119b9ca975d431f9b38bde8dda41b6d18cc06e0dc52123788/duckdb-1.1.3-cp311-cp311-manylinux_2_24_aarch64.manylinux_2_28_aarch64.whl,duckdb,"{
  ""file"": {
    ""filename"": ""duckdb-1.1.3-cp311-cp311-manylinux_2_24_aarch64.manylinux_2_28_aarch64.whl"",
    ""project"": ""duckdb"",
    ""version"": ""1.1.3"",
    ""type"": ""bdist_wheel""
  }
}","{
  ""details"": {
    ""installer"": {
      ""name"": ""Bazel"",
      ""version"": ""9.2.0- (@non-git)"",
      ""subcommand"": null
    },
    ""python"": null,
    ""implementation"": null,
    ""distro"": null,
    ""system"": null,
    ""cpu"": null,
    ""openssl_version"": null,
    ""setuptools_version"": null,
    ""rustc_version"": null,
    ""ci"": null
  }
}",TLSv1.3,TLS_AES_128_GCM_SHA256,"{
  ""http"": null
}"
2026-08-31 18:05:08.000000 UTC,US,/packages/b5/1d/c318dada688119b9ca975d431f9b38bde8dda41b6d18cc06e0dc52123788/duckdb-1.1.3-cp311-cp311-manylinux_2_24_aarch64.manylinux_2_28_aarch64.whl,duckdb,"{
  ""file"": {
    ""filename"": ""duckdb-1.1.3-cp311-cp311-manylinux_2_24_aarch64.manylinux_2_28_aarch64.whl"",
    ""project"": ""duckdb"",
    ""version"": ""1.1.3"",
    ""type"": ""bdist_wheel""
  }
}","{
  ""details"": {
    ""installer"": {
      ""name"": ""Bazel"",
      ""version"": ""9.2.0- (@non-git)"",
      ""subcommand"": null
    },
    ""python"": null,
    ""implementation"": null,
    ""distro"": null,
    ""system"": null,
    ""cpu"": null,
    ""openssl_version"": null,
    ""setuptools_version"": null,
    ""rustc_version"": null,
    ""ci"": null
  }
}",TLSv1.3,TLS_AES_128_GCM_SHA256,"{
  ""http"": null
}"
2026-08-31 18:06:09.000000 UTC,US,/packages/b5/1d/c318dada688119b9ca975d431f9b38bde8dda41b6d18cc06e0dc52123788/duckdb-1.1.3-cp311-cp311-manylinux_2_24_aarch64.manylinux_2_28_aarch64.whl,duckdb,"{
  ""file"": {
    ""filename"": ""duckdb-1.1.3-cp311-cp311-manylinux_2_24_aarch64.manylinux_2_28_aarch64.whl"",
    ""project"": ""duckdb"",
    ""version"": ""1.1.3"",
    ""type"": ""bdist_wheel""
  }
}","{
  ""details"": {
    ""installer"": {
      ""name"": ""Bazel"",
      ""version"": ""9.2.0- (@non-git)"",
      ""subcommand"": null
    },
    ""python"": null,
    ""implementation"": null,
    ""distro"": null,
    ""system"": null,
    ""cpu"": null,
    ""openssl_version"": null,
    ""setuptools_version"": null,
    ""rustc_version"": null,
    ""ci"": null
  }
}",TLSv1.3,TLS_AES_128_GCM_SHA256,"{
  ""http"": null
}"
2026-08-31 18:04:57.000000 UTC,US,/packages/b5/1d/c318dada688119b9ca975d431f9b38bde8dda41b6d18cc06e0dc52123788/duckdb-1.1.3-cp311-cp311-manylinux_2_24_aarch64.manylinux_2_28_aarch64.whl,duckdb,"{
  ""file"": {
    ""filename"": ""duckdb-1.1.3-cp311-cp311-manylinux_2_24_aarch64.manylinux_2_28_aarch64.whl"",
    ""project"": ""duckdb"",
    ""version"": ""1.1.3"",
    ""type"": ""bdist_wheel""
  }
}","{
  ""details"": {
    ""installer"": {
      ""name"": ""Bazel"",
      ""version"": ""9.2.0- (@non-git)"",
      ""subcommand"": null
    },
    ""python"": null,
    ""implementation"": null,
    ""distro"": null,
    ""system"": null,
    ""cpu"": null,
    ""openssl_version"": null,
    ""setuptools_version"": null,
    ""rustc_version"": null,
    ""ci"": null
  }
}",TLSv1.3,TLS_AES_128_GCM_SHA256,"{
  ""http"": null
}"
2026-08-31 18:05:05.000000 UTC,US,/packages/b5/1d/c318dada688119b9ca975d431f9b38bde8dda41b6d18cc06e0dc52123788/duckdb-1.1.3-cp311-cp311-manylinux_2_24_aarch64.manylinux_2_28_aarch64.whl,duckdb,"{
  ""file"": {
    ""filename"": ""duckdb-1.1.3-cp311-cp311-manylinux_2_24_aarch64.manylinux_2_28_aarch64.whl"",
    ""project"": ""duckdb"",
    ""version"": ""1.1.3"",
    ""type"": ""bdist_wheel""
  }
}","{
  ""details"": {
    ""installer"": {
      ""name"": ""Bazel"",
      ""version"": ""9.2.0- (@non-git)"",
      ""subcommand"": null
    },
    ""python"": null,
    ""implementation"": null,
    ""distro"": null,
    ""system"": null,
    ""cpu"": null,
    ""openssl_version"": null,
    ""setuptools_version"": null,
    ""rustc_version"": null,
    ""ci"": null
  }
}",TLSv1.3,TLS_AES_128_GCM_SHA256,"{
  ""http"": null
}"
2026-08-31 18:05:04.000000 UTC,US,/packages/b5/1d/c318dada688119b9ca975d431f9b38bde8dda41b6d18cc06e0dc52123788/duckdb-1.1.3-cp311-cp311-manylinux_2_24_aarch64.manylinux_2_28_aarch64.whl,duckdb,"{
  ""file"": {
    ""filename"": ""duckdb-1.1.3-cp311-cp311-manylinux_2_24_aarch64.manylinux_2_28_aarch64.whl"",
    ""project"": ""duckdb"",
    ""version"": ""1.1.3"",
    ""type"": ""bdist_wheel""
  }
}","{
  ""details"": {
    ""installer"": {
      ""name"": ""Bazel"",
      ""version"": ""9.2.0- (@non-git)"",
      ""subcommand"": null
    },
    ""python"": null,
    ""implementation"": null,
    ""distro"": null,
    ""system"": null,
    ""cpu"": null,
    ""openssl_version"": null,
    ""setuptools_version"": null,
    ""rustc_version"": null,
    ""ci"": null
  }
}",TLSv1.3,TLS_AES_128_GCM_SHA256,"{
  ""http"": null
}"
2026-08-31 18:05:36.000000 UTC,AU,/packages/b5/1d/c318dada688119b9ca975d431f9b38bde8dda41b6d18cc06e0dc52123788/duckdb-1.1.3-cp311-cp311-manylinux_2_24_aarch64.manylinux_2_28_aarch64.whl,duckdb,"{
  ""file"": {
    ""filename"": ""duckdb-1.1.3-cp311-cp311-manylinux_2_24_aarch64.manylinux_2_28_aarch64.whl"",
    ""project"": ""duckdb"",
    ""version"": ""1.1.3"",
    ""type"": ""bdist_wheel""
  }
}","{
  ""details"": {
    ""installer"": {
      ""name"": ""poetry"",
      ""version"": ""2.0.1"",
      ""subcommand"": null
    },
    ""python"": null,
    ""implementation"": {
      ""name"": ""CPython"",
      ""version"": ""3.11.11""
    },
    ""distro"": null,
    ""system"": {
      ""name"": ""Linux"",
      ""release"": ""6.6.143.1-1.azl3""
    },
    ""cpu"": null,
    ""openssl_version"": null,
    ""setuptools_version"": null,
    ""rustc_version"": null,
    ""ci"": null
  }
}",TLSv1.3,TLS_AES_128_GCM_SHA256,"{
  ""http"": null
}"
2026-08-31 18:08:19.000000 UTC,US,/packages/b5/1d/c318dada688119b9ca975d431f9b38bde8dda41b6d18cc06e0dc52123788/duckdb-1.1.3-cp311-cp311-manylinux_2_24_aarch64.manylinux_2_28_aarch64.whl,duckdb,"{
  ""file"": {
    ""filename"": ""duckdb-1.1.3-cp311-cp311-manylinux_2_24_aarch64.manylinux_2_28_aarch64.whl"",
    ""project"": ""duckdb"",
    ""version"": ""1.1.3"",
    ""type"": ""bdist_wheel""
  }
}","{
  ""details"": {
    ""installer"": {
      ""name"": ""Bazel"",
      ""version"": ""9.2.0- (@non-git)"",
      ""subcommand"": null
    },
    ""python"": null,
    ""implementation"": null,
    ""distro"": null,
    ""system"": null,
    ""cpu"": null,
    ""openssl_version"": null,
    ""setuptools_version"": null,
    ""rustc_version"": null,
    ""ci"": null
  }
}",TLSv1.3,TLS_AES_128_GCM_SHA256,"{
  ""http"": null
}"
2026-08-31 18:06:21.000000 UTC,US,/packages/b5/1d/c318dada688119b9ca975d431f9b38bde8dda41b6d18cc06e0dc52123788/duckdb-1.1.3-cp311-cp311-manylinux_2_24_aarch64.manylinux_2_28_aarch64.whl,duckdb,"{
  ""file"": {
    ""filename"": ""duckdb-1.1.3-cp311-cp311-manylinux_2_24_aarch64.manylinux_2_28_aarch64.whl"",
    ""project"": ""duckdb"",
    ""version"": ""1.1.3"",
    ""type"": ""bdist_wheel""
  }
}","{
  ""details"": {
    ""installer"": {
      ""name"": ""Bazel"",
      ""version"": ""9.2.0- (@non-git)"",
      ""subcommand"": null
    },
    ""python"": null,
    ""implementation"": null,
    ""distro"": null,
    ""system"": null,
    ""cpu"": null,
    ""openssl_version"": null,
    ""setuptools_version"": null,
    ""rustc_version"": null,
    ""ci"": null
  }
}",TLSv1.3,TLS_AES_128_GCM_SHA256,"{
  ""http"": null
}"
2026-08-31 18:05:10.000000 UTC,US,/packages/b5/1d/c318dada688119b9ca975d431f9b38bde8dda41b6d18cc06e0dc52123788/duckdb-1.1.3-cp311-cp311-manylinux_2_24_aarch64.manylinux_2_28_aarch64.whl,duckdb,"{
  ""file"": {
    ""filename"": ""duckdb-1.1.3-cp311-cp311-manylinux_2_24_aarch64.manylinux_2_28_aarch64.whl"",
    ""project"": ""duckdb"",
    ""version"": ""1.1.3"",
    ""type"": ""bdist_wheel""
  }
}","{
  ""details"": {
    ""installer"": {
      ""name"": ""Bazel"",
      ""version"": ""9.2.0- (@non-git)"",
      ""subcommand"": null
    },
    ""python"": null,
    ""implementation"": null,
    ""distro"": null,
    ""system"": null,
    ""cpu"": null,
    ""openssl_version"": null,
    ""setuptools_version"": null,
    ""rustc_version"": null,
    ""ci"": null
  }
}",TLSv1.3,TLS_AES_128_GCM_SHA256,"{
  ""http"": null
}"
2026-08-31 18:06:45.000000 UTC,US,/packages/b5/1d/c318dada688119b9ca975d431f9b38bde8dda41b6d18cc06e0dc52123788/duckdb-1.1.3-cp311-cp311-manylinux_2_24_aarch64.manylinux_2_28_aarch64.whl,duckdb,"{
  ""file"": {
    ""filename"": ""duckdb-1.1.3-cp311-cp311-manylinux_2_24_aarch64.manylinux_2_28_aarch64.whl"",
    ""project"": ""duckdb"",
    ""version"": ""1.1.3"",
    ""type"": ""bdist_wheel""
  }
}","{
  ""details"": {
    ""installer"": {
      ""name"": ""Bazel"",
      ""version"": ""9.2.0- (@non-git)"",
      ""subcommand"": null
    },
    ""python"": null,
    ""implementation"": null,
    ""distro"": null,
    ""system"": null,
    ""cpu"": null,
    ""openssl_version"": null,
    ""setuptools_version"": null,
    ""rustc_version"": null,
    ""ci"": null
  }
}",TLSv1.3,TLS_AES_128_GCM_SHA256,"{
  ""http"": null
}"
2026-08-31 18:00:35.000000 UTC,US,/packages/b5/1d/c318dada688119b9ca975d431f9b38bde8dda41b6d18cc06e0dc52123788/duckdb-1.1.3-cp311-cp311-manylinux_2_24_aarch64.manylinux_2_28_aarch64.whl,duckdb,"{
  ""file"": {
    ""filename"": ""duckdb-1.1.3-cp311-cp311-manylinux_2_24_aarch64.manylinux_2_28_aarch64.whl"",
    ""project"": ""duckdb"",
    ""version"": ""1.1.3"",
    ""type"": ""bdist_wheel""
  }
}","{
  ""details"": {
    ""installer"": {
      ""name"": ""Bazel"",
      ""version"": ""9.2.0- (@non-git)"",
      ""subcommand"": null
    },
    ""python"": null,
    ""implementation"": null,
    ""distro"": null,
    ""system"": null,
    ""cpu"": null,
    ""openssl_version"": null,
    ""setuptools_version"": null,
    ""rustc_version"": null,
    ""ci"": null
  }
}",TLSv1.3,TLS_AES_128_GCM_SHA256,"{
  ""http"": null
}"
2026-08-31 18:05:50.000000 UTC,US,/packages/b5/1d/c318dada688119b9ca975d431f9b38bde8dda41b6d18cc06e0dc52123788/duckdb-1.1.3-cp311-cp311-manylinux_2_24_aarch64.manylinux_2_28_aarch64.whl,duckdb,"{
  ""file"": {
    ""filename"": ""duckdb-1.1.3-cp311-cp311-manylinux_2_24_aarch64.manylinux_2_28_aarch64.whl"",
    ""project"": ""duckdb"",
    ""version"": ""1.1.3"",
    ""type"": ""bdist_wheel""
  }
}","{
  ""details"": {
    ""installer"": {
      ""name"": ""Bazel"",
      ""version"": ""9.2.0- (@non-git)"",
      ""subcommand"": null
    },
    ""python"": null,
    ""implementation"": null,
    ""distro"": null,
    ""system"": null,
    ""cpu"": null,
    ""openssl_version"": null,
    ""setuptools_version"": null,
    ""rustc_version"": null,
    ""ci"": null
  }
}",TLSv1.3,TLS_AES_128_GCM_SHA256,"{
  ""http"": null
}"
2026-08-31 18:05:03.000000 UTC,US,/packages/b5/1d/c318dada688119b9ca975d431f9b38bde8dda41b6d18cc06e0dc52123788/duckdb-1.1.3-cp311-cp311-manylinux_2_24_aarch64.manylinux_2_28_aarch64.whl,duckdb,"{
  ""file"": {
    ""filename"": ""duckdb-1.1.3-cp311-cp311-manylinux_2_24_aarch64.manylinux_2_28_aarch64.whl"",
    ""project"": ""duckdb"",
    ""version"": ""1.1.3"",
    ""type"": ""bdist_wheel""
  }
}","{
  ""details"": {
    ""installer"": {
      ""name"": ""Bazel"",
      ""version"": ""9.2.0- (@non-git)"",
      ""subcommand"": null
    },
    ""python"": null,
    ""implementation"": null,
    ""distro"": null,
    ""system"": null,
    ""cpu"": null,
    ""openssl_version"": null,
    ""setuptools_version"": null,
    ""rustc_version"": null,
    ""ci"": null
  }
}",TLSv1.3,TLS_AES_128_GCM_SHA256,"{
  ""http"": null
}"
2026-08-31 18:04:51.000000 UTC,US,/packages/b5/1d/c318dada688119b9ca975d431f9b38bde8dda41b6d18cc06e0dc52123788/duckdb-1.1.3-cp311-cp311-manylinux_2_24_aarch64.manylinux_2_28_aarch64.whl,duckdb,"{
  ""file"": {
    ""filename"": ""duckdb-1.1.3-cp311-cp311-manylinux_2_24_aarch64.manylinux_2_28_aarch64.whl"",
    ""project"": ""duckdb"",
    ""version"": ""1.1.3"",
    ""type"": ""bdist_wheel""
  }
}","{
  ""details"": {
    ""installer"": {
      ""name"": ""Bazel"",
      ""version"": ""9.2.0- (@non-git)"",
      ""subcommand"": null
    },
    ""python"": null,
    ""implementation"": null,
    ""distro"": null,
    ""system"": null,
    ""cpu"": null,
    ""openssl_version"": null,
    ""setuptools_version"": null,
    ""rustc_version"": null,
    ""ci"": null
  }
}",TLSv1.3,TLS_AES_128_GCM_SHA256,"{
  ""http"": null
}"
2026-08-31 18:01:41.000000 UTC,US,/packages/b5/1d/c318dada688119b9ca975d431f9b38bde8dda41b6d18cc06e0dc52123788/duckdb-1.1.3-cp311-cp311-manylinux_2_24_aarch64.manylinux_2_28_aarch64.whl,duckdb,"{
  ""file"": {
    ""filename"": ""duckdb-1.1.3-cp311-cp311-manylinux_2_24_aarch64.manylinux_2_28_aarch64.whl"",
    ""project"": ""duckdb"",
    ""version"": ""1.1.3"",
    ""type"": ""bdist_wheel""
  }
}","{
  ""details"": {
    ""installer"": {
      ""name"": ""Bazel"",
      ""version"": ""9.2.0- (@non-git)"",
      ""subcommand"": null
    },
    ""python"": null,
    ""implementation"": null,
    ""distro"": null,
    ""system"": null,
    ""cpu"": null,
    ""openssl_version"": null,
    ""setuptools_version"": null,
    ""rustc_version"": null,
    ""ci"": null
  }
}",TLSv1.3,TLS_AES_128_GCM_SHA256,"{
  ""http"": null
}"
2026-08-31 18:05:14.000000 UTC,US,/packages/b5/1d/c318dada688119b9ca975d431f9b38bde8dda41b6d18cc06e0dc52123788/duckdb-1.1.3-cp311-cp311-manylinux_2_24_aarch64.manylinux_2_28_aarch64.whl,duckdb,"{
  ""file"": {
    ""filename"": ""duckdb-1.1.3-cp311-cp311-manylinux_2_24_aarch64.manylinux_2_28_aarch64.whl"",
    ""project"": ""duckdb"",
    ""version"": ""1.1.3"",
    ""type"": ""bdist_wheel""
  }
}","{
  ""details"": {
    ""installer"": {
      ""name"": ""Bazel"",
      ""version"": ""9.2.0- (@non-git)"",
      ""subcommand"": null
    },
    ""python"": null,
    ""implementation"": null,
    ""distro"": null,
    ""system"": null,
    ""cpu"": null,
    ""openssl_version"": null,
    ""setuptools_version"": null,
    ""rustc_version"": null,
    ""ci"": null
  }
}",TLSv1.3,TLS_AES_128_GCM_SHA256,"{
  ""http"": null
}"
2026-08-31 18:03:12.000000 UTC,AU,/packages/b5/1d/c318dada688119b9ca975d431f9b38bde8dda41b6d18cc06e0dc52123788/duckdb-1.1.3-cp311-cp311-manylinux_2_24_aarch64.manylinux_2_28_aarch64.whl,duckdb,"{
  ""file"": {
    ""filename"": ""duckdb-1.1.3-cp311-cp311-manylinux_2_24_aarch64.manylinux_2_28_aarch64.whl"",
    ""project"": ""duckdb"",
    ""version"": ""1.1.3"",
    ""type"": ""bdist_wheel""
  }
}","{
  ""details"": {
    ""installer"": {
      ""name"": ""poetry"",
      ""version"": ""2.0.1"",
      ""subcommand"": null
    },
    ""python"": null,
    ""implementation"": {
      ""name"": ""CPython"",
      ""version"": ""3.11.11""
    },
    ""distro"": null,
    ""system"": {
      ""name"": ""Linux"",
      ""release"": ""6.6.143.1-1.azl3""
    },
    ""cpu"": null,
    ""openssl_version"": null,
    ""setuptools_version"": null,
    ""rustc_version"": null,
    ""ci"": null
  }
}",TLSv1.3,TLS_AES_128_GCM_SHA256,"{
  ""http"": null
}"
2026-08-31 18:09:46.000000 UTC,US,/packages/b5/1d/c318dada688119b9ca975d431f9b38bde8dda41b6d18cc06e0dc52123788/duckdb-1.1.3-cp311-cp311-manylinux_2_24_aarch64.manylinux_2_28_aarch64.whl,duckdb,"{
  ""file"": {
    ""filename"": ""duckdb-1.1.3-cp311-cp311-manylinux_2_24_aarch64.manylinux_2_28_aarch64.whl"",
    ""project"": ""duckdb"",
    ""version"": ""1.1.3"",
    ""type"": ""bdist_wheel""
  }
}","{
  ""details"": {
    ""installer"": {
      ""name"": ""Bazel"",
      ""version"": ""9.2.0- (@non-git)"",
      ""subcommand"": null
    },
    ""python"": null,
    ""implementation"": null,
    ""distro"": null,
    ""system"": null,
    ""cpu"": null,
    ""openssl_version"": null,
    ""setuptools_version"": null,
    ""rustc_version"": null,
    ""ci"": null
  }
}",TLSv1.3,TLS_AES_128_GCM_SHA256,"{
  ""http"": null
}"
2026-08-31 18:04:20.000000 UTC,AU,/packages/b5/1d/c318dada688119b9ca975d431f9b38bde8dda41b6d18cc06e0dc52123788/duckdb-1.1.3-cp311-cp311-manylinux_2_24_aarch64.manylinux_2_28_aarch64.whl,duckdb,"{
  ""file"": {
    ""filename"": ""duckdb-1.1.3-cp311-cp311-manylinux_2_24_aarch64.manylinux_2_28_aarch64.whl"",
    ""project"": ""duckdb"",
    ""version"": ""1.1.3"",
    ""type"": ""bdist_wheel""
  }
}","{
  ""details"": {
    ""installer"": {
      ""name"": ""poetry"",
      ""version"": ""2.1.1"",
      ""subcommand"": null
    },
    ""python"": null,
    ""implementation"": {
      ""name"": ""CPython"",
      ""version"": ""3.11.11""
    },
    ""distro"": null,
    ""system"": {
      ""name"": ""Linux"",
      ""release"": ""6.6.143.1-1.azl3""
    },
    ""cpu"": null,
    ""openssl_version"": null,
    ""setuptools_version"": null,
    ""rustc_version"": null,
    ""ci"": null
  }
}",TLSv1.3,TLS_AES_128_GCM_SHA256,"{
  ""http"": null
}"
2026-08-31 18:08:45.000000 UTC,US,/packages/b5/1d/c318dada688119b9ca975d431f9b38bde8dda41b6d18cc06e0dc52123788/duckdb-1.1.3-cp311-cp311-manylinux_2_24_aarch64.manylinux_2_28_aarch64.whl,duckdb,"{
  ""file"": {
    ""filename"": ""duckdb-1.1.3-cp311-cp311-manylinux_2_24_aarch64.manylinux_2_28_aarch64.whl"",
    ""project"": ""duckdb"",
    ""version"": ""1.1.3"",
    ""type"": ""bdist_wheel""
  }
}","{
  ""details"": {
    ""installer"": {
      ""name"": ""Bazel"",
      ""version"": ""9.2.0- (@non-git)"",
      ""subcommand"": null
    },
    ""python"": null,
    ""implementation"": null,
    ""distro"": null,
    ""system"": null,
    ""cpu"": null,
    ""openssl_version"": null,
    ""setuptools_version"": null,
    ""rustc_version"": null,
    ""ci"": null
  }
}",TLSv1.3,TLS_AES_128_GCM_SHA256,"{
  ""http"": null
}"
2026-08-31 18:08:41.000000 UTC,US,/packages/b5/1d/c318dada688119b9ca975d431f9b38bde8dda41b6d18cc06e0dc52123788/duckdb-1.1.3-cp311-cp311-manylinux_2_24_aarch64.manylinux_2_28_aarch64.whl,duckdb,"{
  ""file"": {
    ""filename"": ""duckdb-1.1.3-cp311-cp311-manylinux_2_24_aarch64.manylinux_2_28_aarch64.whl"",
    ""project"": ""duckdb"",
    ""version"": ""1.1.3"",
    ""type"": ""bdist_wheel""
  }
}","{
  ""details"": {
    ""installer"": {
      ""name"": ""Bazel"",
      ""version"": ""9.2.0- (@non-git)"",
      ""subcommand"": null
    },
    ""python"": null,
    ""implementation"": null,
    ""distro"": null,
    ""system"": null,
    ""cpu"": null,
    ""openssl_version"": null,
    ""setuptools_version"": null,
    ""rustc_version"": null,
    ""ci"": null
  }
}",TLSv1.3,TLS_AES_128_GCM_SHA256,"{
  ""http"": null
}"
2026-08-31 18:04:54.000000 UTC,US,/packages/b5/1d/c318dada688119b9ca975d431f9b38bde8dda41b6d18cc06e0dc52123788/duckdb-1.1.3-cp311-cp311-manylinux_2_24_aarch64.manylinux_2_28_aarch64.whl,duckdb,"{
  ""file"": {
    ""filename"": ""duckdb-1.1.3-cp311-cp311-manylinux_2_24_aarch64.manylinux_2_28_aarch64.whl"",
    ""project"": ""duckdb"",
    ""version"": ""1.1.3"",
    ""type"": ""bdist_wheel""
  }
}","{
  ""details"": {
    ""installer"": {
      ""name"": ""Bazel"",
      ""version"": ""9.2.0- (@non-git)"",
      ""subcommand"": null
    },
    ""python"": null,
    ""implementation"": null,
    ""distro"": null,
    ""system"": null,
    ""cpu"": null,
    ""openssl_version"": null,
    ""setuptools_version"": null,
    ""rustc_version"": null,
    ""ci"": null
  }
}",TLSv1.3,TLS_AES_128_GCM_SHA256,"{
  ""http"": null
}"
2026-08-31 18:08:21.000000 UTC,US,/packages/b5/1d/c318dada688119b9ca975d431f9b38bde8dda41b6d18cc06e0dc52123788/duckdb-1.1.3-cp311-cp311-manylinux_2_24_aarch64.manylinux_2_28_aarch64.whl,duckdb,"{
  ""file"": {
    ""filename"": ""duckdb-1.1.3-cp311-cp311-manylinux_2_24_aarch64.manylinux_2_28_aarch64.whl"",
    ""project"": ""duckdb"",
    ""version"": ""1.1.3"",
    ""type"": ""bdist_wheel""
  }
}","{
  ""details"": {
    ""installer"": {
      ""name"": ""Bazel"",
      ""version"": ""9.2.0- (@non-git)"",
      ""subcommand"": null
    },
    ""python"": null,
    ""implementation"": null,
    ""distro"": null,
    ""system"": null,
    ""cpu"": null,
    ""openssl_version"": null,
    ""setuptools_version"": null,
    ""rustc_version"": null,
    ""ci"": null
  }
}",TLSv1.3,TLS_AES_128_GCM_SHA256,"{
  ""http"": null
}"
2026-08-31 18:04:57.000000 UTC,US,/packages/b5/1d/c318dada688119b9ca975d431f9b38bde8dda41b6d18cc06e0dc52123788/duckdb-1.1.3-cp311-cp311-manylinux_2_24_aarch64.manylinux_2_28_aarch64.whl,duckdb,"{
  ""file"": {
    ""filename"": ""duckdb-1.1.3-cp311-cp311-manylinux_2_24_aarch64.manylinux_2_28_aarch64.whl"",
    ""project"": ""duckdb"",
    ""version"": ""1.1.3"",
    ""type"": ""bdist_wheel""
  }
}","{
  ""details"": {
    ""installer"": {
      ""name"": ""Bazel"",
      ""version"": ""9.2.0- (@non-git)"",
      ""subcommand"": null
    },
    ""python"": null,
    ""implementation"": null,
    ""distro"": null,
    ""system"": null,
    ""cpu"": null,
    ""openssl_version"": null,
    ""setuptools_version"": null,
    ""rustc_version"": null,
    ""ci"": null
  }
}",TLSv1.3,TLS_AES_128_GCM_SHA256,"{
  ""http"": null
}"
2026-08-31 18:05:16.000000 UTC,US,/packages/b5/1d/c318dada688119b9ca975d431f9b38bde8dda41b6d18cc06e0dc52123788/duckdb-1.1.3-cp311-cp311-manylinux_2_24_aarch64.manylinux_2_28_aarch64.whl,duckdb,"{
  ""file"": {
    ""filename"": ""duckdb-1.1.3-cp311-cp311-manylinux_2_24_aarch64.manylinux_2_28_aarch64.whl"",
    ""project"": ""duckdb"",
    ""version"": ""1.1.3"",
    ""type"": ""bdist_wheel""
  }
}","{
  ""details"": {
    ""installer"": {
      ""name"": ""Bazel"",
      ""version"": ""9.2.0- (@non-git)"",
      ""subcommand"": null
    },
    ""python"": null,
    ""implementation"": null,
    ""distro"": null,
    ""system"": null,
    ""cpu"": null,
    ""openssl_version"": null,
    ""setuptools_version"": null,
    ""rustc_version"": null,
    ""ci"": null
  }
}",TLSv1.3,TLS_AES_128_GCM_SHA256,"{
  ""http"": null
}"
2026-08-31 18:07:39.000000 UTC,US,/packages/b5/1d/c318dada688119b9ca975d431f9b38bde8dda41b6d18cc06e0dc52123788/duckdb-1.1.3-cp311-cp311-manylinux_2_24_aarch64.manylinux_2_28_aarch64.whl,duckdb,"{
  ""file"": {
    ""filename"": ""duckdb-1.1.3-cp311-cp311-manylinux_2_24_aarch64.manylinux_2_28_aarch64.whl"",
    ""project"": ""duckdb"",
    ""version"": ""1.1.3"",
    ""type"": ""bdist_wheel""
  }
}","{
  ""details"": {
    ""installer"": {
      ""name"": ""Bazel"",
      ""version"": ""9.2.0- (@non-git)"",
      ""subcommand"": null
    },
    ""python"": null,
    ""implementation"": null,
    ""distro"": null,
    ""system"": null,
    ""cpu"": null,
    ""openssl_version"": null,
    ""setuptools_version"": null,
    ""rustc_version"": null,
    ""ci"": null
  }
}",TLSv1.3,TLS_AES_128_GCM_SHA256,"{
  ""http"": null
}"
2026-08-31 18:00:17.000000 UTC,US,/packages/37/8e/fd346444b270ffe52e06c1af1243eaae30ab651c1d59f51711e3502fd060/duckdb-1.1.3-cp311-cp311-musllinux_1_2_x86_64.whl,duckdb,"{
  ""file"": {
    ""filename"": ""duckdb-1.1.3-cp311-cp311-musllinux_1_2_x86_64.whl"",
    ""project"": ""duckdb"",
    ""version"": ""1.1.3"",
    ""type"": ""bdist_wheel""
  }
}","{
  ""details"": {
    ""installer"": {
      ""name"": ""Bazel"",
      ""version"": ""9.2.0- (@non-git)"",
      ""subcommand"": null
    },
    ""python"": null,
    ""implementation"": null,
    ""distro"": null,
    ""system"": null,
    ""cpu"": null,
    ""openssl_version"": null,
    ""setuptools_version"": null,
    ""rustc_version"": null,
    ""ci"": null
  }
}",TLSv1.3,TLS_AES_128_GCM_SHA256,"{
  ""http"": null
}"
2026-08-31 18:05:11.000000 UTC,US,/packages/37/8e/fd346444b270ffe52e06c1af1243eaae30ab651c1d59f51711e3502fd060/duckdb-1.1.3-cp311-cp311-musllinux_1_2_x86_64.whl,duckdb,"{
  ""file"": {
    ""filename"": ""duckdb-1.1.3-cp311-cp311-musllinux_1_2_x86_64.whl"",
    ""project"": ""duckdb"",
    ""version"": ""1.1.3"",
    ""type"": ""bdist_wheel""
  }
}","{
  ""details"": {
    ""installer"": {
      ""name"": ""Bazel"",
      ""version"": ""9.2.0- (@non-git)"",
      ""subcommand"": null
    },
    ""python"": null,
    ""implementation"": null,
    ""distro"": null,
    ""system"": null,
    ""cpu"": null,
    ""openssl_version"": null,
    ""setuptools_version"": null,
    ""rustc_version"": null,
    ""ci"": null
  }
}",TLSv1.3,TLS_AES_128_GCM_SHA256,"{
  ""http"": null
}"
2026-08-31 18:07:39.000000 UTC,US,/packages/37/8e/fd346444b270ffe52e06c1af1243eaae30ab651c1d59f51711e3502fd060/duckdb-1.1.3-cp311-cp311-musllinux_1_2_x86_64.whl,duckdb,"{
  ""file"": {
    ""filename"": ""duckdb-1.1.3-cp311-cp311-musllinux_1_2_x86_64.whl"",
    ""project"": ""duckdb"",
    ""version"": ""1.1.3"",
    ""type"": ""bdist_wheel""
  }
}","{
  ""details"": {
    ""installer"": {
      ""name"": ""Bazel"",
      ""version"": ""9.2.0- (@non-git)"",
      ""subcommand"": null
    },
    ""python"": null,
    ""implementation"": null,
    ""distro"": null,
    ""system"": null,
    ""cpu"": null,
    ""openssl_version"": null,
    ""setuptools_version"": null,
    ""rustc_version"": null,
    ""ci"": null
  }
}",TLSv1.3,TLS_AES_128_GCM_SHA256,"{
  ""http"": null
}"
2026-08-31 18:08:45.000000 UTC,US,/packages/37/8e/fd346444b270ffe52e06c1af1243eaae30ab651c1d59f51711e3502fd060/duckdb-1.1.3-cp311-cp311-musllinux_1_2_x86_64.whl,duckdb,"{
  ""file"": {
    ""filename"": ""duckdb-1.1.3-cp311-cp311-musllinux_1_2_x86_64.whl"",
    ""project"": ""duckdb"",
    ""version"": ""1.1.3"",
    ""type"": ""bdist_wheel""
  }
}","{
  ""details"": {
    ""installer"": {
      ""name"": ""Bazel"",
      ""version"": ""9.2.0- (@non-git)"",
      ""subcommand"": null
    },
    ""python"": null,
    ""implementation"": null,
    ""distro"": null,
    ""system"": null,
    ""cpu"": null,
    ""openssl_version"": null,
    ""setuptools_version"": null,
    ""rustc_version"": null,
    ""ci"": null
  }
}",TLSv1.3,TLS_AES_128_GCM_SHA256,"{
  ""http"": null
}"
2026-08-31 18:06:10.000000 UTC,US,/packages/37/8e/fd346444b270ffe52e06c1af1243eaae30ab651c1d59f51711e3502fd060/duckdb-1.1.3-cp311-cp311-musllinux_1_2_x86_64.whl,duckdb,"{
  ""file"": {
    ""filename"": ""duckdb-1.1.3-cp311-cp311-musllinux_1_2_x86_64.whl"",
    ""project"": ""duckdb"",
    ""version"": ""1.1.3"",
    ""type"": ""bdist_wheel""
  }
}","{
  ""details"": {
    ""installer"": {
      ""name"": ""Bazel"",
      ""version"": ""9.2.0- (@non-git)"",
      ""subcommand"": null
    },
    ""python"": null,
    ""implementation"": null,
    ""distro"": null,
    ""system"": null,
    ""cpu"": null,
    ""openssl_version"": null,
    ""setuptools_version"": null,
    ""rustc_version"": null,
    ""ci"": null
  }
}",TLSv1.3,TLS_AES_128_GCM_SHA256,"{
  ""http"": null
}"
2026-08-31 18:05:08.000000 UTC,US,/packages/37/8e/fd346444b270ffe52e06c1af1243eaae30ab651c1d59f51711e3502fd060/duckdb-1.1.3-cp311-cp311-musllinux_1_2_x86_64.whl,duckdb,"{
  ""file"": {
    ""filename"": ""duckdb-1.1.3-cp311-cp311-musllinux_1_2_x86_64.whl"",
    ""project"": ""duckdb"",
    ""version"": ""1.1.3"",
    ""type"": ""bdist_wheel""
  }
}","{
  ""details"": {
    ""installer"": {
      ""name"": ""Bazel"",
      ""version"": ""9.2.0- (@non-git)"",
      ""subcommand"": null
    },
    ""python"": null,
    ""implementation"": null,
    ""distro"": null,
    ""system"": null,
    ""cpu"": null,
    ""openssl_version"": null,
    ""setuptools_version"": null,
    ""rustc_version"": null,
    ""ci"": null
  }
}",TLSv1.3,TLS_AES_128_GCM_SHA256,"{
  ""http"": null
}"
2026-08-31 18:04:51.000000 UTC,US,/packages/37/8e/fd346444b270ffe52e06c1af1243eaae30ab651c1d59f51711e3502fd060/duckdb-1.1.3-cp311-cp311-musllinux_1_2_x86_64.whl,duckdb,"{
  ""file"": {
    ""filename"": ""duckdb-1.1.3-cp311-cp311-musllinux_1_2_x86_64.whl"",
    ""project"": ""duckdb"",
    ""version"": ""1.1.3"",
    ""type"": ""bdist_wheel""
  }
}","{
  ""details"": {
    ""installer"": {
      ""name"": ""Bazel"",
      ""version"": ""9.2.0- (@non-git)"",
      ""subcommand"": null
    },
    ""python"": null,
    ""implementation"": null,
    ""distro"": null,
    ""system"": null,
    ""cpu"": null,
    ""openssl_version"": null,
    ""setuptools_version"": null,
    ""rustc_version"": null,
    ""ci"": null
  }
}",TLSv1.3,TLS_AES_128_GCM_SHA256,"{
  ""http"": null
}"
2026-08-31 18:04:58.000000 UTC,US,/packages/37/8e/fd346444b270ffe52e06c1af1243eaae30ab651c1d59f51711e3502fd060/duckdb-1.1.3-cp311-cp311-musllinux_1_2_x86_64.whl,duckdb,"{
  ""file"": {
    ""filename"": ""duckdb-1.1.3-cp311-cp311-musllinux_1_2_x86_64.whl"",
    ""project"": ""duckdb"",
    ""version"": ""1.1.3"",
    ""type"": ""bdist_wheel""
  }
}","{
  ""details"": {
    ""installer"": {
      ""name"": ""Bazel"",
      ""version"": ""9.2.0- (@non-git)"",
      ""subcommand"": null
    },
    ""python"": null,
    ""implementation"": null,
    ""distro"": null,
    ""system"": null,
    ""cpu"": null,
    ""openssl_version"": null,
    ""setuptools_version"": null,
    ""rustc_version"": null,
    ""ci"": null
  }
}",TLSv1.3,TLS_AES_128_GCM_SHA256,"{
  ""http"": null
}"
2026-08-31 18:05:50.000000 UTC,US,/packages/37/8e/fd346444b270ffe52e06c1af1243eaae30ab651c1d59f51711e3502fd060/duckdb-1.1.3-cp311-cp311-musllinux_1_2_x86_64.whl,duckdb,"{
  ""file"": {
    ""filename"": ""duckdb-1.1.3-cp311-cp311-musllinux_1_2_x86_64.whl"",
    ""project"": ""duckdb"",
    ""version"": ""1.1.3"",
    ""type"": ""bdist_wheel""
  }
}","{
  ""details"": {
    ""installer"": {
      ""name"": ""Bazel"",
      ""version"": ""9.2.0- (@non-git)"",
      ""subcommand"": null
    },
    ""python"": null,
    ""implementation"": null,
    ""distro"": null,
    ""system"": null,
    ""cpu"": null,
    ""openssl_version"": null,
    ""setuptools_version"": null,
    ""rustc_version"": null,
    ""ci"": null
  }
}",TLSv1.3,TLS_AES_128_GCM_SHA256,"{
  ""http"": null
}"
2026-08-31 18:08:41.000000 UTC,US,/packages/37/8e/fd346444b270ffe52e06c1af1243eaae30ab651c1d59f51711e3502fd060/duckdb-1.1.3-cp311-cp311-musllinux_1_2_x86_64.whl,duckdb,"{
  ""file"": {
    ""filename"": ""duckdb-1.1.3-cp311-cp311-musllinux_1_2_x86_64.whl"",
    ""project"": ""duckdb"",
    ""version"": ""1.1.3"",
    ""type"": ""bdist_wheel""
  }
}","{
  ""details"": {
    ""installer"": {
      ""name"": ""Bazel"",
      ""version"": ""9.2.0- (@non-git)"",
      ""subcommand"": null
    },
    ""python"": null,
    ""implementation"": null,
    ""distro"": null,
    ""system"": null,
    ""cpu"": null,
    ""openssl_version"": null,
    ""setuptools_version"": null,
    ""rustc_version"": null,
    ""ci"": null
  }
}",TLSv1.3,TLS_AES_128_GCM_SHA256,"{
  ""http"": null
}"
2026-08-31 18:05:17.000000 UTC,US,/packages/37/8e/fd346444b270ffe52e06c1af1243eaae30ab651c1d59f51711e3502fd060/duckdb-1.1.3-cp311-cp311-musllinux_1_2_x86_64.whl,duckdb,"{
  ""file"": {
    ""filename"": ""duckdb-1.1.3-cp311-cp311-musllinux_1_2_x86_64.whl"",
    ""project"": ""duckdb"",
    ""version"": ""1.1.3"",
    ""type"": ""bdist_wheel""
  }
}","{
  ""details"": {
    ""installer"": {
      ""name"": ""Bazel"",
      ""version"": ""9.2.0- (@non-git)"",
      ""subcommand"": null
    },
    ""python"": null,
    ""implementation"": null,
    ""distro"": null,
    ""system"": null,
    ""cpu"": null,
    ""openssl_version"": null,
    ""setuptools_version"": null,
    ""rustc_version"": null,
    ""ci"": null
  }
}",TLSv1.3,TLS_AES_128_GCM_SHA256,"{
  ""http"": null
}"
2026-08-31 18:09:47.000000 UTC,US,/packages/37/8e/fd346444b270ffe52e06c1af1243eaae30ab651c1d59f51711e3502fd060/duckdb-1.1.3-cp311-cp311-musllinux_1_2_x86_64.whl,duckdb,"{
  ""file"": {
    ""filename"": ""duckdb-1.1.3-cp311-cp311-musllinux_1_2_x86_64.whl"",
    ""project"": ""duckdb"",
    ""version"": ""1.1.3"",
    ""type"": ""bdist_wheel""
  }
}","{
  ""details"": {
    ""installer"": {
      ""name"": ""Bazel"",
      ""version"": ""9.2.0- (@non-git)"",
      ""subcommand"": null
    },
    ""python"": null,
    ""implementation"": null,
    ""distro"": null,
    ""system"": null,
    ""cpu"": null,
    ""openssl_version"": null,
    ""setuptools_version"": null,
    ""rustc_version"": null,
    ""ci"": null
  }
}",TLSv1.3,TLS_AES_128_GCM_SHA256,"{
  ""http"": null
}"
2026-08-31 18:06:36.000000 UTC,US,/packages/37/8e/fd346444b270ffe52e06c1af1243eaae30ab651c1d59f51711e3502fd060/duckdb-1.1.3-cp311-cp311-musllinux_1_2_x86_64.whl,duckdb,"{
  ""file"": {
    ""filename"": ""duckdb-1.1.3-cp311-cp311-musllinux_1_2_x86_64.whl"",
    ""project"": ""duckdb"",
    ""version"": ""1.1.3"",
    ""type"": ""bdist_wheel""
  }
}","{
  ""details"": {
    ""installer"": {
      ""name"": ""Bazel"",
      ""version"": ""9.2.0- (@non-git)"",
      ""subcommand"": null
    },
    ""python"": null,
    ""implementation"": null,
    ""distro"": null,
    ""system"": null,
    ""cpu"": null,
    ""openssl_version"": null,
    ""setuptools_version"": null,
    ""rustc_version"": null,
    ""ci"": null
  }
}",TLSv1.3,TLS_AES_128_GCM_SHA256,"{
  ""http"": null
}"
2026-08-31 18:06:22.000000 UTC,US,/packages/37/8e/fd346444b270ffe52e06c1af1243eaae30ab651c1d59f51711e3502fd060/duckdb-1.1.3-cp311-cp311-musllinux_1_2_x86_64.whl,duckdb,"{
  ""file"": {
    ""filename"": ""duckdb-1.1.3-cp311-cp311-musllinux_1_2_x86_64.whl"",
    ""project"": ""duckdb"",
    ""version"": ""1.1.3"",
    ""type"": ""bdist_wheel""
  }
}","{
  ""details"": {
    ""installer"": {
      ""name"": ""Bazel"",
      ""version"": ""9.2.0- (@non-git)"",
      ""subcommand"": null
    },
    ""python"": null,
    ""implementation"": null,
    ""distro"": null,
    ""system"": null,
    ""cpu"": null,
    ""openssl_version"": null,
    ""setuptools_version"": null,
    ""rustc_version"": null,
    ""ci"": null
  }
}",TLSv1.3,TLS_AES_128_GCM_SHA256,"{
  ""http"": null
}"
2026-08-31 18:06:45.000000 UTC,US,/packages/37/8e/fd346444b270ffe52e06c1af1243eaae30ab651c1d59f51711e3502fd060/duckdb-1.1.3-cp311-cp311-musllinux_1_2_x86_64.whl,duckdb,"{
  ""file"": {
    ""filename"": ""duckdb-1.1.3-cp311-cp311-musllinux_1_2_x86_64.whl"",
    ""project"": ""duckdb"",
    ""version"": ""1.1.3"",
    ""type"": ""bdist_wheel""
  }
}","{
  ""details"": {
    ""installer"": {
      ""name"": ""Bazel"",
      ""version"": ""9.2.0- (@non-git)"",
      ""subcommand"": null
    },
    ""python"": null,
    ""implementation"": null,
    ""distro"": null,
    ""system"": null,
    ""cpu"": null,
    ""openssl_version"": null,
    ""setuptools_version"": null,
    ""rustc_version"": null,
    ""ci"": null
  }
}",TLSv1.3,TLS_AES_128_GCM_SHA256,"{
  ""http"": null
}"
2026-08-31 18:04:55.000000 UTC,US,/packages/37/8e/fd346444b270ffe52e06c1af1243eaae30ab651c1d59f51711e3502fd060/duckdb-1.1.3-cp311-cp311-musllinux_1_2_x86_64.whl,duckdb,"{
  ""file"": {
    ""filename"": ""duckdb-1.1.3-cp311-cp311-musllinux_1_2_x86_64.whl"",
    ""project"": ""duckdb"",
    ""version"": ""1.1.3"",
    ""type"": ""bdist_wheel""
  }
}","{
  ""details"": {
    ""installer"": {
      ""name"": ""Bazel"",
      ""version"": ""9.2.0- (@non-git)"",
      ""subcommand"": null
    },
    ""python"": null,
    ""implementation"": null,
    ""distro"": null,
    ""system"": null,
    ""cpu"": null,
    ""openssl_version"": null,
    ""setuptools_version"": null,
    ""rustc_version"": null,
    ""ci"": null
  }
}",TLSv1.3,TLS_AES_128_GCM_SHA256,"{
  ""http"": null
}"
2026-08-31 18:05:05.000000 UTC,US,/packages/37/8e/fd346444b270ffe52e06c1af1243eaae30ab651c1d59f51711e3502fd060/duckdb-1.1.3-cp311-cp311-musllinux_1_2_x86_64.whl,duckdb,"{
  ""file"": {
    ""filename"": ""duckdb-1.1.3-cp311-cp311-musllinux_1_2_x86_64.whl"",
    ""project"": ""duckdb"",
    ""version"": ""1.1.3"",
    ""type"": ""bdist_wheel""
  }
}","{
  ""details"": {
    ""installer"": {
      ""name"": ""Bazel"",
      ""version"": ""9.2.0- (@non-git)"",
      ""subcommand"": null
    },
    ""python"": null,
    ""implementation"": null,
    ""distro"": null,
    ""system"": null,
    ""cpu"": null,
    ""openssl_version"": null,
    ""setuptools_version"": null,
    ""rustc_version"": null,
    ""ci"": null
  }
}",TLSv1.3,TLS_AES_128_GCM_SHA256,"{
  ""http"": null
}"
2026-08-31 18:05:04.000000 UTC,US,/packages/37/8e/fd346444b270ffe52e06c1af1243eaae30ab651c1d59f51711e3502fd060/duckdb-1.1.3-cp311-cp311-musllinux_1_2_x86_64.whl,duckdb,"{
  ""file"": {
    ""filename"": ""duckdb-1.1.3-cp311-cp311-musllinux_1_2_x86_64.whl"",
    ""project"": ""duckdb"",
    ""version"": ""1.1.3"",
    ""type"": ""bdist_wheel""
  }
}","{
  ""details"": {
    ""installer"": {
      ""name"": ""Bazel"",
      ""version"": ""9.2.0- (@non-git)"",
      ""subcommand"": null
    },
    ""python"": null,
    ""implementation"": null,
    ""distro"": null,
    ""system"": null,
    ""cpu"": null,
    ""openssl_version"": null,
    ""setuptools_version"": null,
    ""rustc_version"": null,
    ""ci"": null
  }
}",TLSv1.3,TLS_AES_128_GCM_SHA256,"{
  ""http"": null
}"
2026-08-31 18:08:19.000000 UTC,US,/packages/37/8e/fd346444b270ffe52e06c1af1243eaae30ab651c1d59f51711e3502fd060/duckdb-1.1.3-cp311-cp311-musllinux_1_2_x86_64.whl,duckdb,"{
  ""file"": {
    ""filename"": ""duckdb-1.1.3-cp311-cp311-musllinux_1_2_x86_64.whl"",
    ""project"": ""duckdb"",
    ""version"": ""1.1.3"",
    ""type"": ""bdist_wheel""
  }
}","{
  ""details"": {
    ""installer"": {
      ""name"": ""Bazel"",
      ""version"": ""9.2.0- (@non-git)"",
      ""subcommand"": null
    },
    ""python"": null,
    ""implementation"": null,
    ""distro"": null,
    ""system"": null,
    ""cpu"": null,
    ""openssl_version"": null,
    ""setuptools_version"": null,
    ""rustc_version"": null,
    ""ci"": null
  }
}",TLSv1.3,TLS_AES_128_GCM_SHA256,"{
  ""http"": null
}"
2026-08-31 18:04:58.000000 UTC,US,/packages/37/8e/fd346444b270ffe52e06c1af1243eaae30ab651c1d59f51711e3502fd060/duckdb-1.1.3-cp311-cp311-musllinux_1_2_x86_64.whl,duckdb,"{
  ""file"": {
    ""filename"": ""duckdb-1.1.3-cp311-cp311-musllinux_1_2_x86_64.whl"",
    ""project"": ""duckdb"",
    ""version"": ""1.1.3"",
    ""type"": ""bdist_wheel""
  }
}","{
  ""details"": {
    ""installer"": {
      ""name"": ""Bazel"",
      ""version"": ""9.2.0- (@non-git)"",
      ""subcommand"": null
    },
    ""python"": null,
    ""implementation"": null,
    ""distro"": null,
    ""system"": null,
    ""cpu"": null,
    ""openssl_version"": null,
    ""setuptools_version"": null,
    ""rustc_version"": null,
    ""ci"": null
  }
}",TLSv1.3,TLS_AES_128_GCM_SHA256,"{
  ""http"": null
}"
2026-08-31 18:05:15.000000 UTC,US,/packages/37/8e/fd346444b270ffe52e06c1af1243eaae30ab651c1d59f51711e3502fd060/duckdb-1.1.3-cp311-cp311-musllinux_1_2_x86_64.whl,duckdb,"{
  ""file"": {
    ""filename"": ""duckdb-1.1.3-cp311-cp311-musllinux_1_2_x86_64.whl"",
    ""project"": ""duckdb"",
    ""version"": ""1.1.3"",
    ""type"": ""bdist_wheel""
  }
}","{
  ""details"": {
    ""installer"": {
      ""name"": ""Bazel"",
      ""version"": ""9.2.0- (@non-git)"",
      ""subcommand"": null
    },
    ""python"": null,
    ""implementation"": null,
    ""distro"": null,
    ""system"": null,
    ""cpu"": null,
    ""openssl_version"": null,
    ""setuptools_version"": null,
    ""rustc_version"": null,
    ""ci"": null
  }
}",TLSv1.3,TLS_AES_128_GCM_SHA256,"{
  ""http"": null
}"
2026-08-31 18:05:04.000000 UTC,US,/packages/37/8e/fd346444b270ffe52e06c1af1243eaae30ab651c1d59f51711e3502fd060/duckdb-1.1.3-cp311-cp311-musllinux_1_2_x86_64.whl,duckdb,"{
  ""file"": {
    ""filename"": ""duckdb-1.1.3-cp311-cp311-musllinux_1_2_x86_64.whl"",
    ""project"": ""duckdb"",
    ""version"": ""1.1.3"",
    ""type"": ""bdist_wheel""
  }
}","{
  ""details"": {
    ""installer"": {
      ""name"": ""Bazel"",
      ""version"": ""9.2.0- (@non-git)"",
      ""subcommand"": null
    },
    ""python"": null,
    ""implementation"": null,
    ""distro"": null,
    ""system"": null,
    ""cpu"": null,
    ""openssl_version"": null,
    ""setuptools_version"": null,
    ""rustc_version"": null,
    ""ci"": null
  }
}",TLSv1.3,TLS_AES_128_GCM_SHA256,"{
  ""http"": null
}"
2026-08-31 18:05:32.000000 UTC,US,/packages/37/8e/fd346444b270ffe52e06c1af1243eaae30ab651c1d59f51711e3502fd060/duckdb-1.1.3-cp311-cp311-musllinux_1_2_x86_64.whl,duckdb,"{
  ""file"": {
    ""filename"": ""duckdb-1.1.3-cp311-cp311-musllinux_1_2_x86_64.whl"",
    ""project"": ""duckdb"",
    ""version"": ""1.1.3"",
    ""type"": ""bdist_wheel""
  }
}","{
  ""details"": {
    ""installer"": {
      ""name"": ""Bazel"",
      ""version"": ""9.2.0- (@non-git)"",
      ""subcommand"": null
    },
    ""python"": null,
    ""implementation"": null,
    ""distro"": null,
    ""system"": null,
    ""cpu"": null,
    ""openssl_version"": null,
    ""setuptools_version"": null,
    ""rustc_version"": null,
    ""ci"": null
  }
}",TLSv1.3,TLS_AES_128_GCM_SHA256,"{
  ""http"": null
}"
2026-08-31 18:01:42.000000 UTC,US,/packages/37/8e/fd346444b270ffe52e06c1af1243eaae30ab651c1d59f51711e3502fd060/duckdb-1.1.3-cp311-cp311-musllinux_1_2_x86_64.whl,duckdb,"{
  ""file"": {
    ""filename"": ""duckdb-1.1.3-cp311-cp311-musllinux_1_2_x86_64.whl"",
    ""project"": ""duckdb"",
    ""version"": ""1.1.3"",
    ""type"": ""bdist_wheel""
  }
}","{
  ""details"": {
    ""installer"": {
      ""name"": ""Bazel"",
      ""version"": ""9.2.0- (@non-git)"",
      ""subcommand"": null
    },
    ""python"": null,
    ""implementation"": null,
    ""distro"": null,
    ""system"": null,
    ""cpu"": null,
    ""openssl_version"": null,
    ""setuptools_version"": null,
    ""rustc_version"": null,
    ""ci"": null
  }
}",TLSv1.3,TLS_AES_128_GCM_SHA256,"{
  ""http"": null
}"
2026-08-31 18:00:35.000000 UTC,US,/packages/37/8e/fd346444b270ffe52e06c1af1243eaae30ab651c1d59f51711e3502fd060/duckdb-1.1.3-cp311-cp311-musllinux_1_2_x86_64.whl,duckdb,"{
  ""file"": {
    ""filename"": ""duckdb-1.1.3-cp311-cp311-musllinux_1_2_x86_64.whl"",
    ""project"": ""duckdb"",
    ""version"": ""1.1.3"",
    ""type"": ""bdist_wheel""
  }
}","{
  ""details"": {
    ""installer"": {
      ""name"": ""Bazel"",
      ""version"": ""9.2.0- (@non-git)"",
      ""subcommand"": null
    },
    ""python"": null,
    ""implementation"": null,
    ""distro"": null,
    ""system"": null,
    ""cpu"": null,
    ""openssl_version"": null,
    ""setuptools_version"": null,
    ""rustc_version"": null,
    ""ci"": null
  }
}",TLSv1.3,TLS_AES_128_GCM_SHA256,"{
  ""http"": null
}"
2026-08-31 18:00:17.000000 UTC,US,/packages/18/aa/804c1cf5077b6f17d752b23637d9ef53eaad77ea73ee43d4c12bff480e36/duckdb-1.1.3-cp311-cp311-win_amd64.whl,duckdb,"{
  ""file"": {
    ""filename"": ""duckdb-1.1.3-cp311-cp311-win_amd64.whl"",
    ""project"": ""duckdb"",
    ""version"": ""1.1.3"",
    ""type"": ""bdist_wheel""
  }
}","{
  ""details"": {
    ""installer"": {
      ""name"": ""Bazel"",
      ""version"": ""9.2.0- (@non-git)"",
      ""subcommand"": null
    },
    ""python"": null,
    ""implementation"": null,
    ""distro"": null,
    ""system"": null,
    ""cpu"": null,
    ""openssl_version"": null,
    ""setuptools_version"": null,
    ""rustc_version"": null,
    ""ci"": null
  }
}",TLSv1.3,TLS_AES_128_GCM_SHA256,"{
  ""http"": null
}"
2026-08-31 18:05:06.000000 UTC,US,/packages/18/aa/804c1cf5077b6f17d752b23637d9ef53eaad77ea73ee43d4c12bff480e36/duckdb-1.1.3-cp311-cp311-win_amd64.whl,duckdb,"{
  ""file"": {
    ""filename"": ""duckdb-1.1.3-cp311-cp311-win_amd64.whl"",
    ""project"": ""duckdb"",
    ""version"": ""1.1.3"",
    ""type"": ""bdist_wheel""
  }
}","{
  ""details"": {
    ""installer"": {
      ""name"": ""Bazel"",
      ""version"": ""9.2.0- (@non-git)"",
      ""subcommand"": null
    },
    ""python"": null,
    ""implementation"": null,
    ""distro"": null,
    ""system"": null,
    ""cpu"": null,
    ""openssl_version"": null,
    ""setuptools_version"": null,
    ""rustc_version"": null,
    ""ci"": null
  }
}",TLSv1.3,TLS_AES_128_GCM_SHA256,"{
  ""http"": null
}"
2026-08-31 18:08:20.000000 UTC,US,/packages/18/aa/804c1cf5077b6f17d752b23637d9ef53eaad77ea73ee43d4c12bff480e36/duckdb-1.1.3-cp311-cp311-win_amd64.whl,duckdb,"{
  ""file"": {
    ""filename"": ""duckdb-1.1.3-cp311-cp311-win_amd64.whl"",
    ""project"": ""duckdb"",
    ""version"": ""1.1.3"",
    ""type"": ""bdist_wheel""
  }
}","{
  ""details"": {
    ""installer"": {
      ""name"": ""Bazel"",
      ""version"": ""9.2.0- (@non-git)"",
      ""subcommand"": null
    },
    ""python"": null,
    ""implementation"": null,
    ""distro"": null,
    ""system"": null,
    ""cpu"": null,
    ""openssl_version"": null,
    ""setuptools_version"": null,
    ""rustc_version"": null,
    ""ci"": null
  }
}",TLSv1.3,TLS_AES_128_GCM_SHA256,"{
  ""http"": null
}"
2026-08-31 18:05:11.000000 UTC,US,/packages/18/aa/804c1cf5077b6f17d752b23637d9ef53eaad77ea73ee43d4c12bff480e36/duckdb-1.1.3-cp311-cp311-win_amd64.whl,duckdb,"{
  ""file"": {
    ""filename"": ""duckdb-1.1.3-cp311-cp311-win_amd64.whl"",
    ""project"": ""duckdb"",
    ""version"": ""1.1.3"",
    ""type"": ""bdist_wheel""
  }
}","{
  ""details"": {
    ""installer"": {
      ""name"": ""Bazel"",
      ""version"": ""9.2.0- (@non-git)"",
      ""subcommand"": null
    },
    ""python"": null,
    ""implementation"": null,
    ""distro"": null,
    ""system"": null,
    ""cpu"": null,
    ""openssl_version"": null,
    ""setuptools_version"": null,
    ""rustc_version"": null,
    ""ci"": null
  }
}",TLSv1.3,TLS_AES_128_GCM_SHA256,"{
  ""http"": null
}"
2026-08-31 18:05:05.000000 UTC,US,/packages/18/aa/804c1cf5077b6f17d752b23637d9ef53eaad77ea73ee43d4c12bff480e36/duckdb-1.1.3-cp311-cp311-win_amd64.whl,duckdb,"{
  ""file"": {
    ""filename"": ""duckdb-1.1.3-cp311-cp311-win_amd64.whl"",
    ""project"": ""duckdb"",
    ""version"": ""1.1.3"",
    ""type"": ""bdist_wheel""
  }
}","{
  ""details"": {
    ""installer"": {
      ""name"": ""Bazel"",
      ""version"": ""9.2.0- (@non-git)"",
      ""subcommand"": null
    },
    ""python"": null,
    ""implementation"": null,
    ""distro"": null,
    ""system"": null,
    ""cpu"": null,
    ""openssl_version"": null,
    ""setuptools_version"": null,
    ""rustc_version"": null,
    ""ci"": null
  }
}",TLSv1.3,TLS_AES_128_GCM_SHA256,"{
  ""http"": null
}"
2026-08-31 18:04:58.000000 UTC,US,/packages/18/aa/804c1cf5077b6f17d752b23637d9ef53eaad77ea73ee43d4c12bff480e36/duckdb-1.1.3-cp311-cp311-win_amd64.whl,duckdb,"{
  ""file"": {
    ""filename"": ""duckdb-1.1.3-cp311-cp311-win_amd64.whl"",
    ""project"": ""duckdb"",
    ""version"": ""1.1.3"",
    ""type"": ""bdist_wheel""
  }
}","{
  ""details"": {
    ""installer"": {
      ""name"": ""Bazel"",
      ""version"": ""9.2.0- (@non-git)"",
      ""subcommand"": null
    },
    ""python"": null,
    ""implementation"": null,
    ""distro"": null,
    ""system"": null,
    ""cpu"": null,
    ""openssl_version"": null,
    ""setuptools_version"": null,
    ""rustc_version"": null,
    ""ci"": null
  }
}",TLSv1.3,TLS_AES_128_GCM_SHA256,"{
  ""http"": null
}"
2026-08-31 18:05:09.000000 UTC,US,/packages/18/aa/804c1cf5077b6f17d752b23637d9ef53eaad77ea73ee43d4c12bff480e36/duckdb-1.1.3-cp311-cp311-win_amd64.whl,duckdb,"{
  ""file"": {
    ""filename"": ""duckdb-1.1.3-cp311-cp311-win_amd64.whl"",
    ""project"": ""duckdb"",
    ""version"": ""1.1.3"",
    ""type"": ""bdist_wheel""
  }
}","{
  ""details"": {
    ""installer"": {
      ""name"": ""Bazel"",
      ""version"": ""9.2.0- (@non-git)"",
      ""subcommand"": null
    },
    ""python"": null,
    ""implementation"": null,
    ""distro"": null,
    ""system"": null,
    ""cpu"": null,
    ""openssl_version"": null,
    ""setuptools_version"": null,
    ""rustc_version"": null,
    ""ci"": null
  }
}",TLSv1.3,TLS_AES_128_GCM_SHA256,"{
  ""http"": null
}"
2026-08-31 18:05:19.000000 UTC,US,/packages/18/aa/804c1cf5077b6f17d752b23637d9ef53eaad77ea73ee43d4c12bff480e36/duckdb-1.1.3-cp311-cp311-win_amd64.whl,duckdb,"{
  ""file"": {
    ""filename"": ""duckdb-1.1.3-cp311-cp311-win_amd64.whl"",
    ""project"": ""duckdb"",
    ""version"": ""1.1.3"",
    ""type"": ""bdist_wheel""
  }
}","{
  ""details"": {
    ""installer"": {
      ""name"": ""Bazel"",
      ""version"": ""9.2.0- (@non-git)"",
      ""subcommand"": null
    },
    ""python"": null,
    ""implementation"": null,
    ""distro"": null,
    ""system"": null,
    ""cpu"": null,
    ""openssl_version"": null,
    ""setuptools_version"": null,
    ""rustc_version"": null,
    ""ci"": null
  }
}",TLSv1.3,TLS_AES_128_GCM_SHA256,"{
  ""http"": null
}"
2026-08-31 18:04:51.000000 UTC,US,/packages/18/aa/804c1cf5077b6f17d752b23637d9ef53eaad77ea73ee43d4c12bff480e36/duckdb-1.1.3-cp311-cp311-win_amd64.whl,duckdb,"{
  ""file"": {
    ""filename"": ""duckdb-1.1.3-cp311-cp311-win_amd64.whl"",
    ""project"": ""duckdb"",
    ""version"": ""1.1.3"",
    ""type"": ""bdist_wheel""
  }
}","{
  ""details"": {
    ""installer"": {
      ""name"": ""Bazel"",
      ""version"": ""9.2.0- (@non-git)"",
      ""subcommand"": null
    },
    ""python"": null,
    ""implementation"": null,
    ""distro"": null,
    ""system"": null,
    ""cpu"": null,
    ""openssl_version"": null,
    ""setuptools_version"": null,
    ""rustc_version"": null,
    ""ci"": null
  }
}",TLSv1.3,TLS_AES_128_GCM_SHA256,"{
  ""http"": null
}"
2026-08-31 18:07:39.000000 UTC,US,/packages/18/aa/804c1cf5077b6f17d752b23637d9ef53eaad77ea73ee43d4c12bff480e36/duckdb-1.1.3-cp311-cp311-win_amd64.whl,duckdb,"{
  ""file"": {
    ""filename"": ""duckdb-1.1.3-cp311-cp311-win_amd64.whl"",
    ""project"": ""duckdb"",
    ""version"": ""1.1.3"",
    ""type"": ""bdist_wheel""
  }
}","{
  ""details"": {
    ""installer"": {
      ""name"": ""Bazel"",
      ""version"": ""9.2.0- (@non-git)"",
      ""subcommand"": null
    },
    ""python"": null,
    ""implementation"": null,
    ""distro"": null,
    ""system"": null,
    ""cpu"": null,
    ""openssl_version"": null,
    ""setuptools_version"": null,
    ""rustc_version"": null,
    ""ci"": null
  }
}",TLSv1.3,TLS_AES_128_GCM_SHA256,"{
  ""http"": null
}"
2026-08-31 18:01:42.000000 UTC,US,/packages/18/aa/804c1cf5077b6f17d752b23637d9ef53eaad77ea73ee43d4c12bff480e36/duckdb-1.1.3-cp311-cp311-win_amd64.whl,duckdb,"{
  ""file"": {
    ""filename"": ""duckdb-1.1.3-cp311-cp311-win_amd64.whl"",
    ""project"": ""duckdb"",
    ""version"": ""1.1.3"",
    ""type"": ""bdist_wheel""
  }
}","{
  ""details"": {
    ""installer"": {
      ""name"": ""Bazel"",
      ""version"": ""9.2.0- (@non-git)"",
      ""subcommand"": null
    },
    ""python"": null,
    ""implementation"": null,
    ""distro"": null,
    ""system"": null,
    ""cpu"": null,
    ""openssl_version"": null,
    ""setuptools_version"": null,
    ""rustc_version"": null,
    ""ci"": null
  }
}",TLSv1.3,TLS_AES_128_GCM_SHA256,"{
  ""http"": null
}"
2026-08-31 18:05:04.000000 UTC,US,/packages/18/aa/804c1cf5077b6f17d752b23637d9ef53eaad77ea73ee43d4c12bff480e36/duckdb-1.1.3-cp311-cp311-win_amd64.whl,duckdb,"{
  ""file"": {
    ""filename"": ""duckdb-1.1.3-cp311-cp311-win_amd64.whl"",
    ""project"": ""duckdb"",
    ""version"": ""1.1.3"",
    ""type"": ""bdist_wheel""
  }
}","{
  ""details"": {
    ""installer"": {
      ""name"": ""Bazel"",
      ""version"": ""9.2.0- (@non-git)"",
      ""subcommand"": null
    },
    ""python"": null,
    ""implementation"": null,
    ""distro"": null,
    ""system"": null,
    ""cpu"": null,
    ""openssl_version"": null,
    ""setuptools_version"": null,
    ""rustc_version"": null,
    ""ci"": null
  }
}",TLSv1.3,TLS_AES_128_GCM_SHA256,"{
  ""http"": null
}"
2026-08-31 18:00:36.000000 UTC,US,/packages/18/aa/804c1cf5077b6f17d752b23637d9ef53eaad77ea73ee43d4c12bff480e36/duckdb-1.1.3-cp311-cp311-win_amd64.whl,duckdb,"{
  ""file"": {
    ""filename"": ""duckdb-1.1.3-cp311-cp311-win_amd64.whl"",
    ""project"": ""duckdb"",
    ""version"": ""1.1.3"",
    ""type"": ""bdist_wheel""
  }
}","{
  ""details"": {
    ""installer"": {
      ""name"": ""Bazel"",
      ""version"": ""9.2.0- (@non-git)"",
      ""subcommand"": null
    },
    ""python"": null,
    ""implementation"": null,
    ""distro"": null,
    ""system"": null,
    ""cpu"": null,
    ""openssl_version"": null,
    ""setuptools_version"": null,
    ""rustc_version"": null,
    ""ci"": null
  }
}",TLSv1.3,TLS_AES_128_GCM_SHA256,"{
  ""http"": null
}"
2026-08-31 18:04:56.000000 UTC,US,/packages/18/aa/804c1cf5077b6f17d752b23637d9ef53eaad77ea73ee43d4c12bff480e36/duckdb-1.1.3-cp311-cp311-win_amd64.whl,duckdb,"{
  ""file"": {
    ""filename"": ""duckdb-1.1.3-cp311-cp311-win_amd64.whl"",
    ""project"": ""duckdb"",
    ""version"": ""1.1.3"",
    ""type"": ""bdist_wheel""
  }
}","{
  ""details"": {
    ""installer"": {
      ""name"": ""Bazel"",
      ""version"": ""9.2.0- (@non-git)"",
      ""subcommand"": null
    },
    ""python"": null,
    ""implementation"": null,
    ""distro"": null,
    ""system"": null,
    ""cpu"": null,
    ""openssl_version"": null,
    ""setuptools_version"": null,
    ""rustc_version"": null,
    ""ci"": null
  }
}",TLSv1.3,TLS_AES_128_GCM_SHA256,"{
  ""http"": null
}"
2026-08-31 18:08:46.000000 UTC,US,/packages/18/aa/804c1cf5077b6f17d752b23637d9ef53eaad77ea73ee43d4c12bff480e36/duckdb-1.1.3-cp311-cp311-win_amd64.whl,duckdb,"{
  ""file"": {
    ""filename"": ""duckdb-1.1.3-cp311-cp311-win_amd64.whl"",
    ""project"": ""duckdb"",
    ""version"": ""1.1.3"",
    ""type"": ""bdist_wheel""
  }
}","{
  ""details"": {
    ""installer"": {
      ""name"": ""Bazel"",
      ""version"": ""9.2.0- (@non-git)"",
      ""subcommand"": null
    },
    ""python"": null,
    ""implementation"": null,
    ""distro"": null,
    ""system"": null,
    ""cpu"": null,
    ""openssl_version"": null,
    ""setuptools_version"": null,
    ""rustc_version"": null,
    ""ci"": null
  }
}",TLSv1.3,TLS_AES_128_GCM_SHA256,"{
  ""http"": null
}"
2026-08-31 18:04:58.000000 UTC,US,/packages/18/aa/804c1cf5077b6f17d752b23637d9ef53eaad77ea73ee43d4c12bff480e36/duckdb-1.1.3-cp311-cp311-win_amd64.whl,duckdb,"{
  ""file"": {
    ""filename"": ""duckdb-1.1.3-cp311-cp311-win_amd64.whl"",
    ""project"": ""duckdb"",
    ""version"": ""1.1.3"",
    ""type"": ""bdist_wheel""
  }
}","{
  ""details"": {
    ""installer"": {
      ""name"": ""Bazel"",
      ""version"": ""9.2.0- (@non-git)"",
      ""subcommand"": null
    },
    ""python"": null,
    ""implementation"": null,
    ""distro"": null,
    ""system"": null,
    ""cpu"": null,
    ""openssl_version"": null,
    ""setuptools_version"": null,
    ""rustc_version"": null,
    ""ci"": null
  }
}",TLSv1.3,TLS_AES_128_GCM_SHA256,"{
  ""http"": null
}"
2026-08-31 18:06:22.000000 UTC,US,/packages/18/aa/804c1cf5077b6f17d752b23637d9ef53eaad77ea73ee43d4c12bff480e36/duckdb-1.1.3-cp311-cp311-win_amd64.whl,duckdb,"{
  ""file"": {
    ""filename"": ""duckdb-1.1.3-cp311-cp311-win_amd64.whl"",
    ""project"": ""duckdb"",
    ""version"": ""1.1.3"",
    ""type"": ""bdist_wheel""
  }
}","{
  ""details"": {
    ""installer"": {
      ""name"": ""Bazel"",
      ""version"": ""9.2.0- (@non-git)"",
      ""subcommand"": null
    },
    ""python"": null,
    ""implementation"": null,
    ""distro"": null,
    ""system"": null,
    ""cpu"": null,
    ""openssl_version"": null,
    ""setuptools_version"": null,
    ""rustc_version"": null,
    ""ci"": null
  }
}",TLSv1.3,TLS_AES_128_GCM_SHA256,"{
  ""http"": null
}"
2026-08-31 18:05:32.000000 UTC,US,/packages/18/aa/804c1cf5077b6f17d752b23637d9ef53eaad77ea73ee43d4c12bff480e36/duckdb-1.1.3-cp311-cp311-win_amd64.whl,duckdb,"{
  ""file"": {
    ""filename"": ""duckdb-1.1.3-cp311-cp311-win_amd64.whl"",
    ""project"": ""duckdb"",
    ""version"": ""1.1.3"",
    ""type"": ""bdist_wheel""
  }
}","{
  ""details"": {
    ""installer"": {
      ""name"": ""Bazel"",
      ""version"": ""9.2.0- (@non-git)"",
      ""subcommand"": null
    },
    ""python"": null,
    ""implementation"": null,
    ""distro"": null,
    ""system"": null,
    ""cpu"": null,
    ""openssl_version"": null,
    ""setuptools_version"": null,
    ""rustc_version"": null,
    ""ci"": null
  }
}",TLSv1.3,TLS_AES_128_GCM_SHA256,"{
  ""http"": null
}"
2026-08-31 18:09:47.000000 UTC,US,/packages/18/aa/804c1cf5077b6f17d752b23637d9ef53eaad77ea73ee43d4c12bff480e36/duckdb-1.1.3-cp311-cp311-win_amd64.whl,duckdb,"{
  ""file"": {
    ""filename"": ""duckdb-1.1.3-cp311-cp311-win_amd64.whl"",
    ""project"": ""duckdb"",
    ""version"": ""1.1.3"",
    ""type"": ""bdist_wheel""
  }
}","{
  ""details"": {
    ""installer"": {
      ""name"": ""Bazel"",
      ""version"": ""9.2.0- (@non-git)"",
      ""subcommand"": null
    },
    ""python"": null,
    ""implementation"": null,
    ""distro"": null,
    ""system"": null,
    ""cpu"": null,
    ""openssl_version"": null,
    ""setuptools_version"": null,
    ""rustc_version"": null,
    ""ci"": null
  }
}",TLSv1.3,TLS_AES_128_GCM_SHA256,"{
  ""http"": null
}"
2026-08-31 18:05:50.000000 UTC,US,/packages/18/aa/804c1cf5077b6f17d752b23637d9ef53eaad77ea73ee43d4c12bff480e36/duckdb-1.1.3-cp311-cp311-win_amd64.whl,duckdb,"{
  ""file"": {
    ""filename"": ""duckdb-1.1.3-cp311-cp311-win_amd64.whl"",
    ""project"": ""duckdb"",
    ""version"": ""1.1.3"",
    ""type"": ""bdist_wheel""
  }
}","{
  ""details"": {
    ""installer"": {
      ""name"": ""Bazel"",
      ""version"": ""9.2.0- (@non-git)"",
      ""subcommand"": null
    },
    ""python"": null,
    ""implementation"": null,
    ""distro"": null,
    ""system"": null,
    ""cpu"": null,
    ""openssl_version"": null,
    ""setuptools_version"": null,
    ""rustc_version"": null,
    ""ci"": null
  }
}",TLSv1.3,TLS_AES_128_GCM_SHA256,"{
  ""http"": null
}"
2026-08-31 18:08:41.000000 UTC,US,/packages/18/aa/804c1cf5077b6f17d752b23637d9ef53eaad77ea73ee43d4c12bff480e36/duckdb-1.1.3-cp311-cp311-win_amd64.whl,duckdb,"{
  ""file"": {
    ""filename"": ""duckdb-1.1.3-cp311-cp311-win_amd64.whl"",
    ""project"": ""duckdb"",
    ""version"": ""1.1.3"",
    ""type"": ""bdist_wheel""
  }
}","{
  ""details"": {
    ""installer"": {
      ""name"": ""Bazel"",
      ""version"": ""9.2.0- (@non-git)"",
      ""subcommand"": null
    },
    ""python"": null,
    ""implementation"": null,
    ""distro"": null,
    ""system"": null,
    ""cpu"": null,
    ""openssl_version"": null,
    ""setuptools_version"": null,
    ""rustc_version"": null,
    ""ci"": null
  }
}",TLSv1.3,TLS_AES_128_GCM_SHA256,"{
  ""http"": null
}"
2026-08-31 18:06:37.000000 UTC,US,/packages/18/aa/804c1cf5077b6f17d752b23637d9ef53eaad77ea73ee43d4c12bff480e36/duckdb-1.1.3-cp311-cp311-win_amd64.whl,duckdb,"{
  ""file"": {
    ""filename"": ""duckdb-1.1.3-cp311-cp311-win_amd64.whl"",
    ""project"": ""duckdb"",
    ""version"": ""1.1.3"",
    ""type"": ""bdist_wheel""
  }
}","{
  ""details"": {
    ""installer"": {
      ""name"": ""Bazel"",
      ""version"": ""9.2.0- (@non-git)"",
      ""subcommand"": null
    },
    ""python"": null,
    ""implementation"": null,
    ""distro"": null,
    ""system"": null,
    ""cpu"": null,
    ""openssl_version"": null,
    ""setuptools_version"": null,
    ""rustc_version"": null,
    ""ci"": null
  }
}",TLSv1.3,TLS_AES_128_GCM_SHA256,"{
  ""http"": null
}"
2026-08-31 18:05:15.000000 UTC,US,/packages/18/aa/804c1cf5077b6f17d752b23637d9ef53eaad77ea73ee43d4c12bff480e36/duckdb-1.1.3-cp311-cp311-win_amd64.whl,duckdb,"{
  ""file"": {
    ""filename"": ""duckdb-1.1.3-cp311-cp311-win_amd64.whl"",
    ""project"": ""duckdb"",
    ""version"": ""1.1.3"",
    ""type"": ""bdist_wheel""
  }
}","{
  ""details"": {
    ""installer"": {
      ""name"": ""Bazel"",
      ""version"": ""9.2.0- (@non-git)"",
      ""subcommand"": null
    },
    ""python"": null,
    ""implementation"": null,
    ""distro"": null,
    ""system"": null,
    ""cpu"": null,
    ""openssl_version"": null,
    ""setuptools_version"": null,
    ""rustc_version"": null,
    ""ci"": null
  }
}",TLSv1.3,TLS_AES_128_GCM_SHA256,"{
  ""http"": null
}"
2026-08-31 18:08:23.000000 UTC,US,/packages/18/aa/804c1cf5077b6f17d752b23637d9ef53eaad77ea73ee43d4c12bff480e36/duckdb-1.1.3-cp311-cp311-win_amd64.whl,duckdb,"{
  ""file"": {
    ""filename"": ""duckdb-1.1.3-cp311-cp311-win_amd64.whl"",
    ""project"": ""duckdb"",
    ""version"": ""1.1.3"",
    ""type"": ""bdist_wheel""
  }
}","{
  ""details"": {
    ""installer"": {
      ""name"": ""Bazel"",
      ""version"": ""9.2.0- (@non-git)"",
      ""subcommand"": null
    },
    ""python"": null,
    ""implementation"": null,
    ""distro"": null,
    ""system"": null,
    ""cpu"": null,
    ""openssl_version"": null,
    ""setuptools_version"": null,
    ""rustc_version"": null,
    ""ci"": null
  }
}",TLSv1.3,TLS_AES_128_GCM_SHA256,"{
  ""http"": null
}"
2026-08-31 18:06:46.000000 UTC,US,/packages/18/aa/804c1cf5077b6f17d752b23637d9ef53eaad77ea73ee43d4c12bff480e36/duckdb-1.1.3-cp311-cp311-win_amd64.whl,duckdb,"{
  ""file"": {
    ""filename"": ""duckdb-1.1.3-cp311-cp311-win_amd64.whl"",
    ""project"": ""duckdb"",
    ""version"": ""1.1.3"",
    ""type"": ""bdist_wheel""
  }
}","{
  ""details"": {
    ""installer"": {
      ""name"": ""Bazel"",
      ""version"": ""9.2.0- (@non-git)"",
      ""subcommand"": null
    },
    ""python"": null,
    ""implementation"": null,
    ""distro"": null,
    ""system"": null,
    ""cpu"": null,
    ""openssl_version"": null,
    ""setuptools_version"": null,
    ""rustc_version"": null,
    ""ci"": null
  }
}",TLSv1.3,TLS_AES_128_GCM_SHA256,"{
  ""http"": null
}"
2026-08-31 18:07:11.000000 UTC,US,/packages/18/aa/804c1cf5077b6f17d752b23637d9ef53eaad77ea73ee43d4c12bff480e36/duckdb-1.1.3-cp311-cp311-win_amd64.whl,duckdb,"{
  ""file"": {
    ""filename"": ""duckdb-1.1.3-cp311-cp311-win_amd64.whl"",
    ""project"": ""duckdb"",
    ""version"": ""1.1.3"",
    ""type"": ""bdist_wheel""
  }
}","{
  ""details"": null
}",TLSv1.3,TLS_AES_128_GCM_SHA256,"{
  ""http"": null
}"
2026-08-31 18:06:11.000000 UTC,US,/packages/18/aa/804c1cf5077b6f17d752b23637d9ef53eaad77ea73ee43d4c12bff480e36/duckdb-1.1.3-cp311-cp311-win_amd64.whl,duckdb,"{
  ""file"": {
    ""filename"": ""duckdb-1.1.3-cp311-cp311-win_amd64.whl"",
    ""project"": ""duckdb"",
    ""version"": ""1.1.3"",
    ""type"": ""bdist_wheel""
  }
}","{
  ""details"": {
    ""installer"": {
      ""name"": ""Bazel"",
      ""version"": ""9.2.0- (@non-git)"",
      ""subcommand"": null
    },
    ""python"": null,
    ""implementation"": null,
    ""distro"": null,
    ""system"": null,
    ""cpu"": null,
    ""openssl_version"": null,
    ""setuptools_version"": null,
    ""rustc_version"": null,
    ""ci"": null
  }
}",TLSv1.3,TLS_AES_128_GCM_SHA256,"{
  ""http"": null
}"
2026-08-31 18:00:18.000000 UTC,US,/packages/9b/ff/7ee500f4cff0d2a581c1afdf2c12f70ee3bf1a61041fea4d88934a35a7a3/duckdb-1.1.3-cp312-cp312-macosx_12_0_arm64.whl,duckdb,"{
  ""file"": {
    ""filename"": ""duckdb-1.1.3-cp312-cp312-macosx_12_0_arm64.whl"",
    ""project"": ""duckdb"",
    ""version"": ""1.1.3"",
    ""type"": ""bdist_wheel""
  }
}","{
  ""details"": {
    ""installer"": {
      ""name"": ""Bazel"",
      ""version"": ""9.2.0- (@non-git)"",
      ""subcommand"": null
    },
    ""python"": null,
    ""implementation"": null,
    ""distro"": null,
    ""system"": null,
    ""cpu"": null,
    ""openssl_version"": null,
    ""setuptools_version"": null,
    ""rustc_version"": null,
    ""ci"": null
  }
}",TLSv1.3,TLS_AES_128_GCM_SHA256,"{
  ""http"": null
}"
2026-08-31 18:08:20.000000 UTC,US,/packages/9b/ff/7ee500f4cff0d2a581c1afdf2c12f70ee3bf1a61041fea4d88934a35a7a3/duckdb-1.1.3-cp312-cp312-macosx_12_0_arm64.whl,duckdb,"{
  ""file"": {
    ""filename"": ""duckdb-1.1.3-cp312-cp312-macosx_12_0_arm64.whl"",
    ""project"": ""duckdb"",
    ""version"": ""1.1.3"",
    ""type"": ""bdist_wheel""
  }
}","{
  ""details"": {
    ""installer"": {
      ""name"": ""Bazel"",
      ""version"": ""9.2.0- (@non-git)"",
      ""subcommand"": null
    },
    ""python"": null,
    ""implementation"": null,
    ""distro"": null,
    ""system"": null,
    ""cpu"": null,
    ""openssl_version"": null,
    ""setuptools_version"": null,
    ""rustc_version"": null,
    ""ci"": null
  }
}",TLSv1.3,TLS_AES_128_GCM_SHA256,"{
  ""http"": null
}"
2026-08-31 18:05:16.000000 UTC,US,/packages/9b/ff/7ee500f4cff0d2a581c1afdf2c12f70ee3bf1a61041fea4d88934a35a7a3/duckdb-1.1.3-cp312-cp312-macosx_12_0_arm64.whl,duckdb,"{
  ""file"": {
    ""filename"": ""duckdb-1.1.3-cp312-cp312-macosx_12_0_arm64.whl"",
    ""project"": ""duckdb"",
    ""version"": ""1.1.3"",
    ""type"": ""bdist_wheel""
  }
}","{
  ""details"": {
    ""installer"": {
      ""name"": ""Bazel"",
      ""version"": ""9.2.0- (@non-git)"",
      ""subcommand"": null
    },
    ""python"": null,
    ""implementation"": null,
    ""distro"": null,
    ""system"": null,
    ""cpu"": null,
    ""openssl_version"": null,
    ""setuptools_version"": null,
    ""rustc_version"": null,
    ""ci"": null
  }
}",TLSv1.3,TLS_AES_128_GCM_SHA256,"{
  ""http"": null
}"
2026-08-31 18:05:33.000000 UTC,US,/packages/9b/ff/7ee500f4cff0d2a581c1afdf2c12f70ee3bf1a61041fea4d88934a35a7a3/duckdb-1.1.3-cp312-cp312-macosx_12_0_arm64.whl,duckdb,"{
  ""file"": {
    ""filename"": ""duckdb-1.1.3-cp312-cp312-macosx_12_0_arm64.whl"",
    ""project"": ""duckdb"",
    ""version"": ""1.1.3"",
    ""type"": ""bdist_wheel""
  }
}","{
  ""details"": {
    ""installer"": {
      ""name"": ""Bazel"",
      ""version"": ""9.2.0- (@non-git)"",
      ""subcommand"": null
    },
    ""python"": null,
    ""implementation"": null,
    ""distro"": null,
    ""system"": null,
    ""cpu"": null,
    ""openssl_version"": null,
    ""setuptools_version"": null,
    ""rustc_version"": null,
    ""ci"": null
  }
}",TLSv1.3,TLS_AES_128_GCM_SHA256,"{
  ""http"": null
}"
2026-08-31 18:08:42.000000 UTC,US,/packages/9b/ff/7ee500f4cff0d2a581c1afdf2c12f70ee3bf1a61041fea4d88934a35a7a3/duckdb-1.1.3-cp312-cp312-macosx_12_0_arm64.whl,duckdb,"{
  ""file"": {
    ""filename"": ""duckdb-1.1.3-cp312-cp312-macosx_12_0_arm64.whl"",
    ""project"": ""duckdb"",
    ""version"": ""1.1.3"",
    ""type"": ""bdist_wheel""
  }
}","{
  ""details"": {
    ""installer"": {
      ""name"": ""Bazel"",
      ""version"": ""9.2.0- (@non-git)"",
      ""subcommand"": null
    },
    ""python"": null,
    ""implementation"": null,
    ""distro"": null,
    ""system"": null,
    ""cpu"": null,
    ""openssl_version"": null,
    ""setuptools_version"": null,
    ""rustc_version"": null,
    ""ci"": null
  }
}",TLSv1.3,TLS_AES_128_GCM_SHA256,"{
  ""http"": null
}"
2026-08-31 18:00:36.000000 UTC,US,/packages/9b/ff/7ee500f4cff0d2a581c1afdf2c12f70ee3bf1a61041fea4d88934a35a7a3/duckdb-1.1.3-cp312-cp312-macosx_12_0_arm64.whl,duckdb,"{
  ""file"": {
    ""filename"": ""duckdb-1.1.3-cp312-cp312-macosx_12_0_arm64.whl"",
    ""project"": ""duckdb"",
    ""version"": ""1.1.3"",
    ""type"": ""bdist_wheel""
  }
}","{
  ""details"": {
    ""installer"": {
      ""name"": ""Bazel"",
      ""version"": ""9.2.0- (@non-git)"",
      ""subcommand"": null
    },
    ""python"": null,
    ""implementation"": null,
    ""distro"": null,
    ""system"": null,
    ""cpu"": null,
    ""openssl_version"": null,
    ""setuptools_version"": null,
    ""rustc_version"": null,
    ""ci"": null
  }
}",TLSv1.3,TLS_AES_128_GCM_SHA256,"{
  ""http"": null
}"
2026-08-31 18:05:12.000000 UTC,US,/packages/9b/ff/7ee500f4cff0d2a581c1afdf2c12f70ee3bf1a61041fea4d88934a35a7a3/duckdb-1.1.3-cp312-cp312-macosx_12_0_arm64.whl,duckdb,"{
  ""file"": {
    ""filename"": ""duckdb-1.1.3-cp312-cp312-macosx_12_0_arm64.whl"",
    ""project"": ""duckdb"",
    ""version"": ""1.1.3"",
    ""type"": ""bdist_wheel""
  }
}","{
  ""details"": {
    ""installer"": {
      ""name"": ""Bazel"",
      ""version"": ""9.2.0- (@non-git)"",
      ""subcommand"": null
    },
    ""python"": null,
    ""implementation"": null,
    ""distro"": null,
    ""system"": null,
    ""cpu"": null,
    ""openssl_version"": null,
    ""setuptools_version"": null,
    ""rustc_version"": null,
    ""ci"": null
  }
}",TLSv1.3,TLS_AES_128_GCM_SHA256,"{
  ""http"": null
}"
2026-08-31 18:04:52.000000 UTC,US,/packages/9b/ff/7ee500f4cff0d2a581c1afdf2c12f70ee3bf1a61041fea4d88934a35a7a3/duckdb-1.1.3-cp312-cp312-macosx_12_0_arm64.whl,duckdb,"{
  ""file"": {
    ""filename"": ""duckdb-1.1.3-cp312-cp312-macosx_12_0_arm64.whl"",
    ""project"": ""duckdb"",
    ""version"": ""1.1.3"",
    ""type"": ""bdist_wheel""
  }
}","{
  ""details"": {
    ""installer"": {
      ""name"": ""Bazel"",
      ""version"": ""9.2.0- (@non-git)"",
      ""subcommand"": null
    },
    ""python"": null,
    ""implementation"": null,
    ""distro"": null,
    ""system"": null,
    ""cpu"": null,
    ""openssl_version"": null,
    ""setuptools_version"": null,
    ""rustc_version"": null,
    ""ci"": null
  }
}",TLSv1.3,TLS_AES_128_GCM_SHA256,"{
  ""http"": null
}"
2026-08-31 18:01:43.000000 UTC,US,/packages/9b/ff/7ee500f4cff0d2a581c1afdf2c12f70ee3bf1a61041fea4d88934a35a7a3/duckdb-1.1.3-cp312-cp312-macosx_12_0_arm64.whl,duckdb,"{
  ""file"": {
    ""filename"": ""duckdb-1.1.3-cp312-cp312-macosx_12_0_arm64.whl"",
    ""project"": ""duckdb"",
    ""version"": ""1.1.3"",
    ""type"": ""bdist_wheel""
  }
}","{
  ""details"": {
    ""installer"": {
      ""name"": ""Bazel"",
      ""version"": ""9.2.0- (@non-git)"",
      ""subcommand"": null
    },
    ""python"": null,
    ""implementation"": null,
    ""distro"": null,
    ""system"": null,
    ""cpu"": null,
    ""openssl_version"": null,
    ""setuptools_version"": null,
    ""rustc_version"": null,
    ""ci"": null
  }
}",TLSv1.3,TLS_AES_128_GCM_SHA256,"{
  ""http"": null
}"
2026-08-31 18:05:20.000000 UTC,US,/packages/9b/ff/7ee500f4cff0d2a581c1afdf2c12f70ee3bf1a61041fea4d88934a35a7a3/duckdb-1.1.3-cp312-cp312-macosx_12_0_arm64.whl,duckdb,"{
  ""file"": {
    ""filename"": ""duckdb-1.1.3-cp312-cp312-macosx_12_0_arm64.whl"",
    ""project"": ""duckdb"",
    ""version"": ""1.1.3"",
    ""type"": ""bdist_wheel""
  }
}","{
  ""details"": {
    ""installer"": {
      ""name"": ""Bazel"",
      ""version"": ""9.2.0- (@non-git)"",
      ""subcommand"": null
    },
    ""python"": null,
    ""implementation"": null,
    ""distro"": null,
    ""system"": null,
    ""cpu"": null,
    ""openssl_version"": null,
    ""setuptools_version"": null,
    ""rustc_version"": null,
    ""ci"": null
  }
}",TLSv1.3,TLS_AES_128_GCM_SHA256,"{
  ""http"": null
}"
2026-08-31 18:05:09.000000 UTC,US,/packages/9b/ff/7ee500f4cff0d2a581c1afdf2c12f70ee3bf1a61041fea4d88934a35a7a3/duckdb-1.1.3-cp312-cp312-macosx_12_0_arm64.whl,duckdb,"{
  ""file"": {
    ""filename"": ""duckdb-1.1.3-cp312-cp312-macosx_12_0_arm64.whl"",
    ""project"": ""duckdb"",
    ""version"": ""1.1.3"",
    ""type"": ""bdist_wheel""
  }
}","{
  ""details"": {
    ""installer"": {
      ""name"": ""Bazel"",
      ""version"": ""9.2.0- (@non-git)"",
      ""subcommand"": null
    },
    ""python"": null,
    ""implementation"": null,
    ""distro"": null,
    ""system"": null,
    ""cpu"": null,
    ""openssl_version"": null,
    ""setuptools_version"": null,
    ""rustc_version"": null,
    ""ci"": null
  }
}",TLSv1.3,TLS_AES_128_GCM_SHA256,"{
  ""http"": null
}"
2026-08-31 18:04:58.000000 UTC,US,/packages/9b/ff/7ee500f4cff0d2a581c1afdf2c12f70ee3bf1a61041fea4d88934a35a7a3/duckdb-1.1.3-cp312-cp312-macosx_12_0_arm64.whl,duckdb,"{
  ""file"": {
    ""filename"": ""duckdb-1.1.3-cp312-cp312-macosx_12_0_arm64.whl"",
    ""project"": ""duckdb"",
    ""version"": ""1.1.3"",
    ""type"": ""bdist_wheel""
  }
}","{
  ""details"": {
    ""installer"": {
      ""name"": ""Bazel"",
      ""version"": ""9.2.0- (@non-git)"",
      ""subcommand"": null
    },
    ""python"": null,
    ""implementation"": null,
    ""distro"": null,
    ""system"": null,
    ""cpu"": null,
    ""openssl_version"": null,
    ""setuptools_version"": null,
    ""rustc_version"": null,
    ""ci"": null
  }
}",TLSv1.3,TLS_AES_128_GCM_SHA256,"{
  ""http"": null
}"
2026-08-31 18:06:37.000000 UTC,US,/packages/9b/ff/7ee500f4cff0d2a581c1afdf2c12f70ee3bf1a61041fea4d88934a35a7a3/duckdb-1.1.3-cp312-cp312-macosx_12_0_arm64.whl,duckdb,"{
  ""file"": {
    ""filename"": ""duckdb-1.1.3-cp312-cp312-macosx_12_0_arm64.whl"",
    ""project"": ""duckdb"",
    ""version"": ""1.1.3"",
    ""type"": ""bdist_wheel""
  }
}","{
  ""details"": {
    ""installer"": {
      ""name"": ""Bazel"",
      ""version"": ""9.2.0- (@non-git)"",
      ""subcommand"": null
    },
    ""python"": null,
    ""implementation"": null,
    ""distro"": null,
    ""system"": null,
    ""cpu"": null,
    ""openssl_version"": null,
    ""setuptools_version"": null,
    ""rustc_version"": null,
    ""ci"": null
  }
}",TLSv1.3,TLS_AES_128_GCM_SHA256,"{
  ""http"": null
}"
2026-08-31 18:08:23.000000 UTC,US,/packages/9b/ff/7ee500f4cff0d2a581c1afdf2c12f70ee3bf1a61041fea4d88934a35a7a3/duckdb-1.1.3-cp312-cp312-macosx_12_0_arm64.whl,duckdb,"{
  ""file"": {
    ""filename"": ""duckdb-1.1.3-cp312-cp312-macosx_12_0_arm64.whl"",
    ""project"": ""duckdb"",
    ""version"": ""1.1.3"",
    ""type"": ""bdist_wheel""
  }
}","{
  ""details"": {
    ""installer"": {
      ""name"": ""Bazel"",
      ""version"": ""9.2.0- (@non-git)"",
      ""subcommand"": null
    },
    ""python"": null,
    ""implementation"": null,
    ""distro"": null,
    ""system"": null,
    ""cpu"": null,
    ""openssl_version"": null,
    ""setuptools_version"": null,
    ""rustc_version"": null,
    ""ci"": null
  }
}",TLSv1.3,TLS_AES_128_GCM_SHA256,"{
  ""http"": null
}"
2026-08-31 18:07:40.000000 UTC,US,/packages/9b/ff/7ee500f4cff0d2a581c1afdf2c12f70ee3bf1a61041fea4d88934a35a7a3/duckdb-1.1.3-cp312-cp312-macosx_12_0_arm64.whl,duckdb,"{
  ""file"": {
    ""filename"": ""duckdb-1.1.3-cp312-cp312-macosx_12_0_arm64.whl"",
    ""project"": ""duckdb"",
    ""version"": ""1.1.3"",
    ""type"": ""bdist_wheel""
  }
}","{
  ""details"": {
    ""installer"": {
      ""name"": ""Bazel"",
      ""version"": ""9.2.0- (@non-git)"",
      ""subcommand"": null
    },
    ""python"": null,
    ""implementation"": null,
    ""distro"": null,
    ""system"": null,
    ""cpu"": null,
    ""openssl_version"": null,
    ""setuptools_version"": null,
    ""rustc_version"": null,
    ""ci"": null
  }
}",TLSv1.3,TLS_AES_128_GCM_SHA256,"{
  ""http"": null
}"
2026-08-31 18:09:47.000000 UTC,US,/packages/9b/ff/7ee500f4cff0d2a581c1afdf2c12f70ee3bf1a61041fea4d88934a35a7a3/duckdb-1.1.3-cp312-cp312-macosx_12_0_arm64.whl,duckdb,"{
  ""file"": {
    ""filename"": ""duckdb-1.1.3-cp312-cp312-macosx_12_0_arm64.whl"",
    ""project"": ""duckdb"",
    ""version"": ""1.1.3"",
    ""type"": ""bdist_wheel""
  }
}","{
  ""details"": {
    ""installer"": {
      ""name"": ""Bazel"",
      ""version"": ""9.2.0- (@non-git)"",
      ""subcommand"": null
    },
    ""python"": null,
    ""implementation"": null,
    ""distro"": null,
    ""system"": null,
    ""cpu"": null,
    ""openssl_version"": null,
    ""setuptools_version"": null,
    ""rustc_version"": null,
    ""ci"": null
  }
}",TLSv1.3,TLS_AES_128_GCM_SHA256,"{
  ""http"": null
}"
2026-08-31 18:06:46.000000 UTC,US,/packages/9b/ff/7ee500f4cff0d2a581c1afdf2c12f70ee3bf1a61041fea4d88934a35a7a3/duckdb-1.1.3-cp312-cp312-macosx_12_0_arm64.whl,duckdb,"{
  ""file"": {
    ""filename"": ""duckdb-1.1.3-cp312-cp312-macosx_12_0_arm64.whl"",
    ""project"": ""duckdb"",
    ""version"": ""1.1.3"",
    ""type"": ""bdist_wheel""
  }
}","{
  ""details"": {
    ""installer"": {
      ""name"": ""Bazel"",
      ""version"": ""9.2.0- (@non-git)"",
      ""subcommand"": null
    },
    ""python"": null,
    ""implementation"": null,
    ""distro"": null,
    ""system"": null,
    ""cpu"": null,
    ""openssl_version"": null,
    ""setuptools_version"": null,
    ""rustc_version"": null,
    ""ci"": null
  }
}",TLSv1.3,TLS_AES_128_GCM_SHA256,"{
  ""http"": null
}"
2026-08-31 18:05:05.000000 UTC,US,/packages/9b/ff/7ee500f4cff0d2a581c1afdf2c12f70ee3bf1a61041fea4d88934a35a7a3/duckdb-1.1.3-cp312-cp312-macosx_12_0_arm64.whl,duckdb,"{
  ""file"": {
    ""filename"": ""duckdb-1.1.3-cp312-cp312-macosx_12_0_arm64.whl"",
    ""project"": ""duckdb"",
    ""version"": ""1.1.3"",
    ""type"": ""bdist_wheel""
  }
}","{
  ""details"": {
    ""installer"": {
      ""name"": ""Bazel"",
      ""version"": ""9.2.0- (@non-git)"",
      ""subcommand"": null
    },
    ""python"": null,
    ""implementation"": null,
    ""distro"": null,
    ""system"": null,
    ""cpu"": null,
    ""openssl_version"": null,
    ""setuptools_version"": null,
    ""rustc_version"": null,
    ""ci"": null
  }
}",TLSv1.3,TLS_AES_128_GCM_SHA256,"{
  ""http"": null
}"
2026-08-31 18:08:46.000000 UTC,US,/packages/9b/ff/7ee500f4cff0d2a581c1afdf2c12f70ee3bf1a61041fea4d88934a35a7a3/duckdb-1.1.3-cp312-cp312-macosx_12_0_arm64.whl,duckdb,"{
  ""file"": {
    ""filename"": ""duckdb-1.1.3-cp312-cp312-macosx_12_0_arm64.whl"",
    ""project"": ""duckdb"",
    ""version"": ""1.1.3"",
    ""type"": ""bdist_wheel""
  }
}","{
  ""details"": {
    ""installer"": {
      ""name"": ""Bazel"",
      ""version"": ""9.2.0- (@non-git)"",
      ""subcommand"": null
    },
    ""python"": null,
    ""implementation"": null,
    ""distro"": null,
    ""system"": null,
    ""cpu"": null,
    ""openssl_version"": null,
    ""setuptools_version"": null,
    ""rustc_version"": null,
    ""ci"": null
  }
}",TLSv1.3,TLS_AES_128_GCM_SHA256,"{
  ""http"": null
}"
2026-08-31 18:04:56.000000 UTC,US,/packages/9b/ff/7ee500f4cff0d2a581c1afdf2c12f70ee3bf1a61041fea4d88934a35a7a3/duckdb-1.1.3-cp312-cp312-macosx_12_0_arm64.whl,duckdb,"{
  ""file"": {
    ""filename"": ""duckdb-1.1.3-cp312-cp312-macosx_12_0_arm64.whl"",
    ""project"": ""duckdb"",
    ""version"": ""1.1.3"",
    ""type"": ""bdist_wheel""
  }
}","{
  ""details"": {
    ""installer"": {
      ""name"": ""Bazel"",
      ""version"": ""9.2.0- (@non-git)"",
      ""subcommand"": null
    },
    ""python"": null,
    ""implementation"": null,
    ""distro"": null,
    ""system"": null,
    ""cpu"": null,
    ""openssl_version"": null,
    ""setuptools_version"": null,
    ""rustc_version"": null,
    ""ci"": null
  }
}",TLSv1.3,TLS_AES_128_GCM_SHA256,"{
  ""http"": null
}"
2026-08-31 18:04:58.000000 UTC,US,/packages/9b/ff/7ee500f4cff0d2a581c1afdf2c12f70ee3bf1a61041fea4d88934a35a7a3/duckdb-1.1.3-cp312-cp312-macosx_12_0_arm64.whl,duckdb,"{
  ""file"": {
    ""filename"": ""duckdb-1.1.3-cp312-cp312-macosx_12_0_arm64.whl"",
    ""project"": ""duckdb"",
    ""version"": ""1.1.3"",
    ""type"": ""bdist_wheel""
  }
}","{
  ""details"": {
    ""installer"": {
      ""name"": ""Bazel"",
      ""version"": ""9.2.0- (@non-git)"",
      ""subcommand"": null
    },
    ""python"": null,
    ""implementation"": null,
    ""distro"": null,
    ""system"": null,
    ""cpu"": null,
    ""openssl_version"": null,
    ""setuptools_version"": null,
    ""rustc_version"": null,
    ""ci"": null
  }
}",TLSv1.3,TLS_AES_128_GCM_SHA256,"{
  ""http"": null
}"
2026-08-31 18:05:06.000000 UTC,US,/packages/9b/ff/7ee500f4cff0d2a581c1afdf2c12f70ee3bf1a61041fea4d88934a35a7a3/duckdb-1.1.3-cp312-cp312-macosx_12_0_arm64.whl,duckdb,"{
  ""file"": {
    ""filename"": ""duckdb-1.1.3-cp312-cp312-macosx_12_0_arm64.whl"",
    ""project"": ""duckdb"",
    ""version"": ""1.1.3"",
    ""type"": ""bdist_wheel""
  }
}","{
  ""details"": {
    ""installer"": {
      ""name"": ""Bazel"",
      ""version"": ""9.2.0- (@non-git)"",
      ""subcommand"": null
    },
    ""python"": null,
    ""implementation"": null,
    ""distro"": null,
    ""system"": null,
    ""cpu"": null,
    ""openssl_version"": null,
    ""setuptools_version"": null,
    ""rustc_version"": null,
    ""ci"": null
  }
}",TLSv1.3,TLS_AES_128_GCM_SHA256,"{
  ""http"": null
}"
2026-08-31 18:06:23.000000 UTC,US,/packages/9b/ff/7ee500f4cff0d2a581c1afdf2c12f70ee3bf1a61041fea4d88934a35a7a3/duckdb-1.1.3-cp312-cp312-macosx_12_0_arm64.whl,duckdb,"{
  ""file"": {
    ""filename"": ""duckdb-1.1.3-cp312-cp312-macosx_12_0_arm64.whl"",
    ""project"": ""duckdb"",
    ""version"": ""1.1.3"",
    ""type"": ""bdist_wheel""
  }
}","{
  ""details"": {
    ""installer"": {
      ""name"": ""Bazel"",
      ""version"": ""9.2.0- (@non-git)"",
      ""subcommand"": null
    },
    ""python"": null,
    ""implementation"": null,
    ""distro"": null,
    ""system"": null,
    ""cpu"": null,
    ""openssl_version"": null,
    ""setuptools_version"": null,
    ""rustc_version"": null,
    ""ci"": null
  }
}",TLSv1.3,TLS_AES_128_GCM_SHA256,"{
  ""http"": null
}"
2026-08-31 18:05:51.000000 UTC,US,/packages/9b/ff/7ee500f4cff0d2a581c1afdf2c12f70ee3bf1a61041fea4d88934a35a7a3/duckdb-1.1.3-cp312-cp312-macosx_12_0_arm64.whl,duckdb,"{
  ""file"": {
    ""filename"": ""duckdb-1.1.3-cp312-cp312-macosx_12_0_arm64.whl"",
    ""project"": ""duckdb"",
    ""version"": ""1.1.3"",
    ""type"": ""bdist_wheel""
  }
}","{
  ""details"": {
    ""installer"": {
      ""name"": ""Bazel"",
      ""version"": ""9.2.0- (@non-git)"",
      ""subcommand"": null
    },
    ""python"": null,
    ""implementation"": null,
    ""distro"": null,
    ""system"": null,
    ""cpu"": null,
    ""openssl_version"": null,
    ""setuptools_version"": null,
    ""rustc_version"": null,
    ""ci"": null
  }
}",TLSv1.3,TLS_AES_128_GCM_SHA256,"{
  ""http"": null
}"
2026-08-31 18:05:05.000000 UTC,US,/packages/9b/ff/7ee500f4cff0d2a581c1afdf2c12f70ee3bf1a61041fea4d88934a35a7a3/duckdb-1.1.3-cp312-cp312-macosx_12_0_arm64.whl,duckdb,"{
  ""file"": {
    ""filename"": ""duckdb-1.1.3-cp312-cp312-macosx_12_0_arm64.whl"",
    ""project"": ""duckdb"",
    ""version"": ""1.1.3"",
    ""type"": ""bdist_wheel""
  }
}","{
  ""details"": {
    ""installer"": {
      ""name"": ""Bazel"",
      ""version"": ""9.2.0- (@non-git)"",
      ""subcommand"": null
    },
    ""python"": null,
    ""implementation"": null,
    ""distro"": null,
    ""system"": null,
    ""cpu"": null,
    ""openssl_version"": null,
    ""setuptools_version"": null,
    ""rustc_version"": null,
    ""ci"": null
  }
}",TLSv1.3,TLS_AES_128_GCM_SHA256,"{
  ""http"": null
}"
2026-08-31 18:06:11.000000 UTC,US,/packages/9b/ff/7ee500f4cff0d2a581c1afdf2c12f70ee3bf1a61041fea4d88934a35a7a3/duckdb-1.1.3-cp312-cp312-macosx_12_0_arm64.whl,duckdb,"{
  ""file"": {
    ""filename"": ""duckdb-1.1.3-cp312-cp312-macosx_12_0_arm64.whl"",
    ""project"": ""duckdb"",
    ""version"": ""1.1.3"",
    ""type"": ""bdist_wheel""
  }
}","{
  ""details"": {
    ""installer"": {
      ""name"": ""Bazel"",
      ""version"": ""9.2.0- (@non-git)"",
      ""subcommand"": null
    },
    ""python"": null,
    ""implementation"": null,
    ""distro"": null,
    ""system"": null,
    ""cpu"": null,
    ""openssl_version"": null,
    ""setuptools_version"": null,
    ""rustc_version"": null,
    ""ci"": null
  }
}",TLSv1.3,TLS_AES_128_GCM_SHA256,"{
  ""http"": null
}"
2026-08-31 18:00:18.000000 UTC,US,/packages/28/16/dda10da6bde54562c3cb0002ca3b7678e3108fa73ac9b7509674a02c5249/duckdb-1.1.3-cp312-cp312-macosx_12_0_universal2.whl,duckdb,"{
  ""file"": {
    ""filename"": ""duckdb-1.1.3-cp312-cp312-macosx_12_0_universal2.whl"",
    ""project"": ""duckdb"",
    ""version"": ""1.1.3"",
    ""type"": ""bdist_wheel""
  }
}","{
  ""details"": {
    ""installer"": {
      ""name"": ""Bazel"",
      ""version"": ""9.2.0- (@non-git)"",
      ""subcommand"": null
    },
    ""python"": null,
    ""implementation"": null,
    ""distro"": null,
    ""system"": null,
    ""cpu"": null,
    ""openssl_version"": null,
    ""setuptools_version"": null,
    ""rustc_version"": null,
    ""ci"": null
  }
}",TLSv1.3,TLS_AES_128_GCM_SHA256,"{
  ""http"": null
}"
2026-08-31 18:04:58.000000 UTC,US,/packages/28/16/dda10da6bde54562c3cb0002ca3b7678e3108fa73ac9b7509674a02c5249/duckdb-1.1.3-cp312-cp312-macosx_12_0_universal2.whl,duckdb,"{
  ""file"": {
    ""filename"": ""duckdb-1.1.3-cp312-cp312-macosx_12_0_universal2.whl"",
    ""project"": ""duckdb"",
    ""version"": ""1.1.3"",
    ""type"": ""bdist_wheel""
  }
}","{
  ""details"": {
    ""installer"": {
      ""name"": ""Bazel"",
      ""version"": ""9.2.0- (@non-git)"",
      ""subcommand"": null
    },
    ""python"": null,
    ""implementation"": null,
    ""distro"": null,
    ""system"": null,
    ""cpu"": null,
    ""openssl_version"": null,
    ""setuptools_version"": null,
    ""rustc_version"": null,
    ""ci"": null
  }
}",TLSv1.3,TLS_AES_128_GCM_SHA256,"{
  ""http"": null
}"
2026-08-31 18:05:10.000000 UTC,US,/packages/28/16/dda10da6bde54562c3cb0002ca3b7678e3108fa73ac9b7509674a02c5249/duckdb-1.1.3-cp312-cp312-macosx_12_0_universal2.whl,duckdb,"{
  ""file"": {
    ""filename"": ""duckdb-1.1.3-cp312-cp312-macosx_12_0_universal2.whl"",
    ""project"": ""duckdb"",
    ""version"": ""1.1.3"",
    ""type"": ""bdist_wheel""
  }
}","{
  ""details"": {
    ""installer"": {
      ""name"": ""Bazel"",
      ""version"": ""9.2.0- (@non-git)"",
      ""subcommand"": null
    },
    ""python"": null,
    ""implementation"": null,
    ""distro"": null,
    ""system"": null,
    ""cpu"": null,
    ""openssl_version"": null,
    ""setuptools_version"": null,
    ""rustc_version"": null,
    ""ci"": null
  }
}",TLSv1.3,TLS_AES_128_GCM_SHA256,"{
  ""http"": null
}"
2026-08-31 18:08:42.000000 UTC,US,/packages/28/16/dda10da6bde54562c3cb0002ca3b7678e3108fa73ac9b7509674a02c5249/duckdb-1.1.3-cp312-cp312-macosx_12_0_universal2.whl,duckdb,"{
  ""file"": {
    ""filename"": ""duckdb-1.1.3-cp312-cp312-macosx_12_0_universal2.whl"",
    ""project"": ""duckdb"",
    ""version"": ""1.1.3"",
    ""type"": ""bdist_wheel""
  }
}","{
  ""details"": {
    ""installer"": {
      ""name"": ""Bazel"",
      ""version"": ""9.2.0- (@non-git)"",
      ""subcommand"": null
    },
    ""python"": null,
    ""implementation"": null,
    ""distro"": null,
    ""system"": null,
    ""cpu"": null,
    ""openssl_version"": null,
    ""setuptools_version"": null,
    ""rustc_version"": null,
    ""ci"": null
  }
}",TLSv1.3,TLS_AES_128_GCM_SHA256,"{
  ""http"": null
}"
2026-08-31 18:00:37.000000 UTC,US,/packages/28/16/dda10da6bde54562c3cb0002ca3b7678e3108fa73ac9b7509674a02c5249/duckdb-1.1.3-cp312-cp312-macosx_12_0_universal2.whl,duckdb,"{
  ""file"": {
    ""filename"": ""duckdb-1.1.3-cp312-cp312-macosx_12_0_universal2.whl"",
    ""project"": ""duckdb"",
    ""version"": ""1.1.3"",
    ""type"": ""bdist_wheel""
  }
}","{
  ""details"": {
    ""installer"": {
      ""name"": ""Bazel"",
      ""version"": ""9.2.0- (@non-git)"",
      ""subcommand"": null
    },
    ""python"": null,
    ""implementation"": null,
    ""distro"": null,
    ""system"": null,
    ""cpu"": null,
    ""openssl_version"": null,
    ""setuptools_version"": null,
    ""rustc_version"": null,
    ""ci"": null
  }
}",TLSv1.3,TLS_AES_128_GCM_SHA256,"{
  ""http"": null
}"
2026-08-31 18:08:21.000000 UTC,US,/packages/28/16/dda10da6bde54562c3cb0002ca3b7678e3108fa73ac9b7509674a02c5249/duckdb-1.1.3-cp312-cp312-macosx_12_0_universal2.whl,duckdb,"{
  ""file"": {
    ""filename"": ""duckdb-1.1.3-cp312-cp312-macosx_12_0_universal2.whl"",
    ""project"": ""duckdb"",
    ""version"": ""1.1.3"",
    ""type"": ""bdist_wheel""
  }
}","{
  ""details"": {
    ""installer"": {
      ""name"": ""Bazel"",
      ""version"": ""9.2.0- (@non-git)"",
      ""subcommand"": null
    },
    ""python"": null,
    ""implementation"": null,
    ""distro"": null,
    ""system"": null,
    ""cpu"": null,
    ""openssl_version"": null,
    ""setuptools_version"": null,
    ""rustc_version"": null,
    ""ci"": null
  }
}",TLSv1.3,TLS_AES_128_GCM_SHA256,"{
  ""http"": null
}"
2026-08-31 18:06:24.000000 UTC,US,/packages/28/16/dda10da6bde54562c3cb0002ca3b7678e3108fa73ac9b7509674a02c5249/duckdb-1.1.3-cp312-cp312-macosx_12_0_universal2.whl,duckdb,"{
  ""file"": {
    ""filename"": ""duckdb-1.1.3-cp312-cp312-macosx_12_0_universal2.whl"",
    ""project"": ""duckdb"",
    ""version"": ""1.1.3"",
    ""type"": ""bdist_wheel""
  }
}","{
  ""details"": {
    ""installer"": {
      ""name"": ""Bazel"",
      ""version"": ""9.2.0- (@non-git)"",
      ""subcommand"": null
    },
    ""python"": null,
    ""implementation"": null,
    ""distro"": null,
    ""system"": null,
    ""cpu"": null,
    ""openssl_version"": null,
    ""setuptools_version"": null,
    ""rustc_version"": null,
    ""ci"": null
  }
}",TLSv1.3,TLS_AES_128_GCM_SHA256,"{
  ""http"": null
}"
2026-08-31 18:05:07.000000 UTC,US,/packages/28/16/dda10da6bde54562c3cb0002ca3b7678e3108fa73ac9b7509674a02c5249/duckdb-1.1.3-cp312-cp312-macosx_12_0_universal2.whl,duckdb,"{
  ""file"": {
    ""filename"": ""duckdb-1.1.3-cp312-cp312-macosx_12_0_universal2.whl"",
    ""project"": ""duckdb"",
    ""version"": ""1.1.3"",
    ""type"": ""bdist_wheel""
  }
}","{
  ""details"": {
    ""installer"": {
      ""name"": ""Bazel"",
      ""version"": ""9.2.0- (@non-git)"",
      ""subcommand"": null
    },
    ""python"": null,
    ""implementation"": null,
    ""distro"": null,
    ""system"": null,
    ""cpu"": null,
    ""openssl_version"": null,
    ""setuptools_version"": null,
    ""rustc_version"": null,
    ""ci"": null
  }
}",TLSv1.3,TLS_AES_128_GCM_SHA256,"{
  ""http"": null
}"
2026-08-31 18:05:34.000000 UTC,US,/packages/28/16/dda10da6bde54562c3cb0002ca3b7678e3108fa73ac9b7509674a02c5249/duckdb-1.1.3-cp312-cp312-macosx_12_0_universal2.whl,duckdb,"{
  ""file"": {
    ""filename"": ""duckdb-1.1.3-cp312-cp312-macosx_12_0_universal2.whl"",
    ""project"": ""duckdb"",
    ""version"": ""1.1.3"",
    ""type"": ""bdist_wheel""
  }
}","{
  ""details"": {
    ""installer"": {
      ""name"": ""Bazel"",
      ""version"": ""9.2.0- (@non-git)"",
      ""subcommand"": null
    },
    ""python"": null,
    ""implementation"": null,
    ""distro"": null,
    ""system"": null,
    ""cpu"": null,
    ""openssl_version"": null,
    ""setuptools_version"": null,
    ""rustc_version"": null,
    ""ci"": null
  }
}",TLSv1.3,TLS_AES_128_GCM_SHA256,"{
  ""http"": null
}"
2026-08-31 18:05:21.000000 UTC,US,/packages/28/16/dda10da6bde54562c3cb0002ca3b7678e3108fa73ac9b7509674a02c5249/duckdb-1.1.3-cp312-cp312-macosx_12_0_universal2.whl,duckdb,"{
  ""file"": {
    ""filename"": ""duckdb-1.1.3-cp312-cp312-macosx_12_0_universal2.whl"",
    ""project"": ""duckdb"",
    ""version"": ""1.1.3"",
    ""type"": ""bdist_wheel""
  }
}","{
  ""details"": {
    ""installer"": {
      ""name"": ""Bazel"",
      ""version"": ""9.2.0- (@non-git)"",
      ""subcommand"": null
    },
    ""python"": null,
    ""implementation"": null,
    ""distro"": null,
    ""system"": null,
    ""cpu"": null,
    ""openssl_version"": null,
    ""setuptools_version"": null,
    ""rustc_version"": null,
    ""ci"": null
  }
}",TLSv1.3,TLS_AES_128_GCM_SHA256,"{
  ""http"": null
}"
2026-08-31 18:09:48.000000 UTC,US,/packages/28/16/dda10da6bde54562c3cb0002ca3b7678e3108fa73ac9b7509674a02c5249/duckdb-1.1.3-cp312-cp312-macosx_12_0_universal2.whl,duckdb,"{
  ""file"": {
    ""filename"": ""duckdb-1.1.3-cp312-cp312-macosx_12_0_universal2.whl"",
    ""project"": ""duckdb"",
    ""version"": ""1.1.3"",
    ""type"": ""bdist_wheel""
  }
}","{
  ""details"": {
    ""installer"": {
      ""name"": ""Bazel"",
      ""version"": ""9.2.0- (@non-git)"",
      ""subcommand"": null
    },
    ""python"": null,
    ""implementation"": null,
    ""distro"": null,
    ""system"": null,
    ""cpu"": null,
    ""openssl_version"": null,
    ""setuptools_version"": null,
    ""rustc_version"": null,
    ""ci"": null
  }
}",TLSv1.3,TLS_AES_128_GCM_SHA256,"{
  ""http"": null
}"
2026-08-31 18:05:06.000000 UTC,US,/packages/28/16/dda10da6bde54562c3cb0002ca3b7678e3108fa73ac9b7509674a02c5249/duckdb-1.1.3-cp312-cp312-macosx_12_0_universal2.whl,duckdb,"{
  ""file"": {
    ""filename"": ""duckdb-1.1.3-cp312-cp312-macosx_12_0_universal2.whl"",
    ""project"": ""duckdb"",
    ""version"": ""1.1.3"",
    ""type"": ""bdist_wheel""
  }
}","{
  ""details"": {
    ""installer"": {
      ""name"": ""Bazel"",
      ""version"": ""9.2.0- (@non-git)"",
      ""subcommand"": null
    },
    ""python"": null,
    ""implementation"": null,
    ""distro"": null,
    ""system"": null,
    ""cpu"": null,
    ""openssl_version"": null,
    ""setuptools_version"": null,
    ""rustc_version"": null,
    ""ci"": null
  }
}",TLSv1.3,TLS_AES_128_GCM_SHA256,"{
  ""http"": null
}"
2026-08-31 18:05:51.000000 UTC,US,/packages/28/16/dda10da6bde54562c3cb0002ca3b7678e3108fa73ac9b7509674a02c5249/duckdb-1.1.3-cp312-cp312-macosx_12_0_universal2.whl,duckdb,"{
  ""file"": {
    ""filename"": ""duckdb-1.1.3-cp312-cp312-macosx_12_0_universal2.whl"",
    ""project"": ""duckdb"",
    ""version"": ""1.1.3"",
    ""type"": ""bdist_wheel""
  }
}","{
  ""details"": {
    ""installer"": {
      ""name"": ""Bazel"",
      ""version"": ""9.2.0- (@non-git)"",
      ""subcommand"": null
    },
    ""python"": null,
    ""implementation"": null,
    ""distro"": null,
    ""system"": null,
    ""cpu"": null,
    ""openssl_version"": null,
    ""setuptools_version"": null,
    ""rustc_version"": null,
    ""ci"": null
  }
}",TLSv1.3,TLS_AES_128_GCM_SHA256,"{
  ""http"": null
}"
2026-08-31 18:08:24.000000 UTC,US,/packages/28/16/dda10da6bde54562c3cb0002ca3b7678e3108fa73ac9b7509674a02c5249/duckdb-1.1.3-cp312-cp312-macosx_12_0_universal2.whl,duckdb,"{
  ""file"": {
    ""filename"": ""duckdb-1.1.3-cp312-cp312-macosx_12_0_universal2.whl"",
    ""project"": ""duckdb"",
    ""version"": ""1.1.3"",
    ""type"": ""bdist_wheel""
  }
}","{
  ""details"": {
    ""installer"": {
      ""name"": ""Bazel"",
      ""version"": ""9.2.0- (@non-git)"",
      ""subcommand"": null
    },
    ""python"": null,
    ""implementation"": null,
    ""distro"": null,
    ""system"": null,
    ""cpu"": null,
    ""openssl_version"": null,
    ""setuptools_version"": null,
    ""rustc_version"": null,
    ""ci"": null
  }
}",TLSv1.3,TLS_AES_128_GCM_SHA256,"{
  ""http"": null
}"
2026-08-31 18:05:17.000000 UTC,US,/packages/28/16/dda10da6bde54562c3cb0002ca3b7678e3108fa73ac9b7509674a02c5249/duckdb-1.1.3-cp312-cp312-macosx_12_0_universal2.whl,duckdb,"{
  ""file"": {
    ""filename"": ""duckdb-1.1.3-cp312-cp312-macosx_12_0_universal2.whl"",
    ""project"": ""duckdb"",
    ""version"": ""1.1.3"",
    ""type"": ""bdist_wheel""
  }
}","{
  ""details"": {
    ""installer"": {
      ""name"": ""Bazel"",
      ""version"": ""9.2.0- (@non-git)"",
      ""subcommand"": null
    },
    ""python"": null,
    ""implementation"": null,
    ""distro"": null,
    ""system"": null,
    ""cpu"": null,
    ""openssl_version"": null,
    ""setuptools_version"": null,
    ""rustc_version"": null,
    ""ci"": null
  }
}",TLSv1.3,TLS_AES_128_GCM_SHA256,"{
  ""http"": null
}"
2026-08-31 18:06:12.000000 UTC,US,/packages/28/16/dda10da6bde54562c3cb0002ca3b7678e3108fa73ac9b7509674a02c5249/duckdb-1.1.3-cp312-cp312-macosx_12_0_universal2.whl,duckdb,"{
  ""file"": {
    ""filename"": ""duckdb-1.1.3-cp312-cp312-macosx_12_0_universal2.whl"",
    ""project"": ""duckdb"",
    ""version"": ""1.1.3"",
    ""type"": ""bdist_wheel""
  }
}","{
  ""details"": {
    ""installer"": {
      ""name"": ""Bazel"",
      ""version"": ""9.2.0- (@non-git)"",
      ""subcommand"": null
    },
    ""python"": null,
    ""implementation"": null,
    ""distro"": null,
    ""system"": null,
    ""cpu"": null,
    ""openssl_version"": null,
    ""setuptools_version"": null,
    ""rustc_version"": null,
    ""ci"": null
  }
}",TLSv1.3,TLS_AES_128_GCM_SHA256,"{
  ""http"": null
}"
2026-08-31 18:06:37.000000 UTC,US,/packages/28/16/dda10da6bde54562c3cb0002ca3b7678e3108fa73ac9b7509674a02c5249/duckdb-1.1.3-cp312-cp312-macosx_12_0_universal2.whl,duckdb,"{
  ""file"": {
    ""filename"": ""duckdb-1.1.3-cp312-cp312-macosx_12_0_universal2.whl"",
    ""project"": ""duckdb"",
    ""version"": ""1.1.3"",
    ""type"": ""bdist_wheel""
  }
}","{
  ""details"": {
    ""installer"": {
      ""name"": ""Bazel"",
      ""version"": ""9.2.0- (@non-git)"",
      ""subcommand"": null
    },
    ""python"": null,
    ""implementation"": null,
    ""distro"": null,
    ""system"": null,
    ""cpu"": null,
    ""openssl_version"": null,
    ""setuptools_version"": null,
    ""rustc_version"": null,
    ""ci"": null
  }
}",TLSv1.3,TLS_AES_128_GCM_SHA256,"{
  ""http"": null
}"
2026-08-31 18:05:06.000000 UTC,US,/packages/28/16/dda10da6bde54562c3cb0002ca3b7678e3108fa73ac9b7509674a02c5249/duckdb-1.1.3-cp312-cp312-macosx_12_0_universal2.whl,duckdb,"{
  ""file"": {
    ""filename"": ""duckdb-1.1.3-cp312-cp312-macosx_12_0_universal2.whl"",
    ""project"": ""duckdb"",
    ""version"": ""1.1.3"",
    ""type"": ""bdist_wheel""
  }
}","{
  ""details"": {
    ""installer"": {
      ""name"": ""Bazel"",
      ""version"": ""9.2.0- (@non-git)"",
      ""subcommand"": null
    },
    ""python"": null,
    ""implementation"": null,
    ""distro"": null,
    ""system"": null,
    ""cpu"": null,
    ""openssl_version"": null,
    ""setuptools_version"": null,
    ""rustc_version"": null,
    ""ci"": null
  }
}",TLSv1.3,TLS_AES_128_GCM_SHA256,"{
  ""http"": null
}"
2026-08-31 18:08:47.000000 UTC,US,/packages/28/16/dda10da6bde54562c3cb0002ca3b7678e3108fa73ac9b7509674a02c5249/duckdb-1.1.3-cp312-cp312-macosx_12_0_universal2.whl,duckdb,"{
  ""file"": {
    ""filename"": ""duckdb-1.1.3-cp312-cp312-macosx_12_0_universal2.whl"",
    ""project"": ""duckdb"",
    ""version"": ""1.1.3"",
    ""type"": ""bdist_wheel""
  }
}","{
  ""details"": {
    ""installer"": {
      ""name"": ""Bazel"",
      ""version"": ""9.2.0- (@non-git)"",
      ""subcommand"": null
    },
    ""python"": null,
    ""implementation"": null,
    ""distro"": null,
    ""system"": null,
    ""cpu"": null,
    ""openssl_version"": null,
    ""setuptools_version"": null,
    ""rustc_version"": null,
    ""ci"": null
  }
}",TLSv1.3,TLS_AES_128_GCM_SHA256,"{
  ""http"": null
}"
2026-08-31 18:05:13.000000 UTC,US,/packages/28/16/dda10da6bde54562c3cb0002ca3b7678e3108fa73ac9b7509674a02c5249/duckdb-1.1.3-cp312-cp312-macosx_12_0_universal2.whl,duckdb,"{
  ""file"": {
    ""filename"": ""duckdb-1.1.3-cp312-cp312-macosx_12_0_universal2.whl"",
    ""project"": ""duckdb"",
    ""version"": ""1.1.3"",
    ""type"": ""bdist_wheel""
  }
}","{
  ""details"": {
    ""installer"": {
      ""name"": ""Bazel"",
      ""version"": ""9.2.0- (@non-git)"",
      ""subcommand"": null
    },
    ""python"": null,
    ""implementation"": null,
    ""distro"": null,
    ""system"": null,
    ""cpu"": null,
    ""openssl_version"": null,
    ""setuptools_version"": null,
    ""rustc_version"": null,
    ""ci"": null
  }
}",TLSv1.3,TLS_AES_128_GCM_SHA256,"{
  ""http"": null
}"
2026-08-31 18:04:57.000000 UTC,US,/packages/28/16/dda10da6bde54562c3cb0002ca3b7678e3108fa73ac9b7509674a02c5249/duckdb-1.1.3-cp312-cp312-macosx_12_0_universal2.whl,duckdb,"{
  ""file"": {
    ""filename"": ""duckdb-1.1.3-cp312-cp312-macosx_12_0_universal2.whl"",
    ""project"": ""duckdb"",
    ""version"": ""1.1.3"",
    ""type"": ""bdist_wheel""
  }
}","{
  ""details"": {
    ""installer"": {
      ""name"": ""Bazel"",
      ""version"": ""9.2.0- (@non-git)"",
      ""subcommand"": null
    },
    ""python"": null,
    ""implementation"": null,
    ""distro"": null,
    ""system"": null,
    ""cpu"": null,
    ""openssl_version"": null,
    ""setuptools_version"": null,
    ""rustc_version"": null,
    ""ci"": null
  }
}",TLSv1.3,TLS_AES_128_GCM_SHA256,"{
  ""http"": null
}"
2026-08-31 18:04:59.000000 UTC,US,/packages/28/16/dda10da6bde54562c3cb0002ca3b7678e3108fa73ac9b7509674a02c5249/duckdb-1.1.3-cp312-cp312-macosx_12_0_universal2.whl,duckdb,"{
  ""file"": {
    ""filename"": ""duckdb-1.1.3-cp312-cp312-macosx_12_0_universal2.whl"",
    ""project"": ""duckdb"",
    ""version"": ""1.1.3"",
    ""type"": ""bdist_wheel""
  }
}","{
  ""details"": {
    ""installer"": {
      ""name"": ""Bazel"",
      ""version"": ""9.2.0- (@non-git)"",
      ""subcommand"": null
    },
    ""python"": null,
    ""implementation"": null,
    ""distro"": null,
    ""system"": null,
    ""cpu"": null,
    ""openssl_version"": null,
    ""setuptools_version"": null,
    ""rustc_version"": null,
    ""ci"": null
  }
}",TLSv1.3,TLS_AES_128_GCM_SHA256,"{
  ""http"": null
}"
2026-08-31 18:07:42.000000 UTC,US,/packages/28/16/dda10da6bde54562c3cb0002ca3b7678e3108fa73ac9b7509674a02c5249/duckdb-1.1.3-cp312-cp312-macosx_12_0_universal2.whl,duckdb,"{
  ""file"": {
    ""filename"": ""duckdb-1.1.3-cp312-cp312-macosx_12_0_universal2.whl"",
    ""project"": ""duckdb"",
    ""version"": ""1.1.3"",
    ""type"": ""bdist_wheel""
  }
}","{
  ""details"": {
    ""installer"": {
      ""name"": ""Bazel"",
      ""version"": ""9.2.0- (@non-git)"",
      ""subcommand"": null
    },
    ""python"": null,
    ""implementation"": null,
    ""distro"": null,
    ""system"": null,
    ""cpu"": null,
    ""openssl_version"": null,
    ""setuptools_version"": null,
    ""rustc_version"": null,
    ""ci"": null
  }
}",TLSv1.3,TLS_AES_128_GCM_SHA256,"{
  ""http"": null
}"
2026-08-31 18:04:52.000000 UTC,US,/packages/28/16/dda10da6bde54562c3cb0002ca3b7678e3108fa73ac9b7509674a02c5249/duckdb-1.1.3-cp312-cp312-macosx_12_0_universal2.whl,duckdb,"{
  ""file"": {
    ""filename"": ""duckdb-1.1.3-cp312-cp312-macosx_12_0_universal2.whl"",
    ""project"": ""duckdb"",
    ""version"": ""1.1.3"",
    ""type"": ""bdist_wheel""
  }
}","{
  ""details"": {
    ""installer"": {
      ""name"": ""Bazel"",
      ""version"": ""9.2.0- (@non-git)"",
      ""subcommand"": null
    },
    ""python"": null,
    ""implementation"": null,
    ""distro"": null,
    ""system"": null,
    ""cpu"": null,
    ""openssl_version"": null,
    ""setuptools_version"": null,
    ""rustc_version"": null,
    ""ci"": null
  }
}",TLSv1.3,TLS_AES_128_GCM_SHA256,"{
  ""http"": null
}"
2026-08-31 18:06:46.000000 UTC,US,/packages/28/16/dda10da6bde54562c3cb0002ca3b7678e3108fa73ac9b7509674a02c5249/duckdb-1.1.3-cp312-cp312-macosx_12_0_universal2.whl,duckdb,"{
  ""file"": {
    ""filename"": ""duckdb-1.1.3-cp312-cp312-macosx_12_0_universal2.whl"",
    ""project"": ""duckdb"",
    ""version"": ""1.1.3"",
    ""type"": ""bdist_wheel""
  }
}","{
  ""details"": {
    ""installer"": {
      ""name"": ""Bazel"",
      ""version"": ""9.2.0- (@non-git)"",
      ""subcommand"": null
    },
    ""python"": null,
    ""implementation"": null,
    ""distro"": null,
    ""system"": null,
    ""cpu"": null,
    ""openssl_version"": null,
    ""setuptools_version"": null,
    ""rustc_version"": null,
    ""ci"": null
  }
}",TLSv1.3,TLS_AES_128_GCM_SHA256,"{
  ""http"": null
}"
2026-08-31 18:01:44.000000 UTC,US,/packages/28/16/dda10da6bde54562c3cb0002ca3b7678e3108fa73ac9b7509674a02c5249/duckdb-1.1.3-cp312-cp312-macosx_12_0_universal2.whl,duckdb,"{
  ""file"": {
    ""filename"": ""duckdb-1.1.3-cp312-cp312-macosx_12_0_universal2.whl"",
    ""project"": ""duckdb"",
    ""version"": ""1.1.3"",
    ""type"": ""bdist_wheel""
  }
}","{
  ""details"": {
    ""installer"": {
      ""name"": ""Bazel"",
      ""version"": ""9.2.0- (@non-git)"",
      ""subcommand"": null
    },
    ""python"": null,
    ""implementation"": null,
    ""distro"": null,
    ""system"": null,
    ""cpu"": null,
    ""openssl_version"": null,
    ""setuptools_version"": null,
    ""rustc_version"": null,
    ""ci"": null
  }
}",TLSv1.3,TLS_AES_128_GCM_SHA256,"{
  ""http"": null
}"
2026-08-31 18:06:38.000000 UTC,US,/packages/2e/c2/06f7f7a51a1843c9384e1637abb6bbebc29367710ffccc7e7e52d72b3dd9/duckdb-1.1.3-cp312-cp312-macosx_12_0_x86_64.whl,duckdb,"{
  ""file"": {
    ""filename"": ""duckdb-1.1.3-cp312-cp312-macosx_12_0_x86_64.whl"",
    ""project"": ""duckdb"",
    ""version"": ""1.1.3"",
    ""type"": ""bdist_wheel""
  }
}","{
  ""details"": {
    ""installer"": {
      ""name"": ""Bazel"",
      ""version"": ""9.2.0- (@non-git)"",
      ""subcommand"": null
    },
    ""python"": null,
    ""implementation"": null,
    ""distro"": null,
    ""system"": null,
    ""cpu"": null,
    ""openssl_version"": null,
    ""setuptools_version"": null,
    ""rustc_version"": null,
    ""ci"": null
  }
}",TLSv1.3,TLS_AES_128_GCM_SHA256,"{
  ""http"": null
}"
2026-08-31 18:01:45.000000 UTC,US,/packages/2e/c2/06f7f7a51a1843c9384e1637abb6bbebc29367710ffccc7e7e52d72b3dd9/duckdb-1.1.3-cp312-cp312-macosx_12_0_x86_64.whl,duckdb,"{
  ""file"": {
    ""filename"": ""duckdb-1.1.3-cp312-cp312-macosx_12_0_x86_64.whl"",
    ""project"": ""duckdb"",
    ""version"": ""1.1.3"",
    ""type"": ""bdist_wheel""
  }
}","{
  ""details"": {
    ""installer"": {
      ""name"": ""Bazel"",
      ""version"": ""9.2.0- (@non-git)"",
      ""subcommand"": null
    },
    ""python"": null,
    ""implementation"": null,
    ""distro"": null,
    ""system"": null,
    ""cpu"": null,
    ""openssl_version"": null,
    ""setuptools_version"": null,
    ""rustc_version"": null,
    ""ci"": null
  }
}",TLSv1.3,TLS_AES_128_GCM_SHA256,"{
  ""http"": null
}"
2026-08-31 18:05:52.000000 UTC,US,/packages/2e/c2/06f7f7a51a1843c9384e1637abb6bbebc29367710ffccc7e7e52d72b3dd9/duckdb-1.1.3-cp312-cp312-macosx_12_0_x86_64.whl,duckdb,"{
  ""file"": {
    ""filename"": ""duckdb-1.1.3-cp312-cp312-macosx_12_0_x86_64.whl"",
    ""project"": ""duckdb"",
    ""version"": ""1.1.3"",
    ""type"": ""bdist_wheel""
  }
}","{
  ""details"": {
    ""installer"": {
      ""name"": ""Bazel"",
      ""version"": ""9.2.0- (@non-git)"",
      ""subcommand"": null
    },
    ""python"": null,
    ""implementation"": null,
    ""distro"": null,
    ""system"": null,
    ""cpu"": null,
    ""openssl_version"": null,
    ""setuptools_version"": null,
    ""rustc_version"": null,
    ""ci"": null
  }
}",TLSv1.3,TLS_AES_128_GCM_SHA256,"{
  ""http"": null
}"
2026-08-31 18:05:35.000000 UTC,US,/packages/2e/c2/06f7f7a51a1843c9384e1637abb6bbebc29367710ffccc7e7e52d72b3dd9/duckdb-1.1.3-cp312-cp312-macosx_12_0_x86_64.whl,duckdb,"{
  ""file"": {
    ""filename"": ""duckdb-1.1.3-cp312-cp312-macosx_12_0_x86_64.whl"",
    ""project"": ""duckdb"",
    ""version"": ""1.1.3"",
    ""type"": ""bdist_wheel""
  }
}","{
  ""details"": {
    ""installer"": {
      ""name"": ""Bazel"",
      ""version"": ""9.2.0- (@non-git)"",
      ""subcommand"": null
    },
    ""python"": null,
    ""implementation"": null,
    ""distro"": null,
    ""system"": null,
    ""cpu"": null,
    ""openssl_version"": null,
    ""setuptools_version"": null,
    ""rustc_version"": null,
    ""ci"": null
  }
}",TLSv1.3,TLS_AES_128_GCM_SHA256,"{
  ""http"": null
}"
2026-08-31 18:04:59.000000 UTC,US,/packages/2e/c2/06f7f7a51a1843c9384e1637abb6bbebc29367710ffccc7e7e52d72b3dd9/duckdb-1.1.3-cp312-cp312-macosx_12_0_x86_64.whl,duckdb,"{
  ""file"": {
    ""filename"": ""duckdb-1.1.3-cp312-cp312-macosx_12_0_x86_64.whl"",
    ""project"": ""duckdb"",
    ""version"": ""1.1.3"",
    ""type"": ""bdist_wheel""
  }
}","{
  ""details"": {
    ""installer"": {
      ""name"": ""Bazel"",
      ""version"": ""9.2.0- (@non-git)"",
      ""subcommand"": null
    },
    ""python"": null,
    ""implementation"": null,
    ""distro"": null,
    ""system"": null,
    ""cpu"": null,
    ""openssl_version"": null,
    ""setuptools_version"": null,
    ""rustc_version"": null,
    ""ci"": null
  }
}",TLSv1.3,TLS_AES_128_GCM_SHA256,"{
  ""http"": null
}"
2026-08-31 18:05:18.000000 UTC,US,/packages/2e/c2/06f7f7a51a1843c9384e1637abb6bbebc29367710ffccc7e7e52d72b3dd9/duckdb-1.1.3-cp312-cp312-macosx_12_0_x86_64.whl,duckdb,"{
  ""file"": {
    ""filename"": ""duckdb-1.1.3-cp312-cp312-macosx_12_0_x86_64.whl"",
    ""project"": ""duckdb"",
    ""version"": ""1.1.3"",
    ""type"": ""bdist_wheel""
  }
}","{
  ""details"": {
    ""installer"": {
      ""name"": ""Bazel"",
      ""version"": ""9.2.0- (@non-git)"",
      ""subcommand"": null
    },
    ""python"": null,
    ""implementation"": null,
    ""distro"": null,
    ""system"": null,
    ""cpu"": null,
    ""openssl_version"": null,
    ""setuptools_version"": null,
    ""rustc_version"": null,
    ""ci"": null
  }
}",TLSv1.3,TLS_AES_128_GCM_SHA256,"{
  ""http"": null
}"
2026-08-31 18:06:47.000000 UTC,US,/packages/2e/c2/06f7f7a51a1843c9384e1637abb6bbebc29367710ffccc7e7e52d72b3dd9/duckdb-1.1.3-cp312-cp312-macosx_12_0_x86_64.whl,duckdb,"{
  ""file"": {
    ""filename"": ""duckdb-1.1.3-cp312-cp312-macosx_12_0_x86_64.whl"",
    ""project"": ""duckdb"",
    ""version"": ""1.1.3"",
    ""type"": ""bdist_wheel""
  }
}","{
  ""details"": {
    ""installer"": {
      ""name"": ""Bazel"",
      ""version"": ""9.2.0- (@non-git)"",
      ""subcommand"": null
    },
    ""python"": null,
    ""implementation"": null,
    ""distro"": null,
    ""system"": null,
    ""cpu"": null,
    ""openssl_version"": null,
    ""setuptools_version"": null,
    ""rustc_version"": null,
    ""ci"": null
  }
}",TLSv1.3,TLS_AES_128_GCM_SHA256,"{
  ""http"": null
}"
2026-08-31 18:07:42.000000 UTC,US,/packages/2e/c2/06f7f7a51a1843c9384e1637abb6bbebc29367710ffccc7e7e52d72b3dd9/duckdb-1.1.3-cp312-cp312-macosx_12_0_x86_64.whl,duckdb,"{
  ""file"": {
    ""filename"": ""duckdb-1.1.3-cp312-cp312-macosx_12_0_x86_64.whl"",
    ""project"": ""duckdb"",
    ""version"": ""1.1.3"",
    ""type"": ""bdist_wheel""
  }
}","{
  ""details"": {
    ""installer"": {
      ""name"": ""Bazel"",
      ""version"": ""9.2.0- (@non-git)"",
      ""subcommand"": null
    },
    ""python"": null,
    ""implementation"": null,
    ""distro"": null,
    ""system"": null,
    ""cpu"": null,
    ""openssl_version"": null,
    ""setuptools_version"": null,
    ""rustc_version"": null,
    ""ci"": null
  }
}",TLSv1.3,TLS_AES_128_GCM_SHA256,"{
  ""http"": null
}"
2026-08-31 18:04:53.000000 UTC,US,/packages/2e/c2/06f7f7a51a1843c9384e1637abb6bbebc29367710ffccc7e7e52d72b3dd9/duckdb-1.1.3-cp312-cp312-macosx_12_0_x86_64.whl,duckdb,"{
  ""file"": {
    ""filename"": ""duckdb-1.1.3-cp312-cp312-macosx_12_0_x86_64.whl"",
    ""project"": ""duckdb"",
    ""version"": ""1.1.3"",
    ""type"": ""bdist_wheel""
  }
}","{
  ""details"": {
    ""installer"": {
      ""name"": ""Bazel"",
      ""version"": ""9.2.0- (@non-git)"",
      ""subcommand"": null
    },
    ""python"": null,
    ""implementation"": null,
    ""distro"": null,
    ""system"": null,
    ""cpu"": null,
    ""openssl_version"": null,
    ""setuptools_version"": null,
    ""rustc_version"": null,
    ""ci"": null
  }
}",TLSv1.3,TLS_AES_128_GCM_SHA256,"{
  ""http"": null
}"
2026-08-31 18:04:59.000000 UTC,US,/packages/2e/c2/06f7f7a51a1843c9384e1637abb6bbebc29367710ffccc7e7e52d72b3dd9/duckdb-1.1.3-cp312-cp312-macosx_12_0_x86_64.whl,duckdb,"{
  ""file"": {
    ""filename"": ""duckdb-1.1.3-cp312-cp312-macosx_12_0_x86_64.whl"",
    ""project"": ""duckdb"",
    ""version"": ""1.1.3"",
    ""type"": ""bdist_wheel""
  }
}","{
  ""details"": {
    ""installer"": {
      ""name"": ""Bazel"",
      ""version"": ""9.2.0- (@non-git)"",
      ""subcommand"": null
    },
    ""python"": null,
    ""implementation"": null,
    ""distro"": null,
    ""system"": null,
    ""cpu"": null,
    ""openssl_version"": null,
    ""setuptools_version"": null,
    ""rustc_version"": null,
    ""ci"": null
  }
}",TLSv1.3,TLS_AES_128_GCM_SHA256,"{
  ""http"": null
}"
2026-08-31 18:08:25.000000 UTC,US,/packages/2e/c2/06f7f7a51a1843c9384e1637abb6bbebc29367710ffccc7e7e52d72b3dd9/duckdb-1.1.3-cp312-cp312-macosx_12_0_x86_64.whl,duckdb,"{
  ""file"": {
    ""filename"": ""duckdb-1.1.3-cp312-cp312-macosx_12_0_x86_64.whl"",
    ""project"": ""duckdb"",
    ""version"": ""1.1.3"",
    ""type"": ""bdist_wheel""
  }
}","{
  ""details"": {
    ""installer"": {
      ""name"": ""Bazel"",
      ""version"": ""9.2.0- (@non-git)"",
      ""subcommand"": null
    },
    ""python"": null,
    ""implementation"": null,
    ""distro"": null,
    ""system"": null,
    ""cpu"": null,
    ""openssl_version"": null,
    ""setuptools_version"": null,
    ""rustc_version"": null,
    ""ci"": null
  }
}",TLSv1.3,TLS_AES_128_GCM_SHA256,"{
  ""http"": null
}"
2026-08-31 18:05:17.000000 UTC,US,/packages/2e/c2/06f7f7a51a1843c9384e1637abb6bbebc29367710ffccc7e7e52d72b3dd9/duckdb-1.1.3-cp312-cp312-macosx_12_0_x86_64.whl,duckdb,"{
  ""file"": {
    ""filename"": ""duckdb-1.1.3-cp312-cp312-macosx_12_0_x86_64.whl"",
    ""project"": ""duckdb"",
    ""version"": ""1.1.3"",
    ""type"": ""bdist_wheel""
  }
}","{
  ""details"": {
    ""installer"": {
      ""name"": ""Bazel"",
      ""version"": ""9.2.0- (@non-git)"",
      ""subcommand"": null
    },
    ""python"": null,
    ""implementation"": null,
    ""distro"": null,
    ""system"": null,
    ""cpu"": null,
    ""openssl_version"": null,
    ""setuptools_version"": null,
    ""rustc_version"": null,
    ""ci"": null
  }
}",TLSv1.3,TLS_AES_128_GCM_SHA256,"{
  ""http"": null
}"
2026-08-31 18:05:07.000000 UTC,US,/packages/2e/c2/06f7f7a51a1843c9384e1637abb6bbebc29367710ffccc7e7e52d72b3dd9/duckdb-1.1.3-cp312-cp312-macosx_12_0_x86_64.whl,duckdb,"{
  ""file"": {
    ""filename"": ""duckdb-1.1.3-cp312-cp312-macosx_12_0_x86_64.whl"",
    ""project"": ""duckdb"",
    ""version"": ""1.1.3"",
    ""type"": ""bdist_wheel""
  }
}","{
  ""details"": {
    ""installer"": {
      ""name"": ""Bazel"",
      ""version"": ""9.2.0- (@non-git)"",
      ""subcommand"": null
    },
    ""python"": null,
    ""implementation"": null,
    ""distro"": null,
    ""system"": null,
    ""cpu"": null,
    ""openssl_version"": null,
    ""setuptools_version"": null,
    ""rustc_version"": null,
    ""ci"": null
  }
}",TLSv1.3,TLS_AES_128_GCM_SHA256,"{
  ""http"": null
}"
2026-08-31 18:05:10.000000 UTC,US,/packages/2e/c2/06f7f7a51a1843c9384e1637abb6bbebc29367710ffccc7e7e52d72b3dd9/duckdb-1.1.3-cp312-cp312-macosx_12_0_x86_64.whl,duckdb,"{
  ""file"": {
    ""filename"": ""duckdb-1.1.3-cp312-cp312-macosx_12_0_x86_64.whl"",
    ""project"": ""duckdb"",
    ""version"": ""1.1.3"",
    ""type"": ""bdist_wheel""
  }
}","{
  ""details"": {
    ""installer"": {
      ""name"": ""Bazel"",
      ""version"": ""9.2.0- (@non-git)"",
      ""subcommand"": null
    },
    ""python"": null,
    ""implementation"": null,
    ""distro"": null,
    ""system"": null,
    ""cpu"": null,
    ""openssl_version"": null,
    ""setuptools_version"": null,
    ""rustc_version"": null,
    ""ci"": null
  }
}",TLSv1.3,TLS_AES_128_GCM_SHA256,"{
  ""http"": null
}"
2026-08-31 18:05:06.000000 UTC,US,/packages/2e/c2/06f7f7a51a1843c9384e1637abb6bbebc29367710ffccc7e7e52d72b3dd9/duckdb-1.1.3-cp312-cp312-macosx_12_0_x86_64.whl,duckdb,"{
  ""file"": {
    ""filename"": ""duckdb-1.1.3-cp312-cp312-macosx_12_0_x86_64.whl"",
    ""project"": ""duckdb"",
    ""version"": ""1.1.3"",
    ""type"": ""bdist_wheel""
  }
}","{
  ""details"": {
    ""installer"": {
      ""name"": ""Bazel"",
      ""version"": ""9.2.0- (@non-git)"",
      ""subcommand"": null
    },
    ""python"": null,
    ""implementation"": null,
    ""distro"": null,
    ""system"": null,
    ""cpu"": null,
    ""openssl_version"": null,
    ""setuptools_version"": null,
    ""rustc_version"": null,
    ""ci"": null
  }
}",TLSv1.3,TLS_AES_128_GCM_SHA256,"{
  ""http"": null
}"
2026-08-31 18:00:38.000000 UTC,US,/packages/2e/c2/06f7f7a51a1843c9384e1637abb6bbebc29367710ffccc7e7e52d72b3dd9/duckdb-1.1.3-cp312-cp312-macosx_12_0_x86_64.whl,duckdb,"{
  ""file"": {
    ""filename"": ""duckdb-1.1.3-cp312-cp312-macosx_12_0_x86_64.whl"",
    ""project"": ""duckdb"",
    ""version"": ""1.1.3"",
    ""type"": ""bdist_wheel""
  }
}","{
  ""details"": {
    ""installer"": {
      ""name"": ""Bazel"",
      ""version"": ""9.2.0- (@non-git)"",
      ""subcommand"": null
    },
    ""python"": null,
    ""implementation"": null,
    ""distro"": null,
    ""system"": null,
    ""cpu"": null,
    ""openssl_version"": null,
    ""setuptools_version"": null,
    ""rustc_version"": null,
    ""ci"": null
  }
}",TLSv1.3,TLS_AES_128_GCM_SHA256,"{
  ""http"": null
}"
2026-08-31 18:05:22.000000 UTC,US,/packages/2e/c2/06f7f7a51a1843c9384e1637abb6bbebc29367710ffccc7e7e52d72b3dd9/duckdb-1.1.3-cp312-cp312-macosx_12_0_x86_64.whl,duckdb,"{
  ""file"": {
    ""filename"": ""duckdb-1.1.3-cp312-cp312-macosx_12_0_x86_64.whl"",
    ""project"": ""duckdb"",
    ""version"": ""1.1.3"",
    ""type"": ""bdist_wheel""
  }
}","{
  ""details"": {
    ""installer"": {
      ""name"": ""Bazel"",
      ""version"": ""9.2.0- (@non-git)"",
      ""subcommand"": null
    },
    ""python"": null,
    ""implementation"": null,
    ""distro"": null,
    ""system"": null,
    ""cpu"": null,
    ""openssl_version"": null,
    ""setuptools_version"": null,
    ""rustc_version"": null,
    ""ci"": null
  }
}",TLSv1.3,TLS_AES_128_GCM_SHA256,"{
  ""http"": null
}"
2026-08-31 18:08:48.000000 UTC,US,/packages/2e/c2/06f7f7a51a1843c9384e1637abb6bbebc29367710ffccc7e7e52d72b3dd9/duckdb-1.1.3-cp312-cp312-macosx_12_0_x86_64.whl,duckdb,"{
  ""file"": {
    ""filename"": ""duckdb-1.1.3-cp312-cp312-macosx_12_0_x86_64.whl"",
    ""project"": ""duckdb"",
    ""version"": ""1.1.3"",
    ""type"": ""bdist_wheel""
  }
}","{
  ""details"": {
    ""installer"": {
      ""name"": ""Bazel"",
      ""version"": ""9.2.0- (@non-git)"",
      ""subcommand"": null
    },
    ""python"": null,
    ""implementation"": null,
    ""distro"": null,
    ""system"": null,
    ""cpu"": null,
    ""openssl_version"": null,
    ""setuptools_version"": null,
    ""rustc_version"": null,
    ""ci"": null
  }
}",TLSv1.3,TLS_AES_128_GCM_SHA256,"{
  ""http"": null
}"
2026-08-31 18:06:24.000000 UTC,US,/packages/2e/c2/06f7f7a51a1843c9384e1637abb6bbebc29367710ffccc7e7e52d72b3dd9/duckdb-1.1.3-cp312-cp312-macosx_12_0_x86_64.whl,duckdb,"{
  ""file"": {
    ""filename"": ""duckdb-1.1.3-cp312-cp312-macosx_12_0_x86_64.whl"",
    ""project"": ""duckdb"",
    ""version"": ""1.1.3"",
    ""type"": ""bdist_wheel""
  }
}","{
  ""details"": {
    ""installer"": {
      ""name"": ""Bazel"",
      ""version"": ""9.2.0- (@non-git)"",
      ""subcommand"": null
    },
    ""python"": null,
    ""implementation"": null,
    ""distro"": null,
    ""system"": null,
    ""cpu"": null,
    ""openssl_version"": null,
    ""setuptools_version"": null,
    ""rustc_version"": null,
    ""ci"": null
  }
}",TLSv1.3,TLS_AES_128_GCM_SHA256,"{
  ""http"": null
}"
2026-08-31 18:06:13.000000 UTC,US,/packages/2e/c2/06f7f7a51a1843c9384e1637abb6bbebc29367710ffccc7e7e52d72b3dd9/duckdb-1.1.3-cp312-cp312-macosx_12_0_x86_64.whl,duckdb,"{
  ""file"": {
    ""filename"": ""duckdb-1.1.3-cp312-cp312-macosx_12_0_x86_64.whl"",
    ""project"": ""duckdb"",
    ""version"": ""1.1.3"",
    ""type"": ""bdist_wheel""
  }
}","{
  ""details"": {
    ""installer"": {
      ""name"": ""Bazel"",
      ""version"": ""9.2.0- (@non-git)"",
      ""subcommand"": null
    },
    ""python"": null,
    ""implementation"": null,
    ""distro"": null,
    ""system"": null,
    ""cpu"": null,
    ""openssl_version"": null,
    ""setuptools_version"": null,
    ""rustc_version"": null,
    ""ci"": null
  }
}",TLSv1.3,TLS_AES_128_GCM_SHA256,"{
  ""http"": null
}"
2026-08-31 18:08:42.000000 UTC,US,/packages/2e/c2/06f7f7a51a1843c9384e1637abb6bbebc29367710ffccc7e7e52d72b3dd9/duckdb-1.1.3-cp312-cp312-macosx_12_0_x86_64.whl,duckdb,"{
  ""file"": {
    ""filename"": ""duckdb-1.1.3-cp312-cp312-macosx_12_0_x86_64.whl"",
    ""project"": ""duckdb"",
    ""version"": ""1.1.3"",
    ""type"": ""bdist_wheel""
  }
}","{
  ""details"": {
    ""installer"": {
      ""name"": ""Bazel"",
      ""version"": ""9.2.0- (@non-git)"",
      ""subcommand"": null
    },
    ""python"": null,
    ""implementation"": null,
    ""distro"": null,
    ""system"": null,
    ""cpu"": null,
    ""openssl_version"": null,
    ""setuptools_version"": null,
    ""rustc_version"": null,
    ""ci"": null
  }
}",TLSv1.3,TLS_AES_128_GCM_SHA256,"{
  ""http"": null
}"
2026-08-31 18:09:48.000000 UTC,US,/packages/2e/c2/06f7f7a51a1843c9384e1637abb6bbebc29367710ffccc7e7e52d72b3dd9/duckdb-1.1.3-cp312-cp312-macosx_12_0_x86_64.whl,duckdb,"{
  ""file"": {
    ""filename"": ""duckdb-1.1.3-cp312-cp312-macosx_12_0_x86_64.whl"",
    ""project"": ""duckdb"",
    ""version"": ""1.1.3"",
    ""type"": ""bdist_wheel""
  }
}","{
  ""details"": {
    ""installer"": {
      ""name"": ""Bazel"",
      ""version"": ""9.2.0- (@non-git)"",
      ""subcommand"": null
    },
    ""python"": null,
    ""implementation"": null,
    ""distro"": null,
    ""system"": null,
    ""cpu"": null,
    ""openssl_version"": null,
    ""setuptools_version"": null,
    ""rustc_version"": null,
    ""ci"": null
  }
}",TLSv1.3,TLS_AES_128_GCM_SHA256,"{
  ""http"": null
}"
2026-08-31 18:04:57.000000 UTC,US,/packages/2e/c2/06f7f7a51a1843c9384e1637abb6bbebc29367710ffccc7e7e52d72b3dd9/duckdb-1.1.3-cp312-cp312-macosx_12_0_x86_64.whl,duckdb,"{
  ""file"": {
    ""filename"": ""duckdb-1.1.3-cp312-cp312-macosx_12_0_x86_64.whl"",
    ""project"": ""duckdb"",
    ""version"": ""1.1.3"",
    ""type"": ""bdist_wheel""
  }
}","{
  ""details"": {
    ""installer"": {
      ""name"": ""Bazel"",
      ""version"": ""9.2.0- (@non-git)"",
      ""subcommand"": null
    },
    ""python"": null,
    ""implementation"": null,
    ""distro"": null,
    ""system"": null,
    ""cpu"": null,
    ""openssl_version"": null,
    ""setuptools_version"": null,
    ""rustc_version"": null,
    ""ci"": null
  }
}",TLSv1.3,TLS_AES_128_GCM_SHA256,"{
  ""http"": null
}"
2026-08-31 18:05:07.000000 UTC,US,/packages/2e/c2/06f7f7a51a1843c9384e1637abb6bbebc29367710ffccc7e7e52d72b3dd9/duckdb-1.1.3-cp312-cp312-macosx_12_0_x86_64.whl,duckdb,"{
  ""file"": {
    ""filename"": ""duckdb-1.1.3-cp312-cp312-macosx_12_0_x86_64.whl"",
    ""project"": ""duckdb"",
    ""version"": ""1.1.3"",
    ""type"": ""bdist_wheel""
  }
}","{
  ""details"": {
    ""installer"": {
      ""name"": ""Bazel"",
      ""version"": ""9.2.0- (@non-git)"",
      ""subcommand"": null
    },
    ""python"": null,
    ""implementation"": null,
    ""distro"": null,
    ""system"": null,
    ""cpu"": null,
    ""openssl_version"": null,
    ""setuptools_version"": null,
    ""rustc_version"": null,
    ""ci"": null
  }
}",TLSv1.3,TLS_AES_128_GCM_SHA256,"{
  ""http"": null
}"
2026-08-31 18:00:18.000000 UTC,US,/packages/2e/c2/06f7f7a51a1843c9384e1637abb6bbebc29367710ffccc7e7e52d72b3dd9/duckdb-1.1.3-cp312-cp312-macosx_12_0_x86_64.whl,duckdb,"{
  ""file"": {
    ""filename"": ""duckdb-1.1.3-cp312-cp312-macosx_12_0_x86_64.whl"",
    ""project"": ""duckdb"",
    ""version"": ""1.1.3"",
    ""type"": ""bdist_wheel""
  }
}","{
  ""details"": {
    ""installer"": {
      ""name"": ""Bazel"",
      ""version"": ""9.2.0- (@non-git)"",
      ""subcommand"": null
    },
    ""python"": null,
    ""implementation"": null,
    ""distro"": null,
    ""system"": null,
    ""cpu"": null,
    ""openssl_version"": null,
    ""setuptools_version"": null,
    ""rustc_version"": null,
    ""ci"": null
  }
}",TLSv1.3,TLS_AES_128_GCM_SHA256,"{
  ""http"": null
}"
2026-08-31 18:06:13.000000 UTC,US,/packages/1a/84/9991221ef7dde79d85231f20646e1b12d645490cd8be055589276f62847e/duckdb-1.1.3-cp312-cp312-manylinux_2_17_aarch64.manylinux2014_aarch64.whl,duckdb,"{
  ""file"": {
    ""filename"": ""duckdb-1.1.3-cp312-cp312-manylinux_2_17_aarch64.manylinux2014_aarch64.whl"",
    ""project"": ""duckdb"",
    ""version"": ""1.1.3"",
    ""type"": ""bdist_wheel""
  }
}","{
  ""details"": {
    ""installer"": {
      ""name"": ""Bazel"",
      ""version"": ""9.2.0- (@non-git)"",
      ""subcommand"": null
    },
    ""python"": null,
    ""implementation"": null,
    ""distro"": null,
    ""system"": null,
    ""cpu"": null,
    ""openssl_version"": null,
    ""setuptools_version"": null,
    ""rustc_version"": null,
    ""ci"": null
  }
}",TLSv1.3,TLS_AES_128_GCM_SHA256,"{
  ""http"": null
}"
2026-08-31 18:08:48.000000 UTC,US,/packages/1a/84/9991221ef7dde79d85231f20646e1b12d645490cd8be055589276f62847e/duckdb-1.1.3-cp312-cp312-manylinux_2_17_aarch64.manylinux2014_aarch64.whl,duckdb,"{
  ""file"": {
    ""filename"": ""duckdb-1.1.3-cp312-cp312-manylinux_2_17_aarch64.manylinux2014_aarch64.whl"",
    ""project"": ""duckdb"",
    ""version"": ""1.1.3"",
    ""type"": ""bdist_wheel""
  }
}","{
  ""details"": {
    ""installer"": {
      ""name"": ""Bazel"",
      ""version"": ""9.2.0- (@non-git)"",
      ""subcommand"": null
    },
    ""python"": null,
    ""implementation"": null,
    ""distro"": null,
    ""system"": null,
    ""cpu"": null,
    ""openssl_version"": null,
    ""setuptools_version"": null,
    ""rustc_version"": null,
    ""ci"": null
  }
}",TLSv1.3,TLS_AES_128_GCM_SHA256,"{
  ""http"": null
}"
2026-08-31 18:04:53.000000 UTC,US,/packages/1a/84/9991221ef7dde79d85231f20646e1b12d645490cd8be055589276f62847e/duckdb-1.1.3-cp312-cp312-manylinux_2_17_aarch64.manylinux2014_aarch64.whl,duckdb,"{
  ""file"": {
    ""filename"": ""duckdb-1.1.3-cp312-cp312-manylinux_2_17_aarch64.manylinux2014_aarch64.whl"",
    ""project"": ""duckdb"",
    ""version"": ""1.1.3"",
    ""type"": ""bdist_wheel""
  }
}","{
  ""details"": {
    ""installer"": {
      ""name"": ""Bazel"",
      ""version"": ""9.2.0- (@non-git)"",
      ""subcommand"": null
    },
    ""python"": null,
    ""implementation"": null,
    ""distro"": null,
    ""system"": null,
    ""cpu"": null,
    ""openssl_version"": null,
    ""setuptools_version"": null,
    ""rustc_version"": null,
    ""ci"": null
  }
}",TLSv1.3,TLS_AES_128_GCM_SHA256,"{
  ""http"": null
}"
2026-08-31 18:05:53.000000 UTC,US,/packages/1a/84/9991221ef7dde79d85231f20646e1b12d645490cd8be055589276f62847e/duckdb-1.1.3-cp312-cp312-manylinux_2_17_aarch64.manylinux2014_aarch64.whl,duckdb,"{
  ""file"": {
    ""filename"": ""duckdb-1.1.3-cp312-cp312-manylinux_2_17_aarch64.manylinux2014_aarch64.whl"",
    ""project"": ""duckdb"",
    ""version"": ""1.1.3"",
    ""type"": ""bdist_wheel""
  }
}","{
  ""details"": {
    ""installer"": {
      ""name"": ""Bazel"",
      ""version"": ""9.2.0- (@non-git)"",
      ""subcommand"": null
    },
    ""python"": null,
    ""implementation"": null,
    ""distro"": null,
    ""system"": null,
    ""cpu"": null,
    ""openssl_version"": null,
    ""setuptools_version"": null,
    ""rustc_version"": null,
    ""ci"": null
  }
}",TLSv1.3,TLS_AES_128_GCM_SHA256,"{
  ""http"": null
}"
2026-08-31 18:05:10.000000 UTC,US,/packages/1a/84/9991221ef7dde79d85231f20646e1b12d645490cd8be055589276f62847e/duckdb-1.1.3-cp312-cp312-manylinux_2_17_aarch64.manylinux2014_aarch64.whl,duckdb,"{
  ""file"": {
    ""filename"": ""duckdb-1.1.3-cp312-cp312-manylinux_2_17_aarch64.manylinux2014_aarch64.whl"",
    ""project"": ""duckdb"",
    ""version"": ""1.1.3"",
    ""type"": ""bdist_wheel""
  }
}","{
  ""details"": {
    ""installer"": {
      ""name"": ""Bazel"",
      ""version"": ""9.2.0- (@non-git)"",
      ""subcommand"": null
    },
    ""python"": null,
    ""implementation"": null,
    ""distro"": null,
    ""system"": null,
    ""cpu"": null,
    ""openssl_version"": null,
    ""setuptools_version"": null,
    ""rustc_version"": null,
    ""ci"": null
  }
}",TLSv1.3,TLS_AES_128_GCM_SHA256,"{
  ""http"": null
}"
2026-08-31 18:00:39.000000 UTC,US,/packages/1a/84/9991221ef7dde79d85231f20646e1b12d645490cd8be055589276f62847e/duckdb-1.1.3-cp312-cp312-manylinux_2_17_aarch64.manylinux2014_aarch64.whl,duckdb,"{
  ""file"": {
    ""filename"": ""duckdb-1.1.3-cp312-cp312-manylinux_2_17_aarch64.manylinux2014_aarch64.whl"",
    ""project"": ""duckdb"",
    ""version"": ""1.1.3"",
    ""type"": ""bdist_wheel""
  }
}","{
  ""details"": {
    ""installer"": {
      ""name"": ""Bazel"",
      ""version"": ""9.2.0- (@non-git)"",
      ""subcommand"": null
    },
    ""python"": null,
    ""implementation"": null,
    ""distro"": null,
    ""system"": null,
    ""cpu"": null,
    ""openssl_version"": null,
    ""setuptools_version"": null,
    ""rustc_version"": null,
    ""ci"": null
  }
}",TLSv1.3,TLS_AES_128_GCM_SHA256,"{
  ""http"": null
}"
2026-08-31 18:05:23.000000 UTC,US,/packages/1a/84/9991221ef7dde79d85231f20646e1b12d645490cd8be055589276f62847e/duckdb-1.1.3-cp312-cp312-manylinux_2_17_aarch64.manylinux2014_aarch64.whl,duckdb,"{
  ""file"": {
    ""filename"": ""duckdb-1.1.3-cp312-cp312-manylinux_2_17_aarch64.manylinux2014_aarch64.whl"",
    ""project"": ""duckdb"",
    ""version"": ""1.1.3"",
    ""type"": ""bdist_wheel""
  }
}","{
  ""details"": {
    ""installer"": {
      ""name"": ""Bazel"",
      ""version"": ""9.2.0- (@non-git)"",
      ""subcommand"": null
    },
    ""python"": null,
    ""implementation"": null,
    ""distro"": null,
    ""system"": null,
    ""cpu"": null,
    ""openssl_version"": null,
    ""setuptools_version"": null,
    ""rustc_version"": null,
    ""ci"": null
  }
}",TLSv1.3,TLS_AES_128_GCM_SHA256,"{
  ""http"": null
}"
2026-08-31 18:04:58.000000 UTC,US,/packages/1a/84/9991221ef7dde79d85231f20646e1b12d645490cd8be055589276f62847e/duckdb-1.1.3-cp312-cp312-manylinux_2_17_aarch64.manylinux2014_aarch64.whl,duckdb,"{
  ""file"": {
    ""filename"": ""duckdb-1.1.3-cp312-cp312-manylinux_2_17_aarch64.manylinux2014_aarch64.whl"",
    ""project"": ""duckdb"",
    ""version"": ""1.1.3"",
    ""type"": ""bdist_wheel""
  }
}","{
  ""details"": {
    ""installer"": {
      ""name"": ""Bazel"",
      ""version"": ""9.2.0- (@non-git)"",
      ""subcommand"": null
    },
    ""python"": null,
    ""implementation"": null,
    ""distro"": null,
    ""system"": null,
    ""cpu"": null,
    ""openssl_version"": null,
    ""setuptools_version"": null,
    ""rustc_version"": null,
    ""ci"": null
  }
}",TLSv1.3,TLS_AES_128_GCM_SHA256,"{
  ""http"": null
}"
2026-08-31 18:06:48.000000 UTC,US,/packages/1a/84/9991221ef7dde79d85231f20646e1b12d645490cd8be055589276f62847e/duckdb-1.1.3-cp312-cp312-manylinux_2_17_aarch64.manylinux2014_aarch64.whl,duckdb,"{
  ""file"": {
    ""filename"": ""duckdb-1.1.3-cp312-cp312-manylinux_2_17_aarch64.manylinux2014_aarch64.whl"",
    ""project"": ""duckdb"",
    ""version"": ""1.1.3"",
    ""type"": ""bdist_wheel""
  }
}","{
  ""details"": {
    ""installer"": {
      ""name"": ""Bazel"",
      ""version"": ""9.2.0- (@non-git)"",
      ""subcommand"": null
    },
    ""python"": null,
    ""implementation"": null,
    ""distro"": null,
    ""system"": null,
    ""cpu"": null,
    ""openssl_version"": null,
    ""setuptools_version"": null,
    ""rustc_version"": null,
    ""ci"": null
  }
}",TLSv1.3,TLS_AES_128_GCM_SHA256,"{
  ""http"": null
}"
2026-08-31 18:04:59.000000 UTC,US,/packages/1a/84/9991221ef7dde79d85231f20646e1b12d645490cd8be055589276f62847e/duckdb-1.1.3-cp312-cp312-manylinux_2_17_aarch64.manylinux2014_aarch64.whl,duckdb,"{
  ""file"": {
    ""filename"": ""duckdb-1.1.3-cp312-cp312-manylinux_2_17_aarch64.manylinux2014_aarch64.whl"",
    ""project"": ""duckdb"",
    ""version"": ""1.1.3"",
    ""type"": ""bdist_wheel""
  }
}","{
  ""details"": {
    ""installer"": {
      ""name"": ""Bazel"",
      ""version"": ""9.2.0- (@non-git)"",
      ""subcommand"": null
    },
    ""python"": null,
    ""implementation"": null,
    ""distro"": null,
    ""system"": null,
    ""cpu"": null,
    ""openssl_version"": null,
    ""setuptools_version"": null,
    ""rustc_version"": null,
    ""ci"": null
  }
}",TLSv1.3,TLS_AES_128_GCM_SHA256,"{
  ""http"": null
}"
2026-08-31 18:05:08.000000 UTC,US,/packages/1a/84/9991221ef7dde79d85231f20646e1b12d645490cd8be055589276f62847e/duckdb-1.1.3-cp312-cp312-manylinux_2_17_aarch64.manylinux2014_aarch64.whl,duckdb,"{
  ""file"": {
    ""filename"": ""duckdb-1.1.3-cp312-cp312-manylinux_2_17_aarch64.manylinux2014_aarch64.whl"",
    ""project"": ""duckdb"",
    ""version"": ""1.1.3"",
    ""type"": ""bdist_wheel""
  }
}","{
  ""details"": {
    ""installer"": {
      ""name"": ""Bazel"",
      ""version"": ""9.2.0- (@non-git)"",
      ""subcommand"": null
    },
    ""python"": null,
    ""implementation"": null,
    ""distro"": null,
    ""system"": null,
    ""cpu"": null,
    ""openssl_version"": null,
    ""setuptools_version"": null,
    ""rustc_version"": null,
    ""ci"": null
  }
}",TLSv1.3,TLS_AES_128_GCM_SHA256,"{
  ""http"": null
}"
2026-08-31 18:09:49.000000 UTC,US,/packages/1a/84/9991221ef7dde79d85231f20646e1b12d645490cd8be055589276f62847e/duckdb-1.1.3-cp312-cp312-manylinux_2_17_aarch64.manylinux2014_aarch64.whl,duckdb,"{
  ""file"": {
    ""filename"": ""duckdb-1.1.3-cp312-cp312-manylinux_2_17_aarch64.manylinux2014_aarch64.whl"",
    ""project"": ""duckdb"",
    ""version"": ""1.1.3"",
    ""type"": ""bdist_wheel""
  }
}","{
  ""details"": {
    ""installer"": {
      ""name"": ""Bazel"",
      ""version"": ""9.2.0- (@non-git)"",
      ""subcommand"": null
    },
    ""python"": null,
    ""implementation"": null,
    ""distro"": null,
    ""system"": null,
    ""cpu"": null,
    ""openssl_version"": null,
    ""setuptools_version"": null,
    ""rustc_version"": null,
    ""ci"": null
  }
}",TLSv1.3,TLS_AES_128_GCM_SHA256,"{
  ""http"": null
}"
2026-08-31 18:08:26.000000 UTC,US,/packages/1a/84/9991221ef7dde79d85231f20646e1b12d645490cd8be055589276f62847e/duckdb-1.1.3-cp312-cp312-manylinux_2_17_aarch64.manylinux2014_aarch64.whl,duckdb,"{
  ""file"": {
    ""filename"": ""duckdb-1.1.3-cp312-cp312-manylinux_2_17_aarch64.manylinux2014_aarch64.whl"",
    ""project"": ""duckdb"",
    ""version"": ""1.1.3"",
    ""type"": ""bdist_wheel""
  }
}","{
  ""details"": {
    ""installer"": {
      ""name"": ""Bazel"",
      ""version"": ""9.2.0- (@non-git)"",
      ""subcommand"": null
    },
    ""python"": null,
    ""implementation"": null,
    ""distro"": null,
    ""system"": null,
    ""cpu"": null,
    ""openssl_version"": null,
    ""setuptools_version"": null,
    ""rustc_version"": null,
    ""ci"": null
  }
}",TLSv1.3,TLS_AES_128_GCM_SHA256,"{
  ""http"": null
}"
2026-08-31 18:07:43.000000 UTC,US,/packages/1a/84/9991221ef7dde79d85231f20646e1b12d645490cd8be055589276f62847e/duckdb-1.1.3-cp312-cp312-manylinux_2_17_aarch64.manylinux2014_aarch64.whl,duckdb,"{
  ""file"": {
    ""filename"": ""duckdb-1.1.3-cp312-cp312-manylinux_2_17_aarch64.manylinux2014_aarch64.whl"",
    ""project"": ""duckdb"",
    ""version"": ""1.1.3"",
    ""type"": ""bdist_wheel""
  }
}","{
  ""details"": {
    ""installer"": {
      ""name"": ""Bazel"",
      ""version"": ""9.2.0- (@non-git)"",
      ""subcommand"": null
    },
    ""python"": null,
    ""implementation"": null,
    ""distro"": null,
    ""system"": null,
    ""cpu"": null,
    ""openssl_version"": null,
    ""setuptools_version"": null,
    ""rustc_version"": null,
    ""ci"": null
  }
}",TLSv1.3,TLS_AES_128_GCM_SHA256,"{
  ""http"": null
}"
2026-08-31 18:05:18.000000 UTC,US,/packages/1a/84/9991221ef7dde79d85231f20646e1b12d645490cd8be055589276f62847e/duckdb-1.1.3-cp312-cp312-manylinux_2_17_aarch64.manylinux2014_aarch64.whl,duckdb,"{
  ""file"": {
    ""filename"": ""duckdb-1.1.3-cp312-cp312-manylinux_2_17_aarch64.manylinux2014_aarch64.whl"",
    ""project"": ""duckdb"",
    ""version"": ""1.1.3"",
    ""type"": ""bdist_wheel""
  }
}","{
  ""details"": {
    ""installer"": {
      ""name"": ""Bazel"",
      ""version"": ""9.2.0- (@non-git)"",
      ""subcommand"": null
    },
    ""python"": null,
    ""implementation"": null,
    ""distro"": null,
    ""system"": null,
    ""cpu"": null,
    ""openssl_version"": null,
    ""setuptools_version"": null,
    ""rustc_version"": null,
    ""ci"": null
  }
}",TLSv1.3,TLS_AES_128_GCM_SHA256,"{
  ""http"": null
}"
2026-08-31 18:05:07.000000 UTC,US,/packages/1a/84/9991221ef7dde79d85231f20646e1b12d645490cd8be055589276f62847e/duckdb-1.1.3-cp312-cp312-manylinux_2_17_aarch64.manylinux2014_aarch64.whl,duckdb,"{
  ""file"": {
    ""filename"": ""duckdb-1.1.3-cp312-cp312-manylinux_2_17_aarch64.manylinux2014_aarch64.whl"",
    ""project"": ""duckdb"",
    ""version"": ""1.1.3"",
    ""type"": ""bdist_wheel""
  }
}","{
  ""details"": {
    ""installer"": {
      ""name"": ""Bazel"",
      ""version"": ""9.2.0- (@non-git)"",
      ""subcommand"": null
    },
    ""python"": null,
    ""implementation"": null,
    ""distro"": null,
    ""system"": null,
    ""cpu"": null,
    ""openssl_version"": null,
    ""setuptools_version"": null,
    ""rustc_version"": null,
    ""ci"": null
  }
}",TLSv1.3,TLS_AES_128_GCM_SHA256,"{
  ""http"": null
}"
2026-08-31 18:05:18.000000 UTC,US,/packages/1a/84/9991221ef7dde79d85231f20646e1b12d645490cd8be055589276f62847e/duckdb-1.1.3-cp312-cp312-manylinux_2_17_aarch64.manylinux2014_aarch64.whl,duckdb,"{
  ""file"": {
    ""filename"": ""duckdb-1.1.3-cp312-cp312-manylinux_2_17_aarch64.manylinux2014_aarch64.whl"",
    ""project"": ""duckdb"",
    ""version"": ""1.1.3"",
    ""type"": ""bdist_wheel""
  }
}","{
  ""details"": {
    ""installer"": {
      ""name"": ""Bazel"",
      ""version"": ""9.2.0- (@non-git)"",
      ""subcommand"": null
    },
    ""python"": null,
    ""implementation"": null,
    ""distro"": null,
    ""system"": null,
    ""cpu"": null,
    ""openssl_version"": null,
    ""setuptools_version"": null,
    ""rustc_version"": null,
    ""ci"": null
  }
}",TLSv1.3,TLS_AES_128_GCM_SHA256,"{
  ""http"": null
}"
2026-08-31 18:04:59.000000 UTC,US,/packages/1a/84/9991221ef7dde79d85231f20646e1b12d645490cd8be055589276f62847e/duckdb-1.1.3-cp312-cp312-manylinux_2_17_aarch64.manylinux2014_aarch64.whl,duckdb,"{
  ""file"": {
    ""filename"": ""duckdb-1.1.3-cp312-cp312-manylinux_2_17_aarch64.manylinux2014_aarch64.whl"",
    ""project"": ""duckdb"",
    ""version"": ""1.1.3"",
    ""type"": ""bdist_wheel""
  }
}","{
  ""details"": {
    ""installer"": {
      ""name"": ""Bazel"",
      ""version"": ""9.2.0- (@non-git)"",
      ""subcommand"": null
    },
    ""python"": null,
    ""implementation"": null,
    ""distro"": null,
    ""system"": null,
    ""cpu"": null,
    ""openssl_version"": null,
    ""setuptools_version"": null,
    ""rustc_version"": null,
    ""ci"": null
  }
}",TLSv1.3,TLS_AES_128_GCM_SHA256,"{
  ""http"": null
}"
2026-08-31 18:08:21.000000 UTC,US,/packages/1a/84/9991221ef7dde79d85231f20646e1b12d645490cd8be055589276f62847e/duckdb-1.1.3-cp312-cp312-manylinux_2_17_aarch64.manylinux2014_aarch64.whl,duckdb,"{
  ""file"": {
    ""filename"": ""duckdb-1.1.3-cp312-cp312-manylinux_2_17_aarch64.manylinux2014_aarch64.whl"",
    ""project"": ""duckdb"",
    ""version"": ""1.1.3"",
    ""type"": ""bdist_wheel""
  }
}","{
  ""details"": {
    ""installer"": {
      ""name"": ""Bazel"",
      ""version"": ""9.2.0- (@non-git)"",
      ""subcommand"": null
    },
    ""python"": null,
    ""implementation"": null,
    ""distro"": null,
    ""system"": null,
    ""cpu"": null,
    ""openssl_version"": null,
    ""setuptools_version"": null,
    ""rustc_version"": null,
    ""ci"": null
  }
}",TLSv1.3,TLS_AES_128_GCM_SHA256,"{
  ""http"": null
}"
2026-08-31 18:00:19.000000 UTC,US,/packages/1a/84/9991221ef7dde79d85231f20646e1b12d645490cd8be055589276f62847e/duckdb-1.1.3-cp312-cp312-manylinux_2_17_aarch64.manylinux2014_aarch64.whl,duckdb,"{
  ""file"": {
    ""filename"": ""duckdb-1.1.3-cp312-cp312-manylinux_2_17_aarch64.manylinux2014_aarch64.whl"",
    ""project"": ""duckdb"",
    ""version"": ""1.1.3"",
    ""type"": ""bdist_wheel""
  }
}","{
  ""details"": {
    ""installer"": {
      ""name"": ""Bazel"",
      ""version"": ""9.2.0- (@non-git)"",
      ""subcommand"": null
    },
    ""python"": null,
    ""implementation"": null,
    ""distro"": null,
    ""system"": null,
    ""cpu"": null,
    ""openssl_version"": null,
    ""setuptools_version"": null,
    ""rustc_version"": null,
    ""ci"": null
  }
}",TLSv1.3,TLS_AES_128_GCM_SHA256,"{
  ""http"": null
}"
2026-08-31 18:06:38.000000 UTC,US,/packages/1a/84/9991221ef7dde79d85231f20646e1b12d645490cd8be055589276f62847e/duckdb-1.1.3-cp312-cp312-manylinux_2_17_aarch64.manylinux2014_aarch64.whl,duckdb,"{
  ""file"": {
    ""filename"": ""duckdb-1.1.3-cp312-cp312-manylinux_2_17_aarch64.manylinux2014_aarch64.whl"",
    ""project"": ""duckdb"",
    ""version"": ""1.1.3"",
    ""type"": ""bdist_wheel""
  }
}","{
  ""details"": {
    ""installer"": {
      ""name"": ""Bazel"",
      ""version"": ""9.2.0- (@non-git)"",
      ""subcommand"": null
    },
    ""python"": null,
    ""implementation"": null,
    ""distro"": null,
    ""system"": null,
    ""cpu"": null,
    ""openssl_version"": null,
    ""setuptools_version"": null,
    ""rustc_version"": null,
    ""ci"": null
  }
}",TLSv1.3,TLS_AES_128_GCM_SHA256,"{
  ""http"": null
}"
2026-08-31 18:05:07.000000 UTC,US,/packages/1a/84/9991221ef7dde79d85231f20646e1b12d645490cd8be055589276f62847e/duckdb-1.1.3-cp312-cp312-manylinux_2_17_aarch64.manylinux2014_aarch64.whl,duckdb,"{
  ""file"": {
    ""filename"": ""duckdb-1.1.3-cp312-cp312-manylinux_2_17_aarch64.manylinux2014_aarch64.whl"",
    ""project"": ""duckdb"",
    ""version"": ""1.1.3"",
    ""type"": ""bdist_wheel""
  }
}","{
  ""details"": {
    ""installer"": {
      ""name"": ""Bazel"",
      ""version"": ""9.2.0- (@non-git)"",
      ""subcommand"": null
    },
    ""python"": null,
    ""implementation"": null,
    ""distro"": null,
    ""system"": null,
    ""cpu"": null,
    ""openssl_version"": null,
    ""setuptools_version"": null,
    ""rustc_version"": null,
    ""ci"": null
  }
}",TLSv1.3,TLS_AES_128_GCM_SHA256,"{
  ""http"": null
}"
2026-08-31 18:06:25.000000 UTC,US,/packages/1a/84/9991221ef7dde79d85231f20646e1b12d645490cd8be055589276f62847e/duckdb-1.1.3-cp312-cp312-manylinux_2_17_aarch64.manylinux2014_aarch64.whl,duckdb,"{
  ""file"": {
    ""filename"": ""duckdb-1.1.3-cp312-cp312-manylinux_2_17_aarch64.manylinux2014_aarch64.whl"",
    ""project"": ""duckdb"",
    ""version"": ""1.1.3"",
    ""type"": ""bdist_wheel""
  }
}","{
  ""details"": {
    ""installer"": {
      ""name"": ""Bazel"",
      ""version"": ""9.2.0- (@non-git)"",
      ""subcommand"": null
    },
    ""python"": null,
    ""implementation"": null,
    ""distro"": null,
    ""system"": null,
    ""cpu"": null,
    ""openssl_version"": null,
    ""setuptools_version"": null,
    ""rustc_version"": null,
    ""ci"": null
  }
}",TLSv1.3,TLS_AES_128_GCM_SHA256,"{
  ""http"": null
}"
2026-08-31 18:01:45.000000 UTC,US,/packages/1a/84/9991221ef7dde79d85231f20646e1b12d645490cd8be055589276f62847e/duckdb-1.1.3-cp312-cp312-manylinux_2_17_aarch64.manylinux2014_aarch64.whl,duckdb,"{
  ""file"": {
    ""filename"": ""duckdb-1.1.3-cp312-cp312-manylinux_2_17_aarch64.manylinux2014_aarch64.whl"",
    ""project"": ""duckdb"",
    ""version"": ""1.1.3"",
    ""type"": ""bdist_wheel""
  }
}","{
  ""details"": {
    ""installer"": {
      ""name"": ""Bazel"",
      ""version"": ""9.2.0- (@non-git)"",
      ""subcommand"": null
    },
    ""python"": null,
    ""implementation"": null,
    ""distro"": null,
    ""system"": null,
    ""cpu"": null,
    ""openssl_version"": null,
    ""setuptools_version"": null,
    ""rustc_version"": null,
    ""ci"": null
  }
}",TLSv1.3,TLS_AES_128_GCM_SHA256,"{
  ""http"": null
}"
2026-08-31 17:57:31.000000 UTC,US,/packages/1a/84/9991221ef7dde79d85231f20646e1b12d645490cd8be055589276f62847e/duckdb-1.1.3-cp312-cp312-manylinux_2_17_aarch64.manylinux2014_aarch64.whl,duckdb,"{
  ""file"": {
    ""filename"": ""duckdb-1.1.3-cp312-cp312-manylinux_2_17_aarch64.manylinux2014_aarch64.whl"",
    ""project"": ""duckdb"",
    ""version"": ""1.1.3"",
    ""type"": ""bdist_wheel""
  }
}","{
  ""details"": {
    ""installer"": {
      ""name"": ""Bazel"",
      ""version"": ""9.2.0- (@non-git)"",
      ""subcommand"": null
    },
    ""python"": null,
    ""implementation"": null,
    ""distro"": null,
    ""system"": null,
    ""cpu"": null,
    ""openssl_version"": null,
    ""setuptools_version"": null,
    ""rustc_version"": null,
    ""ci"": null
  }
}",TLSv1.3,TLS_AES_128_GCM_SHA256,"{
  ""http"": null
}"
2026-08-31 18:05:36.000000 UTC,US,/packages/1a/84/9991221ef7dde79d85231f20646e1b12d645490cd8be055589276f62847e/duckdb-1.1.3-cp312-cp312-manylinux_2_17_aarch64.manylinux2014_aarch64.whl,duckdb,"{
  ""file"": {
    ""filename"": ""duckdb-1.1.3-cp312-cp312-manylinux_2_17_aarch64.manylinux2014_aarch64.whl"",
    ""project"": ""duckdb"",
    ""version"": ""1.1.3"",
    ""type"": ""bdist_wheel""
  }
}","{
  ""details"": {
    ""installer"": {
      ""name"": ""Bazel"",
      ""version"": ""9.2.0- (@non-git)"",
      ""subcommand"": null
    },
    ""python"": null,
    ""implementation"": null,
    ""distro"": null,
    ""system"": null,
    ""cpu"": null,
    ""openssl_version"": null,
    ""setuptools_version"": null,
    ""rustc_version"": null,
    ""ci"": null
  }
}",TLSv1.3,TLS_AES_128_GCM_SHA256,"{
  ""http"": null
}"
2026-08-31 18:09:49.000000 UTC,US,/packages/aa/76/330fe16f12b7ddda0c664ba9869f3afbc8773dbe17ae750121d407dc0f37/duckdb-1.1.3-cp312-cp312-manylinux_2_17_x86_64.manylinux2014_x86_64.whl,duckdb,"{
  ""file"": {
    ""filename"": ""duckdb-1.1.3-cp312-cp312-manylinux_2_17_x86_64.manylinux2014_x86_64.whl"",
    ""project"": ""duckdb"",
    ""version"": ""1.1.3"",
    ""type"": ""bdist_wheel""
  }
}","{
  ""details"": {
    ""installer"": {
      ""name"": ""Bazel"",
      ""version"": ""9.2.0- (@non-git)"",
      ""subcommand"": null
    },
    ""python"": null,
    ""implementation"": null,
    ""distro"": null,
    ""system"": null,
    ""cpu"": null,
    ""openssl_version"": null,
    ""setuptools_version"": null,
    ""rustc_version"": null,
    ""ci"": null
  }
}",TLSv1.3,TLS_AES_128_GCM_SHA256,"{
  ""http"": null
}"
2026-08-31 18:06:39.000000 UTC,US,/packages/aa/76/330fe16f12b7ddda0c664ba9869f3afbc8773dbe17ae750121d407dc0f37/duckdb-1.1.3-cp312-cp312-manylinux_2_17_x86_64.manylinux2014_x86_64.whl,duckdb,"{
  ""file"": {
    ""filename"": ""duckdb-1.1.3-cp312-cp312-manylinux_2_17_x86_64.manylinux2014_x86_64.whl"",
    ""project"": ""duckdb"",
    ""version"": ""1.1.3"",
    ""type"": ""bdist_wheel""
  }
}","{
  ""details"": {
    ""installer"": {
      ""name"": ""Bazel"",
      ""version"": ""9.2.0- (@non-git)"",
      ""subcommand"": null
    },
    ""python"": null,
    ""implementation"": null,
    ""distro"": null,
    ""system"": null,
    ""cpu"": null,
    ""openssl_version"": null,
    ""setuptools_version"": null,
    ""rustc_version"": null,
    ""ci"": null
  }
}",TLSv1.3,TLS_AES_128_GCM_SHA256,"{
  ""http"": null
}"
2026-08-31 18:06:25.000000 UTC,US,/packages/aa/76/330fe16f12b7ddda0c664ba9869f3afbc8773dbe17ae750121d407dc0f37/duckdb-1.1.3-cp312-cp312-manylinux_2_17_x86_64.manylinux2014_x86_64.whl,duckdb,"{
  ""file"": {
    ""filename"": ""duckdb-1.1.3-cp312-cp312-manylinux_2_17_x86_64.manylinux2014_x86_64.whl"",
    ""project"": ""duckdb"",
    ""version"": ""1.1.3"",
    ""type"": ""bdist_wheel""
  }
}","{
  ""details"": {
    ""installer"": {
      ""name"": ""Bazel"",
      ""version"": ""9.2.0- (@non-git)"",
      ""subcommand"": null
    },
    ""python"": null,
    ""implementation"": null,
    ""distro"": null,
    ""system"": null,
    ""cpu"": null,
    ""openssl_version"": null,
    ""setuptools_version"": null,
    ""rustc_version"": null,
    ""ci"": null
  }
}",TLSv1.3,TLS_AES_128_GCM_SHA256,"{
  ""http"": null
}"
2026-08-31 18:04:53.000000 UTC,US,/packages/aa/76/330fe16f12b7ddda0c664ba9869f3afbc8773dbe17ae750121d407dc0f37/duckdb-1.1.3-cp312-cp312-manylinux_2_17_x86_64.manylinux2014_x86_64.whl,duckdb,"{
  ""file"": {
    ""filename"": ""duckdb-1.1.3-cp312-cp312-manylinux_2_17_x86_64.manylinux2014_x86_64.whl"",
    ""project"": ""duckdb"",
    ""version"": ""1.1.3"",
    ""type"": ""bdist_wheel""
  }
}","{
  ""details"": {
    ""installer"": {
      ""name"": ""Bazel"",
      ""version"": ""9.2.0- (@non-git)"",
      ""subcommand"": null
    },
    ""python"": null,
    ""implementation"": null,
    ""distro"": null,
    ""system"": null,
    ""cpu"": null,
    ""openssl_version"": null,
    ""setuptools_version"": null,
    ""rustc_version"": null,
    ""ci"": null
  }
}",TLSv1.3,TLS_AES_128_GCM_SHA256,"{
  ""http"": null
}"
2026-08-31 18:04:46.000000 UTC,US,/packages/aa/76/330fe16f12b7ddda0c664ba9869f3afbc8773dbe17ae750121d407dc0f37/duckdb-1.1.3-cp312-cp312-manylinux_2_17_x86_64.manylinux2014_x86_64.whl,duckdb,"{
  ""file"": {
    ""filename"": ""duckdb-1.1.3-cp312-cp312-manylinux_2_17_x86_64.manylinux2014_x86_64.whl"",
    ""project"": ""duckdb"",
    ""version"": ""1.1.3"",
    ""type"": ""bdist_wheel""
  }
}","{
  ""details"": {
    ""installer"": {
      ""name"": ""uv"",
      ""version"": ""0.11.6"",
      ""subcommand"": ""pip install""
    },
    ""python"": ""3.12.13"",
    ""implementation"": {
      ""name"": ""CPython"",
      ""version"": ""3.12.13""
    },
    ""distro"": null,
    ""system"": {
      ""name"": ""Linux"",
      ""release"": ""6.12.85+""
    },
    ""cpu"": ""x86_64"",
    ""openssl_version"": null,
    ""setuptools_version"": null,
    ""rustc_version"": null,
    ""ci"": null
  }
}",TLSv1.3,TLS_AES_128_GCM_SHA256,"{
  ""http"": null
}"
2026-08-31 18:08:13.000000 UTC,US,/packages/aa/76/330fe16f12b7ddda0c664ba9869f3afbc8773dbe17ae750121d407dc0f37/duckdb-1.1.3-cp312-cp312-manylinux_2_17_x86_64.manylinux2014_x86_64.whl,duckdb,"{
  ""file"": {
    ""filename"": ""duckdb-1.1.3-cp312-cp312-manylinux_2_17_x86_64.manylinux2014_x86_64.whl"",
    ""project"": ""duckdb"",
    ""version"": ""1.1.3"",
    ""type"": ""bdist_wheel""
  }
}","{
  ""details"": {
    ""installer"": {
      ""name"": ""uv"",
      ""version"": ""0.11.6"",
      ""subcommand"": ""pip install""
    },
    ""python"": ""3.12.13"",
    ""implementation"": {
      ""name"": ""CPython"",
      ""version"": ""3.12.13""
    },
    ""distro"": null,
    ""system"": {
      ""name"": ""Linux"",
      ""release"": ""6.12.85+""
    },
    ""cpu"": ""x86_64"",
    ""openssl_version"": null,
    ""setuptools_version"": null,
    ""rustc_version"": null,
    ""ci"": null
  }
}",TLSv1.3,TLS_AES_128_GCM_SHA256,"{
  ""http"": null
}"
2026-08-31 18:08:12.000000 UTC,US,/packages/aa/76/330fe16f12b7ddda0c664ba9869f3afbc8773dbe17ae750121d407dc0f37/duckdb-1.1.3-cp312-cp312-manylinux_2_17_x86_64.manylinux2014_x86_64.whl,duckdb,"{
  ""file"": {
    ""filename"": ""duckdb-1.1.3-cp312-cp312-manylinux_2_17_x86_64.manylinux2014_x86_64.whl"",
    ""project"": ""duckdb"",
    ""version"": ""1.1.3"",
    ""type"": ""bdist_wheel""
  }
}","{
  ""details"": {
    ""installer"": {
      ""name"": ""uv"",
      ""version"": ""0.11.6"",
      ""subcommand"": ""pip install""
    },
    ""python"": ""3.12.13"",
    ""implementation"": {
      ""name"": ""CPython"",
      ""version"": ""3.12.13""
    },
    ""distro"": null,
    ""system"": {
      ""name"": ""Linux"",
      ""release"": ""6.12.85+""
    },
    ""cpu"": ""x86_64"",
    ""openssl_version"": null,
    ""setuptools_version"": null,
    ""rustc_version"": null,
    ""ci"": null
  }
}",TLSv1.3,TLS_AES_128_GCM_SHA256,"{
  ""http"": null
}"
2026-08-31 18:05:00.000000 UTC,US,/packages/aa/76/330fe16f12b7ddda0c664ba9869f3afbc8773dbe17ae750121d407dc0f37/duckdb-1.1.3-cp312-cp312-manylinux_2_17_x86_64.manylinux2014_x86_64.whl,duckdb,"{
  ""file"": {
    ""filename"": ""duckdb-1.1.3-cp312-cp312-manylinux_2_17_x86_64.manylinux2014_x86_64.whl"",
    ""project"": ""duckdb"",
    ""version"": ""1.1.3"",
    ""type"": ""bdist_wheel""
  }
}","{
  ""details"": {
    ""installer"": {
      ""name"": ""Bazel"",
      ""version"": ""9.2.0- (@non-git)"",
      ""subcommand"": null
    },
    ""python"": null,
    ""implementation"": null,
    ""distro"": null,
    ""system"": null,
    ""cpu"": null,
    ""openssl_version"": null,
    ""setuptools_version"": null,
    ""rustc_version"": null,
    ""ci"": null
  }
}",TLSv1.3,TLS_AES_128_GCM_SHA256,"{
  ""http"": null
}"
2026-08-31 18:05:07.000000 UTC,US,/packages/aa/76/330fe16f12b7ddda0c664ba9869f3afbc8773dbe17ae750121d407dc0f37/duckdb-1.1.3-cp312-cp312-manylinux_2_17_x86_64.manylinux2014_x86_64.whl,duckdb,"{
  ""file"": {
    ""filename"": ""duckdb-1.1.3-cp312-cp312-manylinux_2_17_x86_64.manylinux2014_x86_64.whl"",
    ""project"": ""duckdb"",
    ""version"": ""1.1.3"",
    ""type"": ""bdist_wheel""
  }
}","{
  ""details"": {
    ""installer"": {
      ""name"": ""Bazel"",
      ""version"": ""9.2.0- (@non-git)"",
      ""subcommand"": null
    },
    ""python"": null,
    ""implementation"": null,
    ""distro"": null,
    ""system"": null,
    ""cpu"": null,
    ""openssl_version"": null,
    ""setuptools_version"": null,
    ""rustc_version"": null,
    ""ci"": null
  }
}",TLSv1.3,TLS_AES_128_GCM_SHA256,"{
  ""http"": null
}"
2026-08-31 18:07:43.000000 UTC,US,/packages/aa/76/330fe16f12b7ddda0c664ba9869f3afbc8773dbe17ae750121d407dc0f37/duckdb-1.1.3-cp312-cp312-manylinux_2_17_x86_64.manylinux2014_x86_64.whl,duckdb,"{
  ""file"": {
    ""filename"": ""duckdb-1.1.3-cp312-cp312-manylinux_2_17_x86_64.manylinux2014_x86_64.whl"",
    ""project"": ""duckdb"",
    ""version"": ""1.1.3"",
    ""type"": ""bdist_wheel""
  }
}","{
  ""details"": {
    ""installer"": {
      ""name"": ""Bazel"",
      ""version"": ""9.2.0- (@non-git)"",
      ""subcommand"": null
    },
    ""python"": null,
    ""implementation"": null,
    ""distro"": null,
    ""system"": null,
    ""cpu"": null,
    ""openssl_version"": null,
    ""setuptools_version"": null,
    ""rustc_version"": null,
    ""ci"": null
  }
}",TLSv1.3,TLS_AES_128_GCM_SHA256,"{
  ""http"": null
}"
2026-08-31 18:04:58.000000 UTC,US,/packages/aa/76/330fe16f12b7ddda0c664ba9869f3afbc8773dbe17ae750121d407dc0f37/duckdb-1.1.3-cp312-cp312-manylinux_2_17_x86_64.manylinux2014_x86_64.whl,duckdb,"{
  ""file"": {
    ""filename"": ""duckdb-1.1.3-cp312-cp312-manylinux_2_17_x86_64.manylinux2014_x86_64.whl"",
    ""project"": ""duckdb"",
    ""version"": ""1.1.3"",
    ""type"": ""bdist_wheel""
  }
}","{
  ""details"": {
    ""installer"": {
      ""name"": ""Bazel"",
      ""version"": ""9.2.0- (@non-git)"",
      ""subcommand"": null
    },
    ""python"": null,
    ""implementation"": null,
    ""distro"": null,
    ""system"": null,
    ""cpu"": null,
    ""openssl_version"": null,
    ""setuptools_version"": null,
    ""rustc_version"": null,
    ""ci"": null
  }
}",TLSv1.3,TLS_AES_128_GCM_SHA256,"{
  ""http"": null
}"
2026-08-31 18:08:22.000000 UTC,US,/packages/aa/76/330fe16f12b7ddda0c664ba9869f3afbc8773dbe17ae750121d407dc0f37/duckdb-1.1.3-cp312-cp312-manylinux_2_17_x86_64.manylinux2014_x86_64.whl,duckdb,"{
  ""file"": {
    ""filename"": ""duckdb-1.1.3-cp312-cp312-manylinux_2_17_x86_64.manylinux2014_x86_64.whl"",
    ""project"": ""duckdb"",
    ""version"": ""1.1.3"",
    ""type"": ""bdist_wheel""
  }
}","{
  ""details"": {
    ""installer"": {
      ""name"": ""Bazel"",
      ""version"": ""9.2.0- (@non-git)"",
      ""subcommand"": null
    },
    ""python"": null,
    ""implementation"": null,
    ""distro"": null,
    ""system"": null,
    ""cpu"": null,
    ""openssl_version"": null,
    ""setuptools_version"": null,
    ""rustc_version"": null,
    ""ci"": null
  }
}",TLSv1.3,TLS_AES_128_GCM_SHA256,"{
  ""http"": null
}"
2026-08-31 18:05:37.000000 UTC,US,/packages/aa/76/330fe16f12b7ddda0c664ba9869f3afbc8773dbe17ae750121d407dc0f37/duckdb-1.1.3-cp312-cp312-manylinux_2_17_x86_64.manylinux2014_x86_64.whl,duckdb,"{
  ""file"": {
    ""filename"": ""duckdb-1.1.3-cp312-cp312-manylinux_2_17_x86_64.manylinux2014_x86_64.whl"",
    ""project"": ""duckdb"",
    ""version"": ""1.1.3"",
    ""type"": ""bdist_wheel""
  }
}","{
  ""details"": {
    ""installer"": {
      ""name"": ""Bazel"",
      ""version"": ""9.2.0- (@non-git)"",
      ""subcommand"": null
    },
    ""python"": null,
    ""implementation"": null,
    ""distro"": null,
    ""system"": null,
    ""cpu"": null,
    ""openssl_version"": null,
    ""setuptools_version"": null,
    ""rustc_version"": null,
    ""ci"": null
  }
}",TLSv1.3,TLS_AES_128_GCM_SHA256,"{
  ""http"": null
}"
2026-08-31 18:08:07.000000 UTC,US,/packages/aa/76/330fe16f12b7ddda0c664ba9869f3afbc8773dbe17ae750121d407dc0f37/duckdb-1.1.3-cp312-cp312-manylinux_2_17_x86_64.manylinux2014_x86_64.whl,duckdb,"{
  ""file"": {
    ""filename"": ""duckdb-1.1.3-cp312-cp312-manylinux_2_17_x86_64.manylinux2014_x86_64.whl"",
    ""project"": ""duckdb"",
    ""version"": ""1.1.3"",
    ""type"": ""bdist_wheel""
  }
}","{
  ""details"": {
    ""installer"": {
      ""name"": ""uv"",
      ""version"": ""0.11.6"",
      ""subcommand"": ""pip install""
    },
    ""python"": ""3.12.13"",
    ""implementation"": {
      ""name"": ""CPython"",
      ""version"": ""3.12.13""
    },
    ""distro"": null,
    ""system"": {
      ""name"": ""Linux"",
      ""release"": ""6.12.85+""
    },
    ""cpu"": ""x86_64"",
    ""openssl_version"": null,
    ""setuptools_version"": null,
    ""rustc_version"": null,
    ""ci"": null
  }
}",TLSv1.3,TLS_AES_128_GCM_SHA256,"{
  ""http"": null
}"
2026-08-31 18:06:14.000000 UTC,US,/packages/aa/76/330fe16f12b7ddda0c664ba9869f3afbc8773dbe17ae750121d407dc0f37/duckdb-1.1.3-cp312-cp312-manylinux_2_17_x86_64.manylinux2014_x86_64.whl,duckdb,"{
  ""file"": {
    ""filename"": ""duckdb-1.1.3-cp312-cp312-manylinux_2_17_x86_64.manylinux2014_x86_64.whl"",
    ""project"": ""duckdb"",
    ""version"": ""1.1.3"",
    ""type"": ""bdist_wheel""
  }
}","{
  ""details"": {
    ""installer"": {
      ""name"": ""Bazel"",
      ""version"": ""9.2.0- (@non-git)"",
      ""subcommand"": null
    },
    ""python"": null,
    ""implementation"": null,
    ""distro"": null,
    ""system"": null,
    ""cpu"": null,
    ""openssl_version"": null,
    ""setuptools_version"": null,
    ""rustc_version"": null,
    ""ci"": null
  }
}",TLSv1.3,TLS_AES_128_GCM_SHA256,"{
  ""http"": null
}"
2026-08-31 18:08:09.000000 UTC,US,/packages/aa/76/330fe16f12b7ddda0c664ba9869f3afbc8773dbe17ae750121d407dc0f37/duckdb-1.1.3-cp312-cp312-manylinux_2_17_x86_64.manylinux2014_x86_64.whl,duckdb,"{
  ""file"": {
    ""filename"": ""duckdb-1.1.3-cp312-cp312-manylinux_2_17_x86_64.manylinux2014_x86_64.whl"",
    ""project"": ""duckdb"",
    ""version"": ""1.1.3"",
    ""type"": ""bdist_wheel""
  }
}","{
  ""details"": {
    ""installer"": {
      ""name"": ""uv"",
      ""version"": ""0.11.6"",
      ""subcommand"": ""pip install""
    },
    ""python"": ""3.12.13"",
    ""implementation"": {
      ""name"": ""CPython"",
      ""version"": ""3.12.13""
    },
    ""distro"": null,
    ""system"": {
      ""name"": ""Linux"",
      ""release"": ""6.12.85+""
    },
    ""cpu"": ""x86_64"",
    ""openssl_version"": null,
    ""setuptools_version"": null,
    ""rustc_version"": null,
    ""ci"": null
  }
}",TLSv1.3,TLS_AES_128_GCM_SHA256,"{
  ""http"": null
}"
2026-08-31 18:05:09.000000 UTC,US,/packages/aa/76/330fe16f12b7ddda0c664ba9869f3afbc8773dbe17ae750121d407dc0f37/duckdb-1.1.3-cp312-cp312-manylinux_2_17_x86_64.manylinux2014_x86_64.whl,duckdb,"{
  ""file"": {
    ""filename"": ""duckdb-1.1.3-cp312-cp312-manylinux_2_17_x86_64.manylinux2014_x86_64.whl"",
    ""project"": ""duckdb"",
    ""version"": ""1.1.3"",
    ""type"": ""bdist_wheel""
  }
}","{
  ""details"": {
    ""installer"": {
      ""name"": ""Bazel"",
      ""version"": ""9.2.0- (@non-git)"",
      ""subcommand"": null
    },
    ""python"": null,
    ""implementation"": null,
    ""distro"": null,
    ""system"": null,
    ""cpu"": null,
    ""openssl_version"": null,
    ""setuptools_version"": null,
    ""rustc_version"": null,
    ""ci"": null
  }
}",TLSv1.3,TLS_AES_128_GCM_SHA256,"{
  ""http"": null
}"
2026-08-31 18:05:24.000000 UTC,US,/packages/aa/76/330fe16f12b7ddda0c664ba9869f3afbc8773dbe17ae750121d407dc0f37/duckdb-1.1.3-cp312-cp312-manylinux_2_17_x86_64.manylinux2014_x86_64.whl,duckdb,"{
  ""file"": {
    ""filename"": ""duckdb-1.1.3-cp312-cp312-manylinux_2_17_x86_64.manylinux2014_x86_64.whl"",
    ""project"": ""duckdb"",
    ""version"": ""1.1.3"",
    ""type"": ""bdist_wheel""
  }
}","{
  ""details"": {
    ""installer"": {
      ""name"": ""Bazel"",
      ""version"": ""9.2.0- (@non-git)"",
      ""subcommand"": null
    },
    ""python"": null,
    ""implementation"": null,
    ""distro"": null,
    ""system"": null,
    ""cpu"": null,
    ""openssl_version"": null,
    ""setuptools_version"": null,
    ""rustc_version"": null,
    ""ci"": null
  }
}",TLSv1.3,TLS_AES_128_GCM_SHA256,"{
  ""http"": null
}"
2026-08-31 18:05:19.000000 UTC,US,/packages/aa/76/330fe16f12b7ddda0c664ba9869f3afbc8773dbe17ae750121d407dc0f37/duckdb-1.1.3-cp312-cp312-manylinux_2_17_x86_64.manylinux2014_x86_64.whl,duckdb,"{
  ""file"": {
    ""filename"": ""duckdb-1.1.3-cp312-cp312-manylinux_2_17_x86_64.manylinux2014_x86_64.whl"",
    ""project"": ""duckdb"",
    ""version"": ""1.1.3"",
    ""type"": ""bdist_wheel""
  }
}","{
  ""details"": {
    ""installer"": {
      ""name"": ""Bazel"",
      ""version"": ""9.2.0- (@non-git)"",
      ""subcommand"": null
    },
    ""python"": null,
    ""implementation"": null,
    ""distro"": null,
    ""system"": null,
    ""cpu"": null,
    ""openssl_version"": null,
    ""setuptools_version"": null,
    ""rustc_version"": null,
    ""ci"": null
  }
}",TLSv1.3,TLS_AES_128_GCM_SHA256,"{
  ""http"": null
}"
2026-08-31 18:05:19.000000 UTC,US,/packages/aa/76/330fe16f12b7ddda0c664ba9869f3afbc8773dbe17ae750121d407dc0f37/duckdb-1.1.3-cp312-cp312-manylinux_2_17_x86_64.manylinux2014_x86_64.whl,duckdb,"{
  ""file"": {
    ""filename"": ""duckdb-1.1.3-cp312-cp312-manylinux_2_17_x86_64.manylinux2014_x86_64.whl"",
    ""project"": ""duckdb"",
    ""version"": ""1.1.3"",
    ""type"": ""bdist_wheel""
  }
}","{
  ""details"": {
    ""installer"": {
      ""name"": ""Bazel"",
      ""version"": ""9.2.0- (@non-git)"",
      ""subcommand"": null
    },
    ""python"": null,
    ""implementation"": null,
    ""distro"": null,
    ""system"": null,
    ""cpu"": null,
    ""openssl_version"": null,
    ""setuptools_version"": null,
    ""rustc_version"": null,
    ""ci"": null
  }
}",TLSv1.3,TLS_AES_128_GCM_SHA256,"{
  ""http"": null
}"
2026-08-31 18:08:49.000000 UTC,US,/packages/aa/76/330fe16f12b7ddda0c664ba9869f3afbc8773dbe17ae750121d407dc0f37/duckdb-1.1.3-cp312-cp312-manylinux_2_17_x86_64.manylinux2014_x86_64.whl,duckdb,"{
  ""file"": {
    ""filename"": ""duckdb-1.1.3-cp312-cp312-manylinux_2_17_x86_64.manylinux2014_x86_64.whl"",
    ""project"": ""duckdb"",
    ""version"": ""1.1.3"",
    ""type"": ""bdist_wheel""
  }
}","{
  ""details"": {
    ""installer"": {
      ""name"": ""Bazel"",
      ""version"": ""9.2.0- (@non-git)"",
      ""subcommand"": null
    },
    ""python"": null,
    ""implementation"": null,
    ""distro"": null,
    ""system"": null,
    ""cpu"": null,
    ""openssl_version"": null,
    ""setuptools_version"": null,
    ""rustc_version"": null,
    ""ci"": null
  }
}",TLSv1.3,TLS_AES_128_GCM_SHA256,"{
  ""http"": null
}"
2026-08-31 18:06:48.000000 UTC,US,/packages/aa/76/330fe16f12b7ddda0c664ba9869f3afbc8773dbe17ae750121d407dc0f37/duckdb-1.1.3-cp312-cp312-manylinux_2_17_x86_64.manylinux2014_x86_64.whl,duckdb,"{
  ""file"": {
    ""filename"": ""duckdb-1.1.3-cp312-cp312-manylinux_2_17_x86_64.manylinux2014_x86_64.whl"",
    ""project"": ""duckdb"",
    ""version"": ""1.1.3"",
    ""type"": ""bdist_wheel""
  }
}","{
  ""details"": {
    ""installer"": {
      ""name"": ""Bazel"",
      ""version"": ""9.2.0- (@non-git)"",
      ""subcommand"": null
    },
    ""python"": null,
    ""implementation"": null,
    ""distro"": null,
    ""system"": null,
    ""cpu"": null,
    ""openssl_version"": null,
    ""setuptools_version"": null,
    ""rustc_version"": null,
    ""ci"": null
  }
}",TLSv1.3,TLS_AES_128_GCM_SHA256,"{
  ""http"": null
}"
2026-08-31 18:05:36.000000 UTC,US,/packages/aa/76/330fe16f12b7ddda0c664ba9869f3afbc8773dbe17ae750121d407dc0f37/duckdb-1.1.3-cp312-cp312-manylinux_2_17_x86_64.manylinux2014_x86_64.whl,duckdb,"{
  ""file"": {
    ""filename"": ""duckdb-1.1.3-cp312-cp312-manylinux_2_17_x86_64.manylinux2014_x86_64.whl"",
    ""project"": ""duckdb"",
    ""version"": ""1.1.3"",
    ""type"": ""bdist_wheel""
  }
}","{
  ""details"": {
    ""installer"": {
      ""name"": ""uv"",
      ""version"": ""0.11.6"",
      ""subcommand"": ""pip install""
    },
    ""python"": ""3.12.13"",
    ""implementation"": {
      ""name"": ""CPython"",
      ""version"": ""3.12.13""
    },
    ""distro"": null,
    ""system"": {
      ""name"": ""Linux"",
      ""release"": ""6.12.85+""
    },
    ""cpu"": ""x86_64"",
    ""openssl_version"": null,
    ""setuptools_version"": null,
    ""rustc_version"": null,
    ""ci"": null
  }
}",TLSv1.3,TLS_AES_128_GCM_SHA256,"{
  ""http"": null
}"
2026-08-31 18:00:40.000000 UTC,US,/packages/aa/76/330fe16f12b7ddda0c664ba9869f3afbc8773dbe17ae750121d407dc0f37/duckdb-1.1.3-cp312-cp312-manylinux_2_17_x86_64.manylinux2014_x86_64.whl,duckdb,"{
  ""file"": {
    ""filename"": ""duckdb-1.1.3-cp312-cp312-manylinux_2_17_x86_64.manylinux2014_x86_64.whl"",
    ""project"": ""duckdb"",
    ""version"": ""1.1.3"",
    ""type"": ""bdist_wheel""
  }
}","{
  ""details"": {
    ""installer"": {
      ""name"": ""Bazel"",
      ""version"": ""9.2.0- (@non-git)"",
      ""subcommand"": null
    },
    ""python"": null,
    ""implementation"": null,
    ""distro"": null,
    ""system"": null,
    ""cpu"": null,
    ""openssl_version"": null,
    ""setuptools_version"": null,
    ""rustc_version"": null,
    ""ci"": null
  }
}",TLSv1.3,TLS_AES_128_GCM_SHA256,"{
  ""http"": null
}"
2026-08-31 18:05:56.000000 UTC,US,/packages/aa/76/330fe16f12b7ddda0c664ba9869f3afbc8773dbe17ae750121d407dc0f37/duckdb-1.1.3-cp312-cp312-manylinux_2_17_x86_64.manylinux2014_x86_64.whl,duckdb,"{
  ""file"": {
    ""filename"": ""duckdb-1.1.3-cp312-cp312-manylinux_2_17_x86_64.manylinux2014_x86_64.whl"",
    ""project"": ""duckdb"",
    ""version"": ""1.1.3"",
    ""type"": ""bdist_wheel""
  }
}","{
  ""details"": {
    ""installer"": {
      ""name"": ""uv"",
      ""version"": ""0.11.6"",
      ""subcommand"": ""pip install""
    },
    ""python"": ""3.12.13"",
    ""implementation"": {
      ""name"": ""CPython"",
      ""version"": ""3.12.13""
    },
    ""distro"": null,
    ""system"": {
      ""name"": ""Linux"",
      ""release"": ""6.12.85+""
    },
    ""cpu"": ""x86_64"",
    ""openssl_version"": null,
    ""setuptools_version"": null,
    ""rustc_version"": null,
    ""ci"": null
  }
}",TLSv1.3,TLS_AES_128_GCM_SHA256,"{
  ""http"": null
}"
2026-08-31 18:05:11.000000 UTC,US,/packages/aa/76/330fe16f12b7ddda0c664ba9869f3afbc8773dbe17ae750121d407dc0f37/duckdb-1.1.3-cp312-cp312-manylinux_2_17_x86_64.manylinux2014_x86_64.whl,duckdb,"{
  ""file"": {
    ""filename"": ""duckdb-1.1.3-cp312-cp312-manylinux_2_17_x86_64.manylinux2014_x86_64.whl"",
    ""project"": ""duckdb"",
    ""version"": ""1.1.3"",
    ""type"": ""bdist_wheel""
  }
}","{
  ""details"": {
    ""installer"": {
      ""name"": ""Bazel"",
      ""version"": ""9.2.0- (@non-git)"",
      ""subcommand"": null
    },
    ""python"": null,
    ""implementation"": null,
    ""distro"": null,
    ""system"": null,
    ""cpu"": null,
    ""openssl_version"": null,
    ""setuptools_version"": null,
    ""rustc_version"": null,
    ""ci"": null
  }
}",TLSv1.3,TLS_AES_128_GCM_SHA256,"{
  ""http"": null
}"
2026-08-31 18:01:46.000000 UTC,US,/packages/aa/76/330fe16f12b7ddda0c664ba9869f3afbc8773dbe17ae750121d407dc0f37/duckdb-1.1.3-cp312-cp312-manylinux_2_17_x86_64.manylinux2014_x86_64.whl,duckdb,"{
  ""file"": {
    ""filename"": ""duckdb-1.1.3-cp312-cp312-manylinux_2_17_x86_64.manylinux2014_x86_64.whl"",
    ""project"": ""duckdb"",
    ""version"": ""1.1.3"",
    ""type"": ""bdist_wheel""
  }
}","{
  ""details"": {
    ""installer"": {
      ""name"": ""Bazel"",
      ""version"": ""9.2.0- (@non-git)"",
      ""subcommand"": null
    },
    ""python"": null,
    ""implementation"": null,
    ""distro"": null,
    ""system"": null,
    ""cpu"": null,
    ""openssl_version"": null,
    ""setuptools_version"": null,
    ""rustc_version"": null,
    ""ci"": null
  }
}",TLSv1.3,TLS_AES_128_GCM_SHA256,"{
  ""http"": null
}"
2026-08-31 18:05:53.000000 UTC,US,/packages/aa/76/330fe16f12b7ddda0c664ba9869f3afbc8773dbe17ae750121d407dc0f37/duckdb-1.1.3-cp312-cp312-manylinux_2_17_x86_64.manylinux2014_x86_64.whl,duckdb,"{
  ""file"": {
    ""filename"": ""duckdb-1.1.3-cp312-cp312-manylinux_2_17_x86_64.manylinux2014_x86_64.whl"",
    ""project"": ""duckdb"",
    ""version"": ""1.1.3"",
    ""type"": ""bdist_wheel""
  }
}","{
  ""details"": {
    ""installer"": {
      ""name"": ""Bazel"",
      ""version"": ""9.2.0- (@non-git)"",
      ""subcommand"": null
    },
    ""python"": null,
    ""implementation"": null,
    ""distro"": null,
    ""system"": null,
    ""cpu"": null,
    ""openssl_version"": null,
    ""setuptools_version"": null,
    ""rustc_version"": null,
    ""ci"": null
  }
}",TLSv1.3,TLS_AES_128_GCM_SHA256,"{
  ""http"": null
}"
2026-08-31 18:00:19.000000 UTC,US,/packages/aa/76/330fe16f12b7ddda0c664ba9869f3afbc8773dbe17ae750121d407dc0f37/duckdb-1.1.3-cp312-cp312-manylinux_2_17_x86_64.manylinux2014_x86_64.whl,duckdb,"{
  ""file"": {
    ""filename"": ""duckdb-1.1.3-cp312-cp312-manylinux_2_17_x86_64.manylinux2014_x86_64.whl"",
    ""project"": ""duckdb"",
    ""version"": ""1.1.3"",
    ""type"": ""bdist_wheel""
  }
}","{
  ""details"": {
    ""installer"": {
      ""name"": ""Bazel"",
      ""version"": ""9.2.0- (@non-git)"",
      ""subcommand"": null
    },
    ""python"": null,
    ""implementation"": null,
    ""distro"": null,
    ""system"": null,
    ""cpu"": null,
    ""openssl_version"": null,
    ""setuptools_version"": null,
    ""rustc_version"": null,
    ""ci"": null
  }
}",TLSv1.3,TLS_AES_128_GCM_SHA256,"{
  ""http"": null
}"
2026-08-31 18:08:08.000000 UTC,US,/packages/aa/76/330fe16f12b7ddda0c664ba9869f3afbc8773dbe17ae750121d407dc0f37/duckdb-1.1.3-cp312-cp312-manylinux_2_17_x86_64.manylinux2014_x86_64.whl,duckdb,"{
  ""file"": {
    ""filename"": ""duckdb-1.1.3-cp312-cp312-manylinux_2_17_x86_64.manylinux2014_x86_64.whl"",
    ""project"": ""duckdb"",
    ""version"": ""1.1.3"",
    ""type"": ""bdist_wheel""
  }
}","{
  ""details"": {
    ""installer"": {
      ""name"": ""uv"",
      ""version"": ""0.11.6"",
      ""subcommand"": ""pip install""
    },
    ""python"": ""3.12.13"",
    ""implementation"": {
      ""name"": ""CPython"",
      ""version"": ""3.12.13""
    },
    ""distro"": null,
    ""system"": {
      ""name"": ""Linux"",
      ""release"": ""6.12.85+""
    },
    ""cpu"": ""x86_64"",
    ""openssl_version"": null,
    ""setuptools_version"": null,
    ""rustc_version"": null,
    ""ci"": null
  }
}",TLSv1.3,TLS_AES_128_GCM_SHA256,"{
  ""http"": null
}"
2026-08-31 18:05:34.000000 UTC,US,/packages/aa/76/330fe16f12b7ddda0c664ba9869f3afbc8773dbe17ae750121d407dc0f37/duckdb-1.1.3-cp312-cp312-manylinux_2_17_x86_64.manylinux2014_x86_64.whl,duckdb,"{
  ""file"": {
    ""filename"": ""duckdb-1.1.3-cp312-cp312-manylinux_2_17_x86_64.manylinux2014_x86_64.whl"",
    ""project"": ""duckdb"",
    ""version"": ""1.1.3"",
    ""type"": ""bdist_wheel""
  }
}","{
  ""details"": {
    ""installer"": {
      ""name"": ""uv"",
      ""version"": ""0.11.6"",
      ""subcommand"": ""pip install""
    },
    ""python"": ""3.12.13"",
    ""implementation"": {
      ""name"": ""CPython"",
      ""version"": ""3.12.13""
    },
    ""distro"": null,
    ""system"": {
      ""name"": ""Linux"",
      ""release"": ""6.12.85+""
    },
    ""cpu"": ""x86_64"",
    ""openssl_version"": null,
    ""setuptools_version"": null,
    ""rustc_version"": null,
    ""ci"": null
  }
}",TLSv1.3,TLS_AES_128_GCM_SHA256,"{
  ""http"": null
}"
2026-08-31 18:08:27.000000 UTC,US,/packages/aa/76/330fe16f12b7ddda0c664ba9869f3afbc8773dbe17ae750121d407dc0f37/duckdb-1.1.3-cp312-cp312-manylinux_2_17_x86_64.manylinux2014_x86_64.whl,duckdb,"{
  ""file"": {
    ""filename"": ""duckdb-1.1.3-cp312-cp312-manylinux_2_17_x86_64.manylinux2014_x86_64.whl"",
    ""project"": ""duckdb"",
    ""version"": ""1.1.3"",
    ""type"": ""bdist_wheel""
  }
}","{
  ""details"": {
    ""installer"": {
      ""name"": ""Bazel"",
      ""version"": ""9.2.0- (@non-git)"",
      ""subcommand"": null
    },
    ""python"": null,
    ""implementation"": null,
    ""distro"": null,
    ""system"": null,
    ""cpu"": null,
    ""openssl_version"": null,
    ""setuptools_version"": null,
    ""rustc_version"": null,
    ""ci"": null
  }
}",TLSv1.3,TLS_AES_128_GCM_SHA256,"{
  ""http"": null
}"
2026-08-31 18:05:09.000000 UTC,US,/packages/aa/76/330fe16f12b7ddda0c664ba9869f3afbc8773dbe17ae750121d407dc0f37/duckdb-1.1.3-cp312-cp312-manylinux_2_17_x86_64.manylinux2014_x86_64.whl,duckdb,"{
  ""file"": {
    ""filename"": ""duckdb-1.1.3-cp312-cp312-manylinux_2_17_x86_64.manylinux2014_x86_64.whl"",
    ""project"": ""duckdb"",
    ""version"": ""1.1.3"",
    ""type"": ""bdist_wheel""
  }
}","{
  ""details"": {
    ""installer"": {
      ""name"": ""Bazel"",
      ""version"": ""9.2.0- (@non-git)"",
      ""subcommand"": null
    },
    ""python"": null,
    ""implementation"": null,
    ""distro"": null,
    ""system"": null,
    ""cpu"": null,
    ""openssl_version"": null,
    ""setuptools_version"": null,
    ""rustc_version"": null,
    ""ci"": null
  }
}",TLSv1.3,TLS_AES_128_GCM_SHA256,"{
  ""http"": null
}"
2026-08-31 18:08:43.000000 UTC,US,/packages/aa/76/330fe16f12b7ddda0c664ba9869f3afbc8773dbe17ae750121d407dc0f37/duckdb-1.1.3-cp312-cp312-manylinux_2_17_x86_64.manylinux2014_x86_64.whl,duckdb,"{
  ""file"": {
    ""filename"": ""duckdb-1.1.3-cp312-cp312-manylinux_2_17_x86_64.manylinux2014_x86_64.whl"",
    ""project"": ""duckdb"",
    ""version"": ""1.1.3"",
    ""type"": ""bdist_wheel""
  }
}","{
  ""details"": {
    ""installer"": {
      ""name"": ""Bazel"",
      ""version"": ""9.2.0- (@non-git)"",
      ""subcommand"": null
    },
    ""python"": null,
    ""implementation"": null,
    ""distro"": null,
    ""system"": null,
    ""cpu"": null,
    ""openssl_version"": null,
    ""setuptools_version"": null,
    ""rustc_version"": null,
    ""ci"": null
  }
}",TLSv1.3,TLS_AES_128_GCM_SHA256,"{
  ""http"": null
}"
2026-08-31 18:04:59.000000 UTC,US,/packages/aa/76/330fe16f12b7ddda0c664ba9869f3afbc8773dbe17ae750121d407dc0f37/duckdb-1.1.3-cp312-cp312-manylinux_2_17_x86_64.manylinux2014_x86_64.whl,duckdb,"{
  ""file"": {
    ""filename"": ""duckdb-1.1.3-cp312-cp312-manylinux_2_17_x86_64.manylinux2014_x86_64.whl"",
    ""project"": ""duckdb"",
    ""version"": ""1.1.3"",
    ""type"": ""bdist_wheel""
  }
}","{
  ""details"": {
    ""installer"": {
      ""name"": ""Bazel"",
      ""version"": ""9.2.0- (@non-git)"",
      ""subcommand"": null
    },
    ""python"": null,
    ""implementation"": null,
    ""distro"": null,
    ""system"": null,
    ""cpu"": null,
    ""openssl_version"": null,
    ""setuptools_version"": null,
    ""rustc_version"": null,
    ""ci"": null
  }
}",TLSv1.3,TLS_AES_128_GCM_SHA256,"{
  ""http"": null
}"
2026-08-31 18:08:07.000000 UTC,US,/packages/aa/76/330fe16f12b7ddda0c664ba9869f3afbc8773dbe17ae750121d407dc0f37/duckdb-1.1.3-cp312-cp312-manylinux_2_17_x86_64.manylinux2014_x86_64.whl,duckdb,"{
  ""file"": {
    ""filename"": ""duckdb-1.1.3-cp312-cp312-manylinux_2_17_x86_64.manylinux2014_x86_64.whl"",
    ""project"": ""duckdb"",
    ""version"": ""1.1.3"",
    ""type"": ""bdist_wheel""
  }
}","{
  ""details"": {
    ""installer"": {
      ""name"": ""uv"",
      ""version"": ""0.11.6"",
      ""subcommand"": ""pip install""
    },
    ""python"": ""3.12.13"",
    ""implementation"": {
      ""name"": ""CPython"",
      ""version"": ""3.12.13""
    },
    ""distro"": null,
    ""system"": {
      ""name"": ""Linux"",
      ""release"": ""6.12.85+""
    },
    ""cpu"": ""x86_64"",
    ""openssl_version"": null,
    ""setuptools_version"": null,
    ""rustc_version"": null,
    ""ci"": null
  }
}",TLSv1.3,TLS_AES_128_GCM_SHA256,"{
  ""http"": null
}"
2026-08-31 18:00:17.000000 UTC,US,/packages/aa/76/330fe16f12b7ddda0c664ba9869f3afbc8773dbe17ae750121d407dc0f37/duckdb-1.1.3-cp312-cp312-manylinux_2_17_x86_64.manylinux2014_x86_64.whl,duckdb,"{
  ""file"": {
    ""filename"": ""duckdb-1.1.3-cp312-cp312-manylinux_2_17_x86_64.manylinux2014_x86_64.whl"",
    ""project"": ""duckdb"",
    ""version"": ""1.1.3"",
    ""type"": ""bdist_wheel""
  }
}","{
  ""details"": {
    ""installer"": {
      ""name"": ""uv"",
      ""version"": ""0.11.6"",
      ""subcommand"": ""pip install""
    },
    ""python"": ""3.12.13"",
    ""implementation"": {
      ""name"": ""CPython"",
      ""version"": ""3.12.13""
    },
    ""distro"": null,
    ""system"": {
      ""name"": ""Linux"",
      ""release"": ""6.12.85+""
    },
    ""cpu"": ""x86_64"",
    ""openssl_version"": null,
    ""setuptools_version"": null,
    ""rustc_version"": null,
    ""ci"": null
  }
}",TLSv1.3,TLS_AES_128_GCM_SHA256,"{
  ""http"": null
}"
2026-08-31 18:08:06.000000 UTC,US,/packages/aa/76/330fe16f12b7ddda0c664ba9869f3afbc8773dbe17ae750121d407dc0f37/duckdb-1.1.3-cp312-cp312-manylinux_2_17_x86_64.manylinux2014_x86_64.whl,duckdb,"{
  ""file"": {
    ""filename"": ""duckdb-1.1.3-cp312-cp312-manylinux_2_17_x86_64.manylinux2014_x86_64.whl"",
    ""project"": ""duckdb"",
    ""version"": ""1.1.3"",
    ""type"": ""bdist_wheel""
  }
}","{
  ""details"": {
    ""installer"": {
      ""name"": ""uv"",
      ""version"": ""0.11.6"",
      ""subcommand"": ""pip install""
    },
    ""python"": ""3.12.13"",
    ""implementation"": {
      ""name"": ""CPython"",
      ""version"": ""3.12.13""
    },
    ""distro"": null,
    ""system"": {
      ""name"": ""Linux"",
      ""release"": ""6.12.85+""
    },
    ""cpu"": ""x86_64"",
    ""openssl_version"": null,
    ""setuptools_version"": null,
    ""rustc_version"": null,
    ""ci"": null
  }
}",TLSv1.3,TLS_AES_128_GCM_SHA256,"{
  ""http"": null
}"
2026-08-31 18:08:43.000000 UTC,US,/packages/c4/88/e4b08b7a5d08c0f65f6c7a6594de64431ce7df38d7258511417ba7989ad3/duckdb-1.1.3-cp312-cp312-manylinux_2_24_aarch64.manylinux_2_28_aarch64.whl,duckdb,"{
  ""file"": {
    ""filename"": ""duckdb-1.1.3-cp312-cp312-manylinux_2_24_aarch64.manylinux_2_28_aarch64.whl"",
    ""project"": ""duckdb"",
    ""version"": ""1.1.3"",
    ""type"": ""bdist_wheel""
  }
}","{
  ""details"": {
    ""installer"": {
      ""name"": ""Bazel"",
      ""version"": ""9.2.0- (@non-git)"",
      ""subcommand"": null
    },
    ""python"": null,
    ""implementation"": null,
    ""distro"": null,
    ""system"": null,
    ""cpu"": null,
    ""openssl_version"": null,
    ""setuptools_version"": null,
    ""rustc_version"": null,
    ""ci"": null
  }
}",TLSv1.3,TLS_AES_128_GCM_SHA256,"{
  ""http"": null
}"
2026-08-31 18:01:47.000000 UTC,US,/packages/c4/88/e4b08b7a5d08c0f65f6c7a6594de64431ce7df38d7258511417ba7989ad3/duckdb-1.1.3-cp312-cp312-manylinux_2_24_aarch64.manylinux_2_28_aarch64.whl,duckdb,"{
  ""file"": {
    ""filename"": ""duckdb-1.1.3-cp312-cp312-manylinux_2_24_aarch64.manylinux_2_28_aarch64.whl"",
    ""project"": ""duckdb"",
    ""version"": ""1.1.3"",
    ""type"": ""bdist_wheel""
  }
}","{
  ""details"": {
    ""installer"": {
      ""name"": ""Bazel"",
      ""version"": ""9.2.0- (@non-git)"",
      ""subcommand"": null
    },
    ""python"": null,
    ""implementation"": null,
    ""distro"": null,
    ""system"": null,
    ""cpu"": null,
    ""openssl_version"": null,
    ""setuptools_version"": null,
    ""rustc_version"": null,
    ""ci"": null
  }
}",TLSv1.3,TLS_AES_128_GCM_SHA256,"{
  ""http"": null
}"
2026-08-31 18:05:25.000000 UTC,US,/packages/c4/88/e4b08b7a5d08c0f65f6c7a6594de64431ce7df38d7258511417ba7989ad3/duckdb-1.1.3-cp312-cp312-manylinux_2_24_aarch64.manylinux_2_28_aarch64.whl,duckdb,"{
  ""file"": {
    ""filename"": ""duckdb-1.1.3-cp312-cp312-manylinux_2_24_aarch64.manylinux_2_28_aarch64.whl"",
    ""project"": ""duckdb"",
    ""version"": ""1.1.3"",
    ""type"": ""bdist_wheel""
  }
}","{
  ""details"": {
    ""installer"": {
      ""name"": ""Bazel"",
      ""version"": ""9.2.0- (@non-git)"",
      ""subcommand"": null
    },
    ""python"": null,
    ""implementation"": null,
    ""distro"": null,
    ""system"": null,
    ""cpu"": null,
    ""openssl_version"": null,
    ""setuptools_version"": null,
    ""rustc_version"": null,
    ""ci"": null
  }
}",TLSv1.3,TLS_AES_128_GCM_SHA256,"{
  ""http"": null
}"
2026-08-31 18:08:49.000000 UTC,US,/packages/c4/88/e4b08b7a5d08c0f65f6c7a6594de64431ce7df38d7258511417ba7989ad3/duckdb-1.1.3-cp312-cp312-manylinux_2_24_aarch64.manylinux_2_28_aarch64.whl,duckdb,"{
  ""file"": {
    ""filename"": ""duckdb-1.1.3-cp312-cp312-manylinux_2_24_aarch64.manylinux_2_28_aarch64.whl"",
    ""project"": ""duckdb"",
    ""version"": ""1.1.3"",
    ""type"": ""bdist_wheel""
  }
}","{
  ""details"": {
    ""installer"": {
      ""name"": ""Bazel"",
      ""version"": ""9.2.0- (@non-git)"",
      ""subcommand"": null
    },
    ""python"": null,
    ""implementation"": null,
    ""distro"": null,
    ""system"": null,
    ""cpu"": null,
    ""openssl_version"": null,
    ""setuptools_version"": null,
    ""rustc_version"": null,
    ""ci"": null
  }
}",TLSv1.3,TLS_AES_128_GCM_SHA256,"{
  ""http"": null
}"
2026-08-31 18:08:22.000000 UTC,US,/packages/c4/88/e4b08b7a5d08c0f65f6c7a6594de64431ce7df38d7258511417ba7989ad3/duckdb-1.1.3-cp312-cp312-manylinux_2_24_aarch64.manylinux_2_28_aarch64.whl,duckdb,"{
  ""file"": {
    ""filename"": ""duckdb-1.1.3-cp312-cp312-manylinux_2_24_aarch64.manylinux_2_28_aarch64.whl"",
    ""project"": ""duckdb"",
    ""version"": ""1.1.3"",
    ""type"": ""bdist_wheel""
  }
}","{
  ""details"": {
    ""installer"": {
      ""name"": ""Bazel"",
      ""version"": ""9.2.0- (@non-git)"",
      ""subcommand"": null
    },
    ""python"": null,
    ""implementation"": null,
    ""distro"": null,
    ""system"": null,
    ""cpu"": null,
    ""openssl_version"": null,
    ""setuptools_version"": null,
    ""rustc_version"": null,
    ""ci"": null
  }
}",TLSv1.3,TLS_AES_128_GCM_SHA256,"{
  ""http"": null
}"
2026-08-31 18:07:43.000000 UTC,US,/packages/c4/88/e4b08b7a5d08c0f65f6c7a6594de64431ce7df38d7258511417ba7989ad3/duckdb-1.1.3-cp312-cp312-manylinux_2_24_aarch64.manylinux_2_28_aarch64.whl,duckdb,"{
  ""file"": {
    ""filename"": ""duckdb-1.1.3-cp312-cp312-manylinux_2_24_aarch64.manylinux_2_28_aarch64.whl"",
    ""project"": ""duckdb"",
    ""version"": ""1.1.3"",
    ""type"": ""bdist_wheel""
  }
}","{
  ""details"": {
    ""installer"": {
      ""name"": ""Bazel"",
      ""version"": ""9.2.0- (@non-git)"",
      ""subcommand"": null
    },
    ""python"": null,
    ""implementation"": null,
    ""distro"": null,
    ""system"": null,
    ""cpu"": null,
    ""openssl_version"": null,
    ""setuptools_version"": null,
    ""rustc_version"": null,
    ""ci"": null
  }
}",TLSv1.3,TLS_AES_128_GCM_SHA256,"{
  ""http"": null
}"
2026-08-31 18:06:48.000000 UTC,US,/packages/c4/88/e4b08b7a5d08c0f65f6c7a6594de64431ce7df38d7258511417ba7989ad3/duckdb-1.1.3-cp312-cp312-manylinux_2_24_aarch64.manylinux_2_28_aarch64.whl,duckdb,"{
  ""file"": {
    ""filename"": ""duckdb-1.1.3-cp312-cp312-manylinux_2_24_aarch64.manylinux_2_28_aarch64.whl"",
    ""project"": ""duckdb"",
    ""version"": ""1.1.3"",
    ""type"": ""bdist_wheel""
  }
}","{
  ""details"": {
    ""installer"": {
      ""name"": ""Bazel"",
      ""version"": ""9.2.0- (@non-git)"",
      ""subcommand"": null
    },
    ""python"": null,
    ""implementation"": null,
    ""distro"": null,
    ""system"": null,
    ""cpu"": null,
    ""openssl_version"": null,
    ""setuptools_version"": null,
    ""rustc_version"": null,
    ""ci"": null
  }
}",TLSv1.3,TLS_AES_128_GCM_SHA256,"{
  ""http"": null
}"
2026-08-31 18:05:19.000000 UTC,US,/packages/c4/88/e4b08b7a5d08c0f65f6c7a6594de64431ce7df38d7258511417ba7989ad3/duckdb-1.1.3-cp312-cp312-manylinux_2_24_aarch64.manylinux_2_28_aarch64.whl,duckdb,"{
  ""file"": {
    ""filename"": ""duckdb-1.1.3-cp312-cp312-manylinux_2_24_aarch64.manylinux_2_28_aarch64.whl"",
    ""project"": ""duckdb"",
    ""version"": ""1.1.3"",
    ""type"": ""bdist_wheel""
  }
}","{
  ""details"": {
    ""installer"": {
      ""name"": ""Bazel"",
      ""version"": ""9.2.0- (@non-git)"",
      ""subcommand"": null
    },
    ""python"": null,
    ""implementation"": null,
    ""distro"": null,
    ""system"": null,
    ""cpu"": null,
    ""openssl_version"": null,
    ""setuptools_version"": null,
    ""rustc_version"": null,
    ""ci"": null
  }
}",TLSv1.3,TLS_AES_128_GCM_SHA256,"{
  ""http"": null
}"
2026-08-31 18:05:00.000000 UTC,US,/packages/c4/88/e4b08b7a5d08c0f65f6c7a6594de64431ce7df38d7258511417ba7989ad3/duckdb-1.1.3-cp312-cp312-manylinux_2_24_aarch64.manylinux_2_28_aarch64.whl,duckdb,"{
  ""file"": {
    ""filename"": ""duckdb-1.1.3-cp312-cp312-manylinux_2_24_aarch64.manylinux_2_28_aarch64.whl"",
    ""project"": ""duckdb"",
    ""version"": ""1.1.3"",
    ""type"": ""bdist_wheel""
  }
}","{
  ""details"": {
    ""installer"": {
      ""name"": ""Bazel"",
      ""version"": ""9.2.0- (@non-git)"",
      ""subcommand"": null
    },
    ""python"": null,
    ""implementation"": null,
    ""distro"": null,
    ""system"": null,
    ""cpu"": null,
    ""openssl_version"": null,
    ""setuptools_version"": null,
    ""rustc_version"": null,
    ""ci"": null
  }
}",TLSv1.3,TLS_AES_128_GCM_SHA256,"{
  ""http"": null
}"
2026-08-31 18:05:08.000000 UTC,US,/packages/c4/88/e4b08b7a5d08c0f65f6c7a6594de64431ce7df38d7258511417ba7989ad3/duckdb-1.1.3-cp312-cp312-manylinux_2_24_aarch64.manylinux_2_28_aarch64.whl,duckdb,"{
  ""file"": {
    ""filename"": ""duckdb-1.1.3-cp312-cp312-manylinux_2_24_aarch64.manylinux_2_28_aarch64.whl"",
    ""project"": ""duckdb"",
    ""version"": ""1.1.3"",
    ""type"": ""bdist_wheel""
  }
}","{
  ""details"": {
    ""installer"": {
      ""name"": ""Bazel"",
      ""version"": ""9.2.0- (@non-git)"",
      ""subcommand"": null
    },
    ""python"": null,
    ""implementation"": null,
    ""distro"": null,
    ""system"": null,
    ""cpu"": null,
    ""openssl_version"": null,
    ""setuptools_version"": null,
    ""rustc_version"": null,
    ""ci"": null
  }
}",TLSv1.3,TLS_AES_128_GCM_SHA256,"{
  ""http"": null
}"
2026-08-31 18:00:19.000000 UTC,US,/packages/c4/88/e4b08b7a5d08c0f65f6c7a6594de64431ce7df38d7258511417ba7989ad3/duckdb-1.1.3-cp312-cp312-manylinux_2_24_aarch64.manylinux_2_28_aarch64.whl,duckdb,"{
  ""file"": {
    ""filename"": ""duckdb-1.1.3-cp312-cp312-manylinux_2_24_aarch64.manylinux_2_28_aarch64.whl"",
    ""project"": ""duckdb"",
    ""version"": ""1.1.3"",
    ""type"": ""bdist_wheel""
  }
}","{
  ""details"": {
    ""installer"": {
      ""name"": ""Bazel"",
      ""version"": ""9.2.0- (@non-git)"",
      ""subcommand"": null
    },
    ""python"": null,
    ""implementation"": null,
    ""distro"": null,
    ""system"": null,
    ""cpu"": null,
    ""openssl_version"": null,
    ""setuptools_version"": null,
    ""rustc_version"": null,
    ""ci"": null
  }
}",TLSv1.3,TLS_AES_128_GCM_SHA256,"{
  ""http"": null
}"
2026-08-31 18:05:00.000000 UTC,US,/packages/c4/88/e4b08b7a5d08c0f65f6c7a6594de64431ce7df38d7258511417ba7989ad3/duckdb-1.1.3-cp312-cp312-manylinux_2_24_aarch64.manylinux_2_28_aarch64.whl,duckdb,"{
  ""file"": {
    ""filename"": ""duckdb-1.1.3-cp312-cp312-manylinux_2_24_aarch64.manylinux_2_28_aarch64.whl"",
    ""project"": ""duckdb"",
    ""version"": ""1.1.3"",
    ""type"": ""bdist_wheel""
  }
}","{
  ""details"": {
    ""installer"": {
      ""name"": ""Bazel"",
      ""version"": ""9.2.0- (@non-git)"",
      ""subcommand"": null
    },
    ""python"": null,
    ""implementation"": null,
    ""distro"": null,
    ""system"": null,
    ""cpu"": null,
    ""openssl_version"": null,
    ""setuptools_version"": null,
    ""rustc_version"": null,
    ""ci"": null
  }
}",TLSv1.3,TLS_AES_128_GCM_SHA256,"{
  ""http"": null
}"
2026-08-31 18:06:15.000000 UTC,US,/packages/c4/88/e4b08b7a5d08c0f65f6c7a6594de64431ce7df38d7258511417ba7989ad3/duckdb-1.1.3-cp312-cp312-manylinux_2_24_aarch64.manylinux_2_28_aarch64.whl,duckdb,"{
  ""file"": {
    ""filename"": ""duckdb-1.1.3-cp312-cp312-manylinux_2_24_aarch64.manylinux_2_28_aarch64.whl"",
    ""project"": ""duckdb"",
    ""version"": ""1.1.3"",
    ""type"": ""bdist_wheel""
  }
}","{
  ""details"": {
    ""installer"": {
      ""name"": ""Bazel"",
      ""version"": ""9.2.0- (@non-git)"",
      ""subcommand"": null
    },
    ""python"": null,
    ""implementation"": null,
    ""distro"": null,
    ""system"": null,
    ""cpu"": null,
    ""openssl_version"": null,
    ""setuptools_version"": null,
    ""rustc_version"": null,
    ""ci"": null
  }
}",TLSv1.3,TLS_AES_128_GCM_SHA256,"{
  ""http"": null
}"
2026-08-31 18:05:11.000000 UTC,US,/packages/c4/88/e4b08b7a5d08c0f65f6c7a6594de64431ce7df38d7258511417ba7989ad3/duckdb-1.1.3-cp312-cp312-manylinux_2_24_aarch64.manylinux_2_28_aarch64.whl,duckdb,"{
  ""file"": {
    ""filename"": ""duckdb-1.1.3-cp312-cp312-manylinux_2_24_aarch64.manylinux_2_28_aarch64.whl"",
    ""project"": ""duckdb"",
    ""version"": ""1.1.3"",
    ""type"": ""bdist_wheel""
  }
}","{
  ""details"": {
    ""installer"": {
      ""name"": ""Bazel"",
      ""version"": ""9.2.0- (@non-git)"",
      ""subcommand"": null
    },
    ""python"": null,
    ""implementation"": null,
    ""distro"": null,
    ""system"": null,
    ""cpu"": null,
    ""openssl_version"": null,
    ""setuptools_version"": null,
    ""rustc_version"": null,
    ""ci"": null
  }
}",TLSv1.3,TLS_AES_128_GCM_SHA256,"{
  ""http"": null
}"
2026-08-31 18:09:50.000000 UTC,US,/packages/c4/88/e4b08b7a5d08c0f65f6c7a6594de64431ce7df38d7258511417ba7989ad3/duckdb-1.1.3-cp312-cp312-manylinux_2_24_aarch64.manylinux_2_28_aarch64.whl,duckdb,"{
  ""file"": {
    ""filename"": ""duckdb-1.1.3-cp312-cp312-manylinux_2_24_aarch64.manylinux_2_28_aarch64.whl"",
    ""project"": ""duckdb"",
    ""version"": ""1.1.3"",
    ""type"": ""bdist_wheel""
  }
}","{
  ""details"": {
    ""installer"": {
      ""name"": ""Bazel"",
      ""version"": ""9.2.0- (@non-git)"",
      ""subcommand"": null
    },
    ""python"": null,
    ""implementation"": null,
    ""distro"": null,
    ""system"": null,
    ""cpu"": null,
    ""openssl_version"": null,
    ""setuptools_version"": null,
    ""rustc_version"": null,
    ""ci"": null
  }
}",TLSv1.3,TLS_AES_128_GCM_SHA256,"{
  ""http"": null
}"
2026-08-31 18:05:20.000000 UTC,US,/packages/c4/88/e4b08b7a5d08c0f65f6c7a6594de64431ce7df38d7258511417ba7989ad3/duckdb-1.1.3-cp312-cp312-manylinux_2_24_aarch64.manylinux_2_28_aarch64.whl,duckdb,"{
  ""file"": {
    ""filename"": ""duckdb-1.1.3-cp312-cp312-manylinux_2_24_aarch64.manylinux_2_28_aarch64.whl"",
    ""project"": ""duckdb"",
    ""version"": ""1.1.3"",
    ""type"": ""bdist_wheel""
  }
}","{
  ""details"": {
    ""installer"": {
      ""name"": ""Bazel"",
      ""version"": ""9.2.0- (@non-git)"",
      ""subcommand"": null
    },
    ""python"": null,
    ""implementation"": null,
    ""distro"": null,
    ""system"": null,
    ""cpu"": null,
    ""openssl_version"": null,
    ""setuptools_version"": null,
    ""rustc_version"": null,
    ""ci"": null
  }
}",TLSv1.3,TLS_AES_128_GCM_SHA256,"{
  ""http"": null
}"
2026-08-31 18:05:10.000000 UTC,US,/packages/c4/88/e4b08b7a5d08c0f65f6c7a6594de64431ce7df38d7258511417ba7989ad3/duckdb-1.1.3-cp312-cp312-manylinux_2_24_aarch64.manylinux_2_28_aarch64.whl,duckdb,"{
  ""file"": {
    ""filename"": ""duckdb-1.1.3-cp312-cp312-manylinux_2_24_aarch64.manylinux_2_28_aarch64.whl"",
    ""project"": ""duckdb"",
    ""version"": ""1.1.3"",
    ""type"": ""bdist_wheel""
  }
}","{
  ""details"": {
    ""installer"": {
      ""name"": ""Bazel"",
      ""version"": ""9.2.0- (@non-git)"",
      ""subcommand"": null
    },
    ""python"": null,
    ""implementation"": null,
    ""distro"": null,
    ""system"": null,
    ""cpu"": null,
    ""openssl_version"": null,
    ""setuptools_version"": null,
    ""rustc_version"": null,
    ""ci"": null
  }
}",TLSv1.3,TLS_AES_128_GCM_SHA256,"{
  ""http"": null
}"
2026-08-31 18:05:38.000000 UTC,US,/packages/c4/88/e4b08b7a5d08c0f65f6c7a6594de64431ce7df38d7258511417ba7989ad3/duckdb-1.1.3-cp312-cp312-manylinux_2_24_aarch64.manylinux_2_28_aarch64.whl,duckdb,"{
  ""file"": {
    ""filename"": ""duckdb-1.1.3-cp312-cp312-manylinux_2_24_aarch64.manylinux_2_28_aarch64.whl"",
    ""project"": ""duckdb"",
    ""version"": ""1.1.3"",
    ""type"": ""bdist_wheel""
  }
}","{
  ""details"": {
    ""installer"": {
      ""name"": ""Bazel"",
      ""version"": ""9.2.0- (@non-git)"",
      ""subcommand"": null
    },
    ""python"": null,
    ""implementation"": null,
    ""distro"": null,
    ""system"": null,
    ""cpu"": null,
    ""openssl_version"": null,
    ""setuptools_version"": null,
    ""rustc_version"": null,
    ""ci"": null
  }
}",TLSv1.3,TLS_AES_128_GCM_SHA256,"{
  ""http"": null
}"
2026-08-31 18:08:27.000000 UTC,US,/packages/c4/88/e4b08b7a5d08c0f65f6c7a6594de64431ce7df38d7258511417ba7989ad3/duckdb-1.1.3-cp312-cp312-manylinux_2_24_aarch64.manylinux_2_28_aarch64.whl,duckdb,"{
  ""file"": {
    ""filename"": ""duckdb-1.1.3-cp312-cp312-manylinux_2_24_aarch64.manylinux_2_28_aarch64.whl"",
    ""project"": ""duckdb"",
    ""version"": ""1.1.3"",
    ""type"": ""bdist_wheel""
  }
}","{
  ""details"": {
    ""installer"": {
      ""name"": ""Bazel"",
      ""version"": ""9.2.0- (@non-git)"",
      ""subcommand"": null
    },
    ""python"": null,
    ""implementation"": null,
    ""distro"": null,
    ""system"": null,
    ""cpu"": null,
    ""openssl_version"": null,
    ""setuptools_version"": null,
    ""rustc_version"": null,
    ""ci"": null
  }
}",TLSv1.3,TLS_AES_128_GCM_SHA256,"{
  ""http"": null
}"
2026-08-31 18:06:39.000000 UTC,US,/packages/c4/88/e4b08b7a5d08c0f65f6c7a6594de64431ce7df38d7258511417ba7989ad3/duckdb-1.1.3-cp312-cp312-manylinux_2_24_aarch64.manylinux_2_28_aarch64.whl,duckdb,"{
  ""file"": {
    ""filename"": ""duckdb-1.1.3-cp312-cp312-manylinux_2_24_aarch64.manylinux_2_28_aarch64.whl"",
    ""project"": ""duckdb"",
    ""version"": ""1.1.3"",
    ""type"": ""bdist_wheel""
  }
}","{
  ""details"": {
    ""installer"": {
      ""name"": ""Bazel"",
      ""version"": ""9.2.0- (@non-git)"",
      ""subcommand"": null
    },
    ""python"": null,
    ""implementation"": null,
    ""distro"": null,
    ""system"": null,
    ""cpu"": null,
    ""openssl_version"": null,
    ""setuptools_version"": null,
    ""rustc_version"": null,
    ""ci"": null
  }
}",TLSv1.3,TLS_AES_128_GCM_SHA256,"{
  ""http"": null
}"
2026-08-31 18:04:54.000000 UTC,US,/packages/c4/88/e4b08b7a5d08c0f65f6c7a6594de64431ce7df38d7258511417ba7989ad3/duckdb-1.1.3-cp312-cp312-manylinux_2_24_aarch64.manylinux_2_28_aarch64.whl,duckdb,"{
  ""file"": {
    ""filename"": ""duckdb-1.1.3-cp312-cp312-manylinux_2_24_aarch64.manylinux_2_28_aarch64.whl"",
    ""project"": ""duckdb"",
    ""version"": ""1.1.3"",
    ""type"": ""bdist_wheel""
  }
}","{
  ""details"": {
    ""installer"": {
      ""name"": ""Bazel"",
      ""version"": ""9.2.0- (@non-git)"",
      ""subcommand"": null
    },
    ""python"": null,
    ""implementation"": null,
    ""distro"": null,
    ""system"": null,
    ""cpu"": null,
    ""openssl_version"": null,
    ""setuptools_version"": null,
    ""rustc_version"": null,
    ""ci"": null
  }
}",TLSv1.3,TLS_AES_128_GCM_SHA256,"{
  ""http"": null
}"
2026-08-31 18:05:09.000000 UTC,US,/packages/c4/88/e4b08b7a5d08c0f65f6c7a6594de64431ce7df38d7258511417ba7989ad3/duckdb-1.1.3-cp312-cp312-manylinux_2_24_aarch64.manylinux_2_28_aarch64.whl,duckdb,"{
  ""file"": {
    ""filename"": ""duckdb-1.1.3-cp312-cp312-manylinux_2_24_aarch64.manylinux_2_28_aarch64.whl"",
    ""project"": ""duckdb"",
    ""version"": ""1.1.3"",
    ""type"": ""bdist_wheel""
  }
}","{
  ""details"": {
    ""installer"": {
      ""name"": ""Bazel"",
      ""version"": ""9.2.0- (@non-git)"",
      ""subcommand"": null
    },
    ""python"": null,
    ""implementation"": null,
    ""distro"": null,
    ""system"": null,
    ""cpu"": null,
    ""openssl_version"": null,
    ""setuptools_version"": null,
    ""rustc_version"": null,
    ""ci"": null
  }
}",TLSv1.3,TLS_AES_128_GCM_SHA256,"{
  ""http"": null
}"
2026-08-31 18:05:54.000000 UTC,US,/packages/c4/88/e4b08b7a5d08c0f65f6c7a6594de64431ce7df38d7258511417ba7989ad3/duckdb-1.1.3-cp312-cp312-manylinux_2_24_aarch64.manylinux_2_28_aarch64.whl,duckdb,"{
  ""file"": {
    ""filename"": ""duckdb-1.1.3-cp312-cp312-manylinux_2_24_aarch64.manylinux_2_28_aarch64.whl"",
    ""project"": ""duckdb"",
    ""version"": ""1.1.3"",
    ""type"": ""bdist_wheel""
  }
}","{
  ""details"": {
    ""installer"": {
      ""name"": ""Bazel"",
      ""version"": ""9.2.0- (@non-git)"",
      ""subcommand"": null
    },
    ""python"": null,
    ""implementation"": null,
    ""distro"": null,
    ""system"": null,
    ""cpu"": null,
    ""openssl_version"": null,
    ""setuptools_version"": null,
    ""rustc_version"": null,
    ""ci"": null
  }
}",TLSv1.3,TLS_AES_128_GCM_SHA256,"{
  ""http"": null
}"
2026-08-31 18:04:59.000000 UTC,US,/packages/c4/88/e4b08b7a5d08c0f65f6c7a6594de64431ce7df38d7258511417ba7989ad3/duckdb-1.1.3-cp312-cp312-manylinux_2_24_aarch64.manylinux_2_28_aarch64.whl,duckdb,"{
  ""file"": {
    ""filename"": ""duckdb-1.1.3-cp312-cp312-manylinux_2_24_aarch64.manylinux_2_28_aarch64.whl"",
    ""project"": ""duckdb"",
    ""version"": ""1.1.3"",
    ""type"": ""bdist_wheel""
  }
}","{
  ""details"": {
    ""installer"": {
      ""name"": ""Bazel"",
      ""version"": ""9.2.0- (@non-git)"",
      ""subcommand"": null
    },
    ""python"": null,
    ""implementation"": null,
    ""distro"": null,
    ""system"": null,
    ""cpu"": null,
    ""openssl_version"": null,
    ""setuptools_version"": null,
    ""rustc_version"": null,
    ""ci"": null
  }
}",TLSv1.3,TLS_AES_128_GCM_SHA256,"{
  ""http"": null
}"
2026-08-31 18:00:40.000000 UTC,US,/packages/c4/88/e4b08b7a5d08c0f65f6c7a6594de64431ce7df38d7258511417ba7989ad3/duckdb-1.1.3-cp312-cp312-manylinux_2_24_aarch64.manylinux_2_28_aarch64.whl,duckdb,"{
  ""file"": {
    ""filename"": ""duckdb-1.1.3-cp312-cp312-manylinux_2_24_aarch64.manylinux_2_28_aarch64.whl"",
    ""project"": ""duckdb"",
    ""version"": ""1.1.3"",
    ""type"": ""bdist_wheel""
  }
}","{
  ""details"": {
    ""installer"": {
      ""name"": ""Bazel"",
      ""version"": ""9.2.0- (@non-git)"",
      ""subcommand"": null
    },
    ""python"": null,
    ""implementation"": null,
    ""distro"": null,
    ""system"": null,
    ""cpu"": null,
    ""openssl_version"": null,
    ""setuptools_version"": null,
    ""rustc_version"": null,
    ""ci"": null
  }
}",TLSv1.3,TLS_AES_128_GCM_SHA256,"{
  ""http"": null
}"
2026-08-31 18:06:26.000000 UTC,US,/packages/c4/88/e4b08b7a5d08c0f65f6c7a6594de64431ce7df38d7258511417ba7989ad3/duckdb-1.1.3-cp312-cp312-manylinux_2_24_aarch64.manylinux_2_28_aarch64.whl,duckdb,"{
  ""file"": {
    ""filename"": ""duckdb-1.1.3-cp312-cp312-manylinux_2_24_aarch64.manylinux_2_28_aarch64.whl"",
    ""project"": ""duckdb"",
    ""version"": ""1.1.3"",
    ""type"": ""bdist_wheel""
  }
}","{
  ""details"": {
    ""installer"": {
      ""name"": ""Bazel"",
      ""version"": ""9.2.0- (@non-git)"",
      ""subcommand"": null
    },
    ""python"": null,
    ""implementation"": null,
    ""distro"": null,
    ""system"": null,
    ""cpu"": null,
    ""openssl_version"": null,
    ""setuptools_version"": null,
    ""rustc_version"": null,
    ""ci"": null
  }
}",TLSv1.3,TLS_AES_128_GCM_SHA256,"{
  ""http"": null
}"
2026-08-31 18:06:39.000000 UTC,US,/packages/1a/32/011e6e3ce14375a1ba01a588c119ad82be757f847c6b60207e0762d9ec3a/duckdb-1.1.3-cp312-cp312-musllinux_1_2_x86_64.whl,duckdb,"{
  ""file"": {
    ""filename"": ""duckdb-1.1.3-cp312-cp312-musllinux_1_2_x86_64.whl"",
    ""project"": ""duckdb"",
    ""version"": ""1.1.3"",
    ""type"": ""bdist_wheel""
  }
}","{
  ""details"": {
    ""installer"": {
      ""name"": ""Bazel"",
      ""version"": ""9.2.0- (@non-git)"",
      ""subcommand"": null
    },
    ""python"": null,
    ""implementation"": null,
    ""distro"": null,
    ""system"": null,
    ""cpu"": null,
    ""openssl_version"": null,
    ""setuptools_version"": null,
    ""rustc_version"": null,
    ""ci"": null
  }
}",TLSv1.3,TLS_AES_128_GCM_SHA256,"{
  ""http"": null
}"
2026-08-31 18:08:23.000000 UTC,US,/packages/1a/32/011e6e3ce14375a1ba01a588c119ad82be757f847c6b60207e0762d9ec3a/duckdb-1.1.3-cp312-cp312-musllinux_1_2_x86_64.whl,duckdb,"{
  ""file"": {
    ""filename"": ""duckdb-1.1.3-cp312-cp312-musllinux_1_2_x86_64.whl"",
    ""project"": ""duckdb"",
    ""version"": ""1.1.3"",
    ""type"": ""bdist_wheel""
  }
}","{
  ""details"": {
    ""installer"": {
      ""name"": ""Bazel"",
      ""version"": ""9.2.0- (@non-git)"",
      ""subcommand"": null
    },
    ""python"": null,
    ""implementation"": null,
    ""distro"": null,
    ""system"": null,
    ""cpu"": null,
    ""openssl_version"": null,
    ""setuptools_version"": null,
    ""rustc_version"": null,
    ""ci"": null
  }
}",TLSv1.3,TLS_AES_128_GCM_SHA256,"{
  ""http"": null
}"
2026-08-31 18:05:38.000000 UTC,US,/packages/1a/32/011e6e3ce14375a1ba01a588c119ad82be757f847c6b60207e0762d9ec3a/duckdb-1.1.3-cp312-cp312-musllinux_1_2_x86_64.whl,duckdb,"{
  ""file"": {
    ""filename"": ""duckdb-1.1.3-cp312-cp312-musllinux_1_2_x86_64.whl"",
    ""project"": ""duckdb"",
    ""version"": ""1.1.3"",
    ""type"": ""bdist_wheel""
  }
}","{
  ""details"": {
    ""installer"": {
      ""name"": ""Bazel"",
      ""version"": ""9.2.0- (@non-git)"",
      ""subcommand"": null
    },
    ""python"": null,
    ""implementation"": null,
    ""distro"": null,
    ""system"": null,
    ""cpu"": null,
    ""openssl_version"": null,
    ""setuptools_version"": null,
    ""rustc_version"": null,
    ""ci"": null
  }
}",TLSv1.3,TLS_AES_128_GCM_SHA256,"{
  ""http"": null
}"
2026-08-31 18:05:00.000000 UTC,US,/packages/1a/32/011e6e3ce14375a1ba01a588c119ad82be757f847c6b60207e0762d9ec3a/duckdb-1.1.3-cp312-cp312-musllinux_1_2_x86_64.whl,duckdb,"{
  ""file"": {
    ""filename"": ""duckdb-1.1.3-cp312-cp312-musllinux_1_2_x86_64.whl"",
    ""project"": ""duckdb"",
    ""version"": ""1.1.3"",
    ""type"": ""bdist_wheel""
  }
}","{
  ""details"": {
    ""installer"": {
      ""name"": ""Bazel"",
      ""version"": ""9.2.0- (@non-git)"",
      ""subcommand"": null
    },
    ""python"": null,
    ""implementation"": null,
    ""distro"": null,
    ""system"": null,
    ""cpu"": null,
    ""openssl_version"": null,
    ""setuptools_version"": null,
    ""rustc_version"": null,
    ""ci"": null
  }
}",TLSv1.3,TLS_AES_128_GCM_SHA256,"{
  ""http"": null
}"
2026-08-31 18:05:01.000000 UTC,US,/packages/1a/32/011e6e3ce14375a1ba01a588c119ad82be757f847c6b60207e0762d9ec3a/duckdb-1.1.3-cp312-cp312-musllinux_1_2_x86_64.whl,duckdb,"{
  ""file"": {
    ""filename"": ""duckdb-1.1.3-cp312-cp312-musllinux_1_2_x86_64.whl"",
    ""project"": ""duckdb"",
    ""version"": ""1.1.3"",
    ""type"": ""bdist_wheel""
  }
}","{
  ""details"": {
    ""installer"": {
      ""name"": ""Bazel"",
      ""version"": ""9.2.0- (@non-git)"",
      ""subcommand"": null
    },
    ""python"": null,
    ""implementation"": null,
    ""distro"": null,
    ""system"": null,
    ""cpu"": null,
    ""openssl_version"": null,
    ""setuptools_version"": null,
    ""rustc_version"": null,
    ""ci"": null
  }
}",TLSv1.3,TLS_AES_128_GCM_SHA256,"{
  ""http"": null
}"
2026-08-31 18:05:08.000000 UTC,US,/packages/1a/32/011e6e3ce14375a1ba01a588c119ad82be757f847c6b60207e0762d9ec3a/duckdb-1.1.3-cp312-cp312-musllinux_1_2_x86_64.whl,duckdb,"{
  ""file"": {
    ""filename"": ""duckdb-1.1.3-cp312-cp312-musllinux_1_2_x86_64.whl"",
    ""project"": ""duckdb"",
    ""version"": ""1.1.3"",
    ""type"": ""bdist_wheel""
  }
}","{
  ""details"": {
    ""installer"": {
      ""name"": ""Bazel"",
      ""version"": ""9.2.0- (@non-git)"",
      ""subcommand"": null
    },
    ""python"": null,
    ""implementation"": null,
    ""distro"": null,
    ""system"": null,
    ""cpu"": null,
    ""openssl_version"": null,
    ""setuptools_version"": null,
    ""rustc_version"": null,
    ""ci"": null
  }
}",TLSv1.3,TLS_AES_128_GCM_SHA256,"{
  ""http"": null
}"
2026-08-31 18:05:25.000000 UTC,US,/packages/1a/32/011e6e3ce14375a1ba01a588c119ad82be757f847c6b60207e0762d9ec3a/duckdb-1.1.3-cp312-cp312-musllinux_1_2_x86_64.whl,duckdb,"{
  ""file"": {
    ""filename"": ""duckdb-1.1.3-cp312-cp312-musllinux_1_2_x86_64.whl"",
    ""project"": ""duckdb"",
    ""version"": ""1.1.3"",
    ""type"": ""bdist_wheel""
  }
}","{
  ""details"": {
    ""installer"": {
      ""name"": ""Bazel"",
      ""version"": ""9.2.0- (@non-git)"",
      ""subcommand"": null
    },
    ""python"": null,
    ""implementation"": null,
    ""distro"": null,
    ""system"": null,
    ""cpu"": null,
    ""openssl_version"": null,
    ""setuptools_version"": null,
    ""rustc_version"": null,
    ""ci"": null
  }
}",TLSv1.3,TLS_AES_128_GCM_SHA256,"{
  ""http"": null
}"
2026-08-31 18:05:10.000000 UTC,US,/packages/1a/32/011e6e3ce14375a1ba01a588c119ad82be757f847c6b60207e0762d9ec3a/duckdb-1.1.3-cp312-cp312-musllinux_1_2_x86_64.whl,duckdb,"{
  ""file"": {
    ""filename"": ""duckdb-1.1.3-cp312-cp312-musllinux_1_2_x86_64.whl"",
    ""project"": ""duckdb"",
    ""version"": ""1.1.3"",
    ""type"": ""bdist_wheel""
  }
}","{
  ""details"": {
    ""installer"": {
      ""name"": ""Bazel"",
      ""version"": ""9.2.0- (@non-git)"",
      ""subcommand"": null
    },
    ""python"": null,
    ""implementation"": null,
    ""distro"": null,
    ""system"": null,
    ""cpu"": null,
    ""openssl_version"": null,
    ""setuptools_version"": null,
    ""rustc_version"": null,
    ""ci"": null
  }
}",TLSv1.3,TLS_AES_128_GCM_SHA256,"{
  ""http"": null
}"
2026-08-31 18:04:54.000000 UTC,US,/packages/1a/32/011e6e3ce14375a1ba01a588c119ad82be757f847c6b60207e0762d9ec3a/duckdb-1.1.3-cp312-cp312-musllinux_1_2_x86_64.whl,duckdb,"{
  ""file"": {
    ""filename"": ""duckdb-1.1.3-cp312-cp312-musllinux_1_2_x86_64.whl"",
    ""project"": ""duckdb"",
    ""version"": ""1.1.3"",
    ""type"": ""bdist_wheel""
  }
}","{
  ""details"": {
    ""installer"": {
      ""name"": ""Bazel"",
      ""version"": ""9.2.0- (@non-git)"",
      ""subcommand"": null
    },
    ""python"": null,
    ""implementation"": null,
    ""distro"": null,
    ""system"": null,
    ""cpu"": null,
    ""openssl_version"": null,
    ""setuptools_version"": null,
    ""rustc_version"": null,
    ""ci"": null
  }
}",TLSv1.3,TLS_AES_128_GCM_SHA256,"{
  ""http"": null
}"
2026-08-31 18:08:50.000000 UTC,US,/packages/1a/32/011e6e3ce14375a1ba01a588c119ad82be757f847c6b60207e0762d9ec3a/duckdb-1.1.3-cp312-cp312-musllinux_1_2_x86_64.whl,duckdb,"{
  ""file"": {
    ""filename"": ""duckdb-1.1.3-cp312-cp312-musllinux_1_2_x86_64.whl"",
    ""project"": ""duckdb"",
    ""version"": ""1.1.3"",
    ""type"": ""bdist_wheel""
  }
}","{
  ""details"": {
    ""installer"": {
      ""name"": ""Bazel"",
      ""version"": ""9.2.0- (@non-git)"",
      ""subcommand"": null
    },
    ""python"": null,
    ""implementation"": null,
    ""distro"": null,
    ""system"": null,
    ""cpu"": null,
    ""openssl_version"": null,
    ""setuptools_version"": null,
    ""rustc_version"": null,
    ""ci"": null
  }
}",TLSv1.3,TLS_AES_128_GCM_SHA256,"{
  ""http"": null
}"
2026-08-31 18:05:12.000000 UTC,US,/packages/1a/32/011e6e3ce14375a1ba01a588c119ad82be757f847c6b60207e0762d9ec3a/duckdb-1.1.3-cp312-cp312-musllinux_1_2_x86_64.whl,duckdb,"{
  ""file"": {
    ""filename"": ""duckdb-1.1.3-cp312-cp312-musllinux_1_2_x86_64.whl"",
    ""project"": ""duckdb"",
    ""version"": ""1.1.3"",
    ""type"": ""bdist_wheel""
  }
}","{
  ""details"": {
    ""installer"": {
      ""name"": ""Bazel"",
      ""version"": ""9.2.0- (@non-git)"",
      ""subcommand"": null
    },
    ""python"": null,
    ""implementation"": null,
    ""distro"": null,
    ""system"": null,
    ""cpu"": null,
    ""openssl_version"": null,
    ""setuptools_version"": null,
    ""rustc_version"": null,
    ""ci"": null
  }
}",TLSv1.3,TLS_AES_128_GCM_SHA256,"{
  ""http"": null
}"
2026-08-31 18:09:50.000000 UTC,US,/packages/1a/32/011e6e3ce14375a1ba01a588c119ad82be757f847c6b60207e0762d9ec3a/duckdb-1.1.3-cp312-cp312-musllinux_1_2_x86_64.whl,duckdb,"{
  ""file"": {
    ""filename"": ""duckdb-1.1.3-cp312-cp312-musllinux_1_2_x86_64.whl"",
    ""project"": ""duckdb"",
    ""version"": ""1.1.3"",
    ""type"": ""bdist_wheel""
  }
}","{
  ""details"": {
    ""installer"": {
      ""name"": ""Bazel"",
      ""version"": ""9.2.0- (@non-git)"",
      ""subcommand"": null
    },
    ""python"": null,
    ""implementation"": null,
    ""distro"": null,
    ""system"": null,
    ""cpu"": null,
    ""openssl_version"": null,
    ""setuptools_version"": null,
    ""rustc_version"": null,
    ""ci"": null
  }
}",TLSv1.3,TLS_AES_128_GCM_SHA256,"{
  ""http"": null
}"
2026-08-31 18:08:44.000000 UTC,US,/packages/1a/32/011e6e3ce14375a1ba01a588c119ad82be757f847c6b60207e0762d9ec3a/duckdb-1.1.3-cp312-cp312-musllinux_1_2_x86_64.whl,duckdb,"{
  ""file"": {
    ""filename"": ""duckdb-1.1.3-cp312-cp312-musllinux_1_2_x86_64.whl"",
    ""project"": ""duckdb"",
    ""version"": ""1.1.3"",
    ""type"": ""bdist_wheel""
  }
}","{
  ""details"": {
    ""installer"": {
      ""name"": ""Bazel"",
      ""version"": ""9.2.0- (@non-git)"",
      ""subcommand"": null
    },
    ""python"": null,
    ""implementation"": null,
    ""distro"": null,
    ""system"": null,
    ""cpu"": null,
    ""openssl_version"": null,
    ""setuptools_version"": null,
    ""rustc_version"": null,
    ""ci"": null
  }
}",TLSv1.3,TLS_AES_128_GCM_SHA256,"{
  ""http"": null
}"
2026-08-31 18:06:27.000000 UTC,US,/packages/1a/32/011e6e3ce14375a1ba01a588c119ad82be757f847c6b60207e0762d9ec3a/duckdb-1.1.3-cp312-cp312-musllinux_1_2_x86_64.whl,duckdb,"{
  ""file"": {
    ""filename"": ""duckdb-1.1.3-cp312-cp312-musllinux_1_2_x86_64.whl"",
    ""project"": ""duckdb"",
    ""version"": ""1.1.3"",
    ""type"": ""bdist_wheel""
  }
}","{
  ""details"": {
    ""installer"": {
      ""name"": ""Bazel"",
      ""version"": ""9.2.0- (@non-git)"",
      ""subcommand"": null
    },
    ""python"": null,
    ""implementation"": null,
    ""distro"": null,
    ""system"": null,
    ""cpu"": null,
    ""openssl_version"": null,
    ""setuptools_version"": null,
    ""rustc_version"": null,
    ""ci"": null
  }
}",TLSv1.3,TLS_AES_128_GCM_SHA256,"{
  ""http"": null
}"
2026-08-31 18:05:11.000000 UTC,US,/packages/1a/32/011e6e3ce14375a1ba01a588c119ad82be757f847c6b60207e0762d9ec3a/duckdb-1.1.3-cp312-cp312-musllinux_1_2_x86_64.whl,duckdb,"{
  ""file"": {
    ""filename"": ""duckdb-1.1.3-cp312-cp312-musllinux_1_2_x86_64.whl"",
    ""project"": ""duckdb"",
    ""version"": ""1.1.3"",
    ""type"": ""bdist_wheel""
  }
}","{
  ""details"": {
    ""installer"": {
      ""name"": ""Bazel"",
      ""version"": ""9.2.0- (@non-git)"",
      ""subcommand"": null
    },
    ""python"": null,
    ""implementation"": null,
    ""distro"": null,
    ""system"": null,
    ""cpu"": null,
    ""openssl_version"": null,
    ""setuptools_version"": null,
    ""rustc_version"": null,
    ""ci"": null
  }
}",TLSv1.3,TLS_AES_128_GCM_SHA256,"{
  ""http"": null
}"
2026-08-31 18:05:20.000000 UTC,US,/packages/1a/32/011e6e3ce14375a1ba01a588c119ad82be757f847c6b60207e0762d9ec3a/duckdb-1.1.3-cp312-cp312-musllinux_1_2_x86_64.whl,duckdb,"{
  ""file"": {
    ""filename"": ""duckdb-1.1.3-cp312-cp312-musllinux_1_2_x86_64.whl"",
    ""project"": ""duckdb"",
    ""version"": ""1.1.3"",
    ""type"": ""bdist_wheel""
  }
}","{
  ""details"": {
    ""installer"": {
      ""name"": ""Bazel"",
      ""version"": ""9.2.0- (@non-git)"",
      ""subcommand"": null
    },
    ""python"": null,
    ""implementation"": null,
    ""distro"": null,
    ""system"": null,
    ""cpu"": null,
    ""openssl_version"": null,
    ""setuptools_version"": null,
    ""rustc_version"": null,
    ""ci"": null
  }
}",TLSv1.3,TLS_AES_128_GCM_SHA256,"{
  ""http"": null
}"
2026-08-31 18:06:16.000000 UTC,US,/packages/1a/32/011e6e3ce14375a1ba01a588c119ad82be757f847c6b60207e0762d9ec3a/duckdb-1.1.3-cp312-cp312-musllinux_1_2_x86_64.whl,duckdb,"{
  ""file"": {
    ""filename"": ""duckdb-1.1.3-cp312-cp312-musllinux_1_2_x86_64.whl"",
    ""project"": ""duckdb"",
    ""version"": ""1.1.3"",
    ""type"": ""bdist_wheel""
  }
}","{
  ""details"": {
    ""installer"": {
      ""name"": ""Bazel"",
      ""version"": ""9.2.0- (@non-git)"",
      ""subcommand"": null
    },
    ""python"": null,
    ""implementation"": null,
    ""distro"": null,
    ""system"": null,
    ""cpu"": null,
    ""openssl_version"": null,
    ""setuptools_version"": null,
    ""rustc_version"": null,
    ""ci"": null
  }
}",TLSv1.3,TLS_AES_128_GCM_SHA256,"{
  ""http"": null
}"
2026-08-31 18:06:49.000000 UTC,US,/packages/1a/32/011e6e3ce14375a1ba01a588c119ad82be757f847c6b60207e0762d9ec3a/duckdb-1.1.3-cp312-cp312-musllinux_1_2_x86_64.whl,duckdb,"{
  ""file"": {
    ""filename"": ""duckdb-1.1.3-cp312-cp312-musllinux_1_2_x86_64.whl"",
    ""project"": ""duckdb"",
    ""version"": ""1.1.3"",
    ""type"": ""bdist_wheel""
  }
}","{
  ""details"": {
    ""installer"": {
      ""name"": ""Bazel"",
      ""version"": ""9.2.0- (@non-git)"",
      ""subcommand"": null
    },
    ""python"": null,
    ""implementation"": null,
    ""distro"": null,
    ""system"": null,
    ""cpu"": null,
    ""openssl_version"": null,
    ""setuptools_version"": null,
    ""rustc_version"": null,
    ""ci"": null
  }
}",TLSv1.3,TLS_AES_128_GCM_SHA256,"{
  ""http"": null
}"
2026-08-31 18:08:28.000000 UTC,US,/packages/1a/32/011e6e3ce14375a1ba01a588c119ad82be757f847c6b60207e0762d9ec3a/duckdb-1.1.3-cp312-cp312-musllinux_1_2_x86_64.whl,duckdb,"{
  ""file"": {
    ""filename"": ""duckdb-1.1.3-cp312-cp312-musllinux_1_2_x86_64.whl"",
    ""project"": ""duckdb"",
    ""version"": ""1.1.3"",
    ""type"": ""bdist_wheel""
  }
}","{
  ""details"": {
    ""installer"": {
      ""name"": ""Bazel"",
      ""version"": ""9.2.0- (@non-git)"",
      ""subcommand"": null
    },
    ""python"": null,
    ""implementation"": null,
    ""distro"": null,
    ""system"": null,
    ""cpu"": null,
    ""openssl_version"": null,
    ""setuptools_version"": null,
    ""rustc_version"": null,
    ""ci"": null
  }
}",TLSv1.3,TLS_AES_128_GCM_SHA256,"{
  ""http"": null
}"
2026-08-31 18:05:00.000000 UTC,US,/packages/1a/32/011e6e3ce14375a1ba01a588c119ad82be757f847c6b60207e0762d9ec3a/duckdb-1.1.3-cp312-cp312-musllinux_1_2_x86_64.whl,duckdb,"{
  ""file"": {
    ""filename"": ""duckdb-1.1.3-cp312-cp312-musllinux_1_2_x86_64.whl"",
    ""project"": ""duckdb"",
    ""version"": ""1.1.3"",
    ""type"": ""bdist_wheel""
  }
}","{
  ""details"": {
    ""installer"": {
      ""name"": ""Bazel"",
      ""version"": ""9.2.0- (@non-git)"",
      ""subcommand"": null
    },
    ""python"": null,
    ""implementation"": null,
    ""distro"": null,
    ""system"": null,
    ""cpu"": null,
    ""openssl_version"": null,
    ""setuptools_version"": null,
    ""rustc_version"": null,
    ""ci"": null
  }
}",TLSv1.3,TLS_AES_128_GCM_SHA256,"{
  ""http"": null
}"
2026-08-31 18:00:41.000000 UTC,US,/packages/1a/32/011e6e3ce14375a1ba01a588c119ad82be757f847c6b60207e0762d9ec3a/duckdb-1.1.3-cp312-cp312-musllinux_1_2_x86_64.whl,duckdb,"{
  ""file"": {
    ""filename"": ""duckdb-1.1.3-cp312-cp312-musllinux_1_2_x86_64.whl"",
    ""project"": ""duckdb"",
    ""version"": ""1.1.3"",
    ""type"": ""bdist_wheel""
  }
}","{
  ""details"": {
    ""installer"": {
      ""name"": ""Bazel"",
      ""version"": ""9.2.0- (@non-git)"",
      ""subcommand"": null
    },
    ""python"": null,
    ""implementation"": null,
    ""distro"": null,
    ""system"": null,
    ""cpu"": null,
    ""openssl_version"": null,
    ""setuptools_version"": null,
    ""rustc_version"": null,
    ""ci"": null
  }
}",TLSv1.3,TLS_AES_128_GCM_SHA256,"{
  ""http"": null
}"
2026-08-31 18:01:48.000000 UTC,US,/packages/1a/32/011e6e3ce14375a1ba01a588c119ad82be757f847c6b60207e0762d9ec3a/duckdb-1.1.3-cp312-cp312-musllinux_1_2_x86_64.whl,duckdb,"{
  ""file"": {
    ""filename"": ""duckdb-1.1.3-cp312-cp312-musllinux_1_2_x86_64.whl"",
    ""project"": ""duckdb"",
    ""version"": ""1.1.3"",
    ""type"": ""bdist_wheel""
  }
}","{
  ""details"": {
    ""installer"": {
      ""name"": ""Bazel"",
      ""version"": ""9.2.0- (@non-git)"",
      ""subcommand"": null
    },
    ""python"": null,
    ""implementation"": null,
    ""distro"": null,
    ""system"": null,
    ""cpu"": null,
    ""openssl_version"": null,
    ""setuptools_version"": null,
    ""rustc_version"": null,
    ""ci"": null
  }
}",TLSv1.3,TLS_AES_128_GCM_SHA256,"{
  ""http"": null
}"
2026-08-31 18:07:44.000000 UTC,US,/packages/1a/32/011e6e3ce14375a1ba01a588c119ad82be757f847c6b60207e0762d9ec3a/duckdb-1.1.3-cp312-cp312-musllinux_1_2_x86_64.whl,duckdb,"{
  ""file"": {
    ""filename"": ""duckdb-1.1.3-cp312-cp312-musllinux_1_2_x86_64.whl"",
    ""project"": ""duckdb"",
    ""version"": ""1.1.3"",
    ""type"": ""bdist_wheel""
  }
}","{
  ""details"": {
    ""installer"": {
      ""name"": ""Bazel"",
      ""version"": ""9.2.0- (@non-git)"",
      ""subcommand"": null
    },
    ""python"": null,
    ""implementation"": null,
    ""distro"": null,
    ""system"": null,
    ""cpu"": null,
    ""openssl_version"": null,
    ""setuptools_version"": null,
    ""rustc_version"": null,
    ""ci"": null
  }
}",TLSv1.3,TLS_AES_128_GCM_SHA256,"{
  ""http"": null
}"
2026-08-31 18:05:21.000000 UTC,US,/packages/1a/32/011e6e3ce14375a1ba01a588c119ad82be757f847c6b60207e0762d9ec3a/duckdb-1.1.3-cp312-cp312-musllinux_1_2_x86_64.whl,duckdb,"{
  ""file"": {
    ""filename"": ""duckdb-1.1.3-cp312-cp312-musllinux_1_2_x86_64.whl"",
    ""project"": ""duckdb"",
    ""version"": ""1.1.3"",
    ""type"": ""bdist_wheel""
  }
}","{
  ""details"": {
    ""installer"": {
      ""name"": ""Bazel"",
      ""version"": ""9.2.0- (@non-git)"",
      ""subcommand"": null
    },
    ""python"": null,
    ""implementation"": null,
    ""distro"": null,
    ""system"": null,
    ""cpu"": null,
    ""openssl_version"": null,
    ""setuptools_version"": null,
    ""rustc_version"": null,
    ""ci"": null
  }
}",TLSv1.3,TLS_AES_128_GCM_SHA256,"{
  ""http"": null
}"
2026-08-31 18:00:20.000000 UTC,US,/packages/1a/32/011e6e3ce14375a1ba01a588c119ad82be757f847c6b60207e0762d9ec3a/duckdb-1.1.3-cp312-cp312-musllinux_1_2_x86_64.whl,duckdb,"{
  ""file"": {
    ""filename"": ""duckdb-1.1.3-cp312-cp312-musllinux_1_2_x86_64.whl"",
    ""project"": ""duckdb"",
    ""version"": ""1.1.3"",
    ""type"": ""bdist_wheel""
  }
}","{
  ""details"": {
    ""installer"": {
      ""name"": ""Bazel"",
      ""version"": ""9.2.0- (@non-git)"",
      ""subcommand"": null
    },
    ""python"": null,
    ""implementation"": null,
    ""distro"": null,
    ""system"": null,
    ""cpu"": null,
    ""openssl_version"": null,
    ""setuptools_version"": null,
    ""rustc_version"": null,
    ""ci"": null
  }
}",TLSv1.3,TLS_AES_128_GCM_SHA256,"{
  ""http"": null
}"
2026-08-31 18:05:54.000000 UTC,US,/packages/1a/32/011e6e3ce14375a1ba01a588c119ad82be757f847c6b60207e0762d9ec3a/duckdb-1.1.3-cp312-cp312-musllinux_1_2_x86_64.whl,duckdb,"{
  ""file"": {
    ""filename"": ""duckdb-1.1.3-cp312-cp312-musllinux_1_2_x86_64.whl"",
    ""project"": ""duckdb"",
    ""version"": ""1.1.3"",
    ""type"": ""bdist_wheel""
  }
}","{
  ""details"": {
    ""installer"": {
      ""name"": ""Bazel"",
      ""version"": ""9.2.0- (@non-git)"",
      ""subcommand"": null
    },
    ""python"": null,
    ""implementation"": null,
    ""distro"": null,
    ""system"": null,
    ""cpu"": null,
    ""openssl_version"": null,
    ""setuptools_version"": null,
    ""rustc_version"": null,
    ""ci"": null
  }
}",TLSv1.3,TLS_AES_128_GCM_SHA256,"{
  ""http"": null
}"
2026-08-31 18:05:39.000000 UTC,US,/packages/f2/eb/58d4e0eccdc7b3523c062d008ad9eef28edccf88591d1a78659c809fe6e8/duckdb-1.1.3-cp312-cp312-win_amd64.whl,duckdb,"{
  ""file"": {
    ""filename"": ""duckdb-1.1.3-cp312-cp312-win_amd64.whl"",
    ""project"": ""duckdb"",
    ""version"": ""1.1.3"",
    ""type"": ""bdist_wheel""
  }
}","{
  ""details"": {
    ""installer"": {
      ""name"": ""Bazel"",
      ""version"": ""9.2.0- (@non-git)"",
      ""subcommand"": null
    },
    ""python"": null,
    ""implementation"": null,
    ""distro"": null,
    ""system"": null,
    ""cpu"": null,
    ""openssl_version"": null,
    ""setuptools_version"": null,
    ""rustc_version"": null,
    ""ci"": null
  }
}",TLSv1.3,TLS_AES_128_GCM_SHA256,"{
  ""http"": null
}"
2026-08-31 18:05:01.000000 UTC,US,/packages/f2/eb/58d4e0eccdc7b3523c062d008ad9eef28edccf88591d1a78659c809fe6e8/duckdb-1.1.3-cp312-cp312-win_amd64.whl,duckdb,"{
  ""file"": {
    ""filename"": ""duckdb-1.1.3-cp312-cp312-win_amd64.whl"",
    ""project"": ""duckdb"",
    ""version"": ""1.1.3"",
    ""type"": ""bdist_wheel""
  }
}","{
  ""details"": {
    ""installer"": {
      ""name"": ""Bazel"",
      ""version"": ""9.2.0- (@non-git)"",
      ""subcommand"": null
    },
    ""python"": null,
    ""implementation"": null,
    ""distro"": null,
    ""system"": null,
    ""cpu"": null,
    ""openssl_version"": null,
    ""setuptools_version"": null,
    ""rustc_version"": null,
    ""ci"": null
  }
}",TLSv1.3,TLS_AES_128_GCM_SHA256,"{
  ""http"": null
}"
2026-08-31 18:08:29.000000 UTC,US,/packages/f2/eb/58d4e0eccdc7b3523c062d008ad9eef28edccf88591d1a78659c809fe6e8/duckdb-1.1.3-cp312-cp312-win_amd64.whl,duckdb,"{
  ""file"": {
    ""filename"": ""duckdb-1.1.3-cp312-cp312-win_amd64.whl"",
    ""project"": ""duckdb"",
    ""version"": ""1.1.3"",
    ""type"": ""bdist_wheel""
  }
}","{
  ""details"": {
    ""installer"": {
      ""name"": ""Bazel"",
      ""version"": ""9.2.0- (@non-git)"",
      ""subcommand"": null
    },
    ""python"": null,
    ""implementation"": null,
    ""distro"": null,
    ""system"": null,
    ""cpu"": null,
    ""openssl_version"": null,
    ""setuptools_version"": null,
    ""rustc_version"": null,
    ""ci"": null
  }
}",TLSv1.3,TLS_AES_128_GCM_SHA256,"{
  ""http"": null
}"
2026-08-31 18:09:50.000000 UTC,US,/packages/f2/eb/58d4e0eccdc7b3523c062d008ad9eef28edccf88591d1a78659c809fe6e8/duckdb-1.1.3-cp312-cp312-win_amd64.whl,duckdb,"{
  ""file"": {
    ""filename"": ""duckdb-1.1.3-cp312-cp312-win_amd64.whl"",
    ""project"": ""duckdb"",
    ""version"": ""1.1.3"",
    ""type"": ""bdist_wheel""
  }
}","{
  ""details"": {
    ""installer"": {
      ""name"": ""Bazel"",
      ""version"": ""9.2.0- (@non-git)"",
      ""subcommand"": null
    },
    ""python"": null,
    ""implementation"": null,
    ""distro"": null,
    ""system"": null,
    ""cpu"": null,
    ""openssl_version"": null,
    ""setuptools_version"": null,
    ""rustc_version"": null,
    ""ci"": null
  }
}",TLSv1.3,TLS_AES_128_GCM_SHA256,"{
  ""http"": null
}"
2026-08-31 18:05:00.000000 UTC,US,/packages/f2/eb/58d4e0eccdc7b3523c062d008ad9eef28edccf88591d1a78659c809fe6e8/duckdb-1.1.3-cp312-cp312-win_amd64.whl,duckdb,"{
  ""file"": {
    ""filename"": ""duckdb-1.1.3-cp312-cp312-win_amd64.whl"",
    ""project"": ""duckdb"",
    ""version"": ""1.1.3"",
    ""type"": ""bdist_wheel""
  }
}","{
  ""details"": {
    ""installer"": {
      ""name"": ""Bazel"",
      ""version"": ""9.2.0- (@non-git)"",
      ""subcommand"": null
    },
    ""python"": null,
    ""implementation"": null,
    ""distro"": null,
    ""system"": null,
    ""cpu"": null,
    ""openssl_version"": null,
    ""setuptools_version"": null,
    ""rustc_version"": null,
    ""ci"": null
  }
}",TLSv1.3,TLS_AES_128_GCM_SHA256,"{
  ""http"": null
}"
2026-08-31 18:06:40.000000 UTC,US,/packages/f2/eb/58d4e0eccdc7b3523c062d008ad9eef28edccf88591d1a78659c809fe6e8/duckdb-1.1.3-cp312-cp312-win_amd64.whl,duckdb,"{
  ""file"": {
    ""filename"": ""duckdb-1.1.3-cp312-cp312-win_amd64.whl"",
    ""project"": ""duckdb"",
    ""version"": ""1.1.3"",
    ""type"": ""bdist_wheel""
  }
}","{
  ""details"": {
    ""installer"": {
      ""name"": ""Bazel"",
      ""version"": ""9.2.0- (@non-git)"",
      ""subcommand"": null
    },
    ""python"": null,
    ""implementation"": null,
    ""distro"": null,
    ""system"": null,
    ""cpu"": null,
    ""openssl_version"": null,
    ""setuptools_version"": null,
    ""rustc_version"": null,
    ""ci"": null
  }
}",TLSv1.3,TLS_AES_128_GCM_SHA256,"{
  ""http"": null
}"
2026-08-31 18:00:42.000000 UTC,US,/packages/f2/eb/58d4e0eccdc7b3523c062d008ad9eef28edccf88591d1a78659c809fe6e8/duckdb-1.1.3-cp312-cp312-win_amd64.whl,duckdb,"{
  ""file"": {
    ""filename"": ""duckdb-1.1.3-cp312-cp312-win_amd64.whl"",
    ""project"": ""duckdb"",
    ""version"": ""1.1.3"",
    ""type"": ""bdist_wheel""
  }
}","{
  ""details"": {
    ""installer"": {
      ""name"": ""Bazel"",
      ""version"": ""9.2.0- (@non-git)"",
      ""subcommand"": null
    },
    ""python"": null,
    ""implementation"": null,
    ""distro"": null,
    ""system"": null,
    ""cpu"": null,
    ""openssl_version"": null,
    ""setuptools_version"": null,
    ""rustc_version"": null,
    ""ci"": null
  }
}",TLSv1.3,TLS_AES_128_GCM_SHA256,"{
  ""http"": null
}"
2026-08-31 18:06:16.000000 UTC,US,/packages/f2/eb/58d4e0eccdc7b3523c062d008ad9eef28edccf88591d1a78659c809fe6e8/duckdb-1.1.3-cp312-cp312-win_amd64.whl,duckdb,"{
  ""file"": {
    ""filename"": ""duckdb-1.1.3-cp312-cp312-win_amd64.whl"",
    ""project"": ""duckdb"",
    ""version"": ""1.1.3"",
    ""type"": ""bdist_wheel""
  }
}","{
  ""details"": {
    ""installer"": {
      ""name"": ""Bazel"",
      ""version"": ""9.2.0- (@non-git)"",
      ""subcommand"": null
    },
    ""python"": null,
    ""implementation"": null,
    ""distro"": null,
    ""system"": null,
    ""cpu"": null,
    ""openssl_version"": null,
    ""setuptools_version"": null,
    ""rustc_version"": null,
    ""ci"": null
  }
}",TLSv1.3,TLS_AES_128_GCM_SHA256,"{
  ""http"": null
}"
2026-08-31 18:08:26.000000 UTC,ES,/packages/f2/eb/58d4e0eccdc7b3523c062d008ad9eef28edccf88591d1a78659c809fe6e8/duckdb-1.1.3-cp312-cp312-win_amd64.whl,duckdb,"{
  ""file"": {
    ""filename"": ""duckdb-1.1.3-cp312-cp312-win_amd64.whl"",
    ""project"": ""duckdb"",
    ""version"": ""1.1.3"",
    ""type"": ""bdist_wheel""
  }
}","{
  ""details"": {
    ""installer"": {
      ""name"": ""pip"",
      ""version"": ""26.2.1"",
      ""subcommand"": null
    },
    ""python"": ""3.12.10"",
    ""implementation"": {
      ""name"": ""CPython"",
      ""version"": ""3.12.10""
    },
    ""distro"": null,
    ""system"": {
      ""name"": ""Windows"",
      ""release"": ""11""
    },
    ""cpu"": ""AMD64"",
    ""openssl_version"": ""OpenSSL 3.0.16 11 Feb 2025"",
    ""setuptools_version"": null,
    ""rustc_version"": null,
    ""ci"": null
  }
}",TLSv1.3,TLS_AES_128_GCM_SHA256,"{
  ""http"": null
}"
2026-08-31 18:05:20.000000 UTC,US,/packages/f2/eb/58d4e0eccdc7b3523c062d008ad9eef28edccf88591d1a78659c809fe6e8/duckdb-1.1.3-cp312-cp312-win_amd64.whl,duckdb,"{
  ""file"": {
    ""filename"": ""duckdb-1.1.3-cp312-cp312-win_amd64.whl"",
    ""project"": ""duckdb"",
    ""version"": ""1.1.3"",
    ""type"": ""bdist_wheel""
  }
}","{
  ""details"": {
    ""installer"": {
      ""name"": ""Bazel"",
      ""version"": ""9.2.0- (@non-git)"",
      ""subcommand"": null
    },
    ""python"": null,
    ""implementation"": null,
    ""distro"": null,
    ""system"": null,
    ""cpu"": null,
    ""openssl_version"": null,
    ""setuptools_version"": null,
    ""rustc_version"": null,
    ""ci"": null
  }
}",TLSv1.3,TLS_AES_128_GCM_SHA256,"{
  ""http"": null
}"
2026-08-31 18:05:09.000000 UTC,US,/packages/f2/eb/58d4e0eccdc7b3523c062d008ad9eef28edccf88591d1a78659c809fe6e8/duckdb-1.1.3-cp312-cp312-win_amd64.whl,duckdb,"{
  ""file"": {
    ""filename"": ""duckdb-1.1.3-cp312-cp312-win_amd64.whl"",
    ""project"": ""duckdb"",
    ""version"": ""1.1.3"",
    ""type"": ""bdist_wheel""
  }
}","{
  ""details"": {
    ""installer"": {
      ""name"": ""Bazel"",
      ""version"": ""9.2.0- (@non-git)"",
      ""subcommand"": null
    },
    ""python"": null,
    ""implementation"": null,
    ""distro"": null,
    ""system"": null,
    ""cpu"": null,
    ""openssl_version"": null,
    ""setuptools_version"": null,
    ""rustc_version"": null,
    ""ci"": null
  }
}",TLSv1.3,TLS_AES_128_GCM_SHA256,"{
  ""http"": null
}"
2026-08-31 18:06:49.000000 UTC,US,/packages/f2/eb/58d4e0eccdc7b3523c062d008ad9eef28edccf88591d1a78659c809fe6e8/duckdb-1.1.3-cp312-cp312-win_amd64.whl,duckdb,"{
  ""file"": {
    ""filename"": ""duckdb-1.1.3-cp312-cp312-win_amd64.whl"",
    ""project"": ""duckdb"",
    ""version"": ""1.1.3"",
    ""type"": ""bdist_wheel""
  }
}","{
  ""details"": {
    ""installer"": {
      ""name"": ""Bazel"",
      ""version"": ""9.2.0- (@non-git)"",
      ""subcommand"": null
    },
    ""python"": null,
    ""implementation"": null,
    ""distro"": null,
    ""system"": null,
    ""cpu"": null,
    ""openssl_version"": null,
    ""setuptools_version"": null,
    ""rustc_version"": null,
    ""ci"": null
  }
}",TLSv1.3,TLS_AES_128_GCM_SHA256,"{
  ""http"": null
}"
2026-08-31 18:06:27.000000 UTC,US,/packages/f2/eb/58d4e0eccdc7b3523c062d008ad9eef28edccf88591d1a78659c809fe6e8/duckdb-1.1.3-cp312-cp312-win_amd64.whl,duckdb,"{
  ""file"": {
    ""filename"": ""duckdb-1.1.3-cp312-cp312-win_amd64.whl"",
    ""project"": ""duckdb"",
    ""version"": ""1.1.3"",
    ""type"": ""bdist_wheel""
  }
}","{
  ""details"": {
    ""installer"": {
      ""name"": ""Bazel"",
      ""version"": ""9.2.0- (@non-git)"",
      ""subcommand"": null
    },
    ""python"": null,
    ""implementation"": null,
    ""distro"": null,
    ""system"": null,
    ""cpu"": null,
    ""openssl_version"": null,
    ""setuptools_version"": null,
    ""rustc_version"": null,
    ""ci"": null
  }
}",TLSv1.3,TLS_AES_128_GCM_SHA256,"{
  ""http"": null
}"
2026-08-31 18:04:54.000000 UTC,US,/packages/f2/eb/58d4e0eccdc7b3523c062d008ad9eef28edccf88591d1a78659c809fe6e8/duckdb-1.1.3-cp312-cp312-win_amd64.whl,duckdb,"{
  ""file"": {
    ""filename"": ""duckdb-1.1.3-cp312-cp312-win_amd64.whl"",
    ""project"": ""duckdb"",
    ""version"": ""1.1.3"",
    ""type"": ""bdist_wheel""
  }
}","{
  ""details"": {
    ""installer"": {
      ""name"": ""Bazel"",
      ""version"": ""9.2.0- (@non-git)"",
      ""subcommand"": null
    },
    ""python"": null,
    ""implementation"": null,
    ""distro"": null,
    ""system"": null,
    ""cpu"": null,
    ""openssl_version"": null,
    ""setuptools_version"": null,
    ""rustc_version"": null,
    ""ci"": null
  }
}",TLSv1.3,TLS_AES_128_GCM_SHA256,"{
  ""http"": null
}"
2026-08-31 18:08:23.000000 UTC,US,/packages/f2/eb/58d4e0eccdc7b3523c062d008ad9eef28edccf88591d1a78659c809fe6e8/duckdb-1.1.3-cp312-cp312-win_amd64.whl,duckdb,"{
  ""file"": {
    ""filename"": ""duckdb-1.1.3-cp312-cp312-win_amd64.whl"",
    ""project"": ""duckdb"",
    ""version"": ""1.1.3"",
    ""type"": ""bdist_wheel""
  }
}","{
  ""details"": {
    ""installer"": {
      ""name"": ""Bazel"",
      ""version"": ""9.2.0- (@non-git)"",
      ""subcommand"": null
    },
    ""python"": null,
    ""implementation"": null,
    ""distro"": null,
    ""system"": null,
    ""cpu"": null,
    ""openssl_version"": null,
    ""setuptools_version"": null,
    ""rustc_version"": null,
    ""ci"": null
  }
}",TLSv1.3,TLS_AES_128_GCM_SHA256,"{
  ""http"": null
}"
2026-08-31 18:05:26.000000 UTC,US,/packages/f2/eb/58d4e0eccdc7b3523c062d008ad9eef28edccf88591d1a78659c809fe6e8/duckdb-1.1.3-cp312-cp312-win_amd64.whl,duckdb,"{
  ""file"": {
    ""filename"": ""duckdb-1.1.3-cp312-cp312-win_amd64.whl"",
    ""project"": ""duckdb"",
    ""version"": ""1.1.3"",
    ""type"": ""bdist_wheel""
  }
}","{
  ""details"": {
    ""installer"": {
      ""name"": ""Bazel"",
      ""version"": ""9.2.0- (@non-git)"",
      ""subcommand"": null
    },
    ""python"": null,
    ""implementation"": null,
    ""distro"": null,
    ""system"": null,
    ""cpu"": null,
    ""openssl_version"": null,
    ""setuptools_version"": null,
    ""rustc_version"": null,
    ""ci"": null
  }
}",TLSv1.3,TLS_AES_128_GCM_SHA256,"{
  ""http"": null
}"
2026-08-31 18:05:54.000000 UTC,US,/packages/f2/eb/58d4e0eccdc7b3523c062d008ad9eef28edccf88591d1a78659c809fe6e8/duckdb-1.1.3-cp312-cp312-win_amd64.whl,duckdb,"{
  ""file"": {
    ""filename"": ""duckdb-1.1.3-cp312-cp312-win_amd64.whl"",
    ""project"": ""duckdb"",
    ""version"": ""1.1.3"",
    ""type"": ""bdist_wheel""
  }
}","{
  ""details"": {
    ""installer"": {
      ""name"": ""Bazel"",
      ""version"": ""9.2.0- (@non-git)"",
      ""subcommand"": null
    },
    ""python"": null,
    ""implementation"": null,
    ""distro"": null,
    ""system"": null,
    ""cpu"": null,
    ""openssl_version"": null,
    ""setuptools_version"": null,
    ""rustc_version"": null,
    ""ci"": null
  }
}",TLSv1.3,TLS_AES_128_GCM_SHA256,"{
  ""http"": null
}"
2026-08-31 18:08:51.000000 UTC,US,/packages/f2/eb/58d4e0eccdc7b3523c062d008ad9eef28edccf88591d1a78659c809fe6e8/duckdb-1.1.3-cp312-cp312-win_amd64.whl,duckdb,"{
  ""file"": {
    ""filename"": ""duckdb-1.1.3-cp312-cp312-win_amd64.whl"",
    ""project"": ""duckdb"",
    ""version"": ""1.1.3"",
    ""type"": ""bdist_wheel""
  }
}","{
  ""details"": {
    ""installer"": {
      ""name"": ""Bazel"",
      ""version"": ""9.2.0- (@non-git)"",
      ""subcommand"": null
    },
    ""python"": null,
    ""implementation"": null,
    ""distro"": null,
    ""system"": null,
    ""cpu"": null,
    ""openssl_version"": null,
    ""setuptools_version"": null,
    ""rustc_version"": null,
    ""ci"": null
  }
}",TLSv1.3,TLS_AES_128_GCM_SHA256,"{
  ""http"": null
}"
2026-08-31 18:00:20.000000 UTC,US,/packages/f2/eb/58d4e0eccdc7b3523c062d008ad9eef28edccf88591d1a78659c809fe6e8/duckdb-1.1.3-cp312-cp312-win_amd64.whl,duckdb,"{
  ""file"": {
    ""filename"": ""duckdb-1.1.3-cp312-cp312-win_amd64.whl"",
    ""project"": ""duckdb"",
    ""version"": ""1.1.3"",
    ""type"": ""bdist_wheel""
  }
}","{
  ""details"": {
    ""installer"": {
      ""name"": ""Bazel"",
      ""version"": ""9.2.0- (@non-git)"",
      ""subcommand"": null
    },
    ""python"": null,
    ""implementation"": null,
    ""distro"": null,
    ""system"": null,
    ""cpu"": null,
    ""openssl_version"": null,
    ""setuptools_version"": null,
    ""rustc_version"": null,
    ""ci"": null
  }
}",TLSv1.3,TLS_AES_128_GCM_SHA256,"{
  ""http"": null
}"
2026-08-31 18:08:44.000000 UTC,US,/packages/f2/eb/58d4e0eccdc7b3523c062d008ad9eef28edccf88591d1a78659c809fe6e8/duckdb-1.1.3-cp312-cp312-win_amd64.whl,duckdb,"{
  ""file"": {
    ""filename"": ""duckdb-1.1.3-cp312-cp312-win_amd64.whl"",
    ""project"": ""duckdb"",
    ""version"": ""1.1.3"",
    ""type"": ""bdist_wheel""
  }
}","{
  ""details"": {
    ""installer"": {
      ""name"": ""Bazel"",
      ""version"": ""9.2.0- (@non-git)"",
      ""subcommand"": null
    },
    ""python"": null,
    ""implementation"": null,
    ""distro"": null,
    ""system"": null,
    ""cpu"": null,
    ""openssl_version"": null,
    ""setuptools_version"": null,
    ""rustc_version"": null,
    ""ci"": null
  }
}",TLSv1.3,TLS_AES_128_GCM_SHA256,"{
  ""http"": null
}"
2026-08-31 18:05:00.000000 UTC,US,/packages/f2/eb/58d4e0eccdc7b3523c062d008ad9eef28edccf88591d1a78659c809fe6e8/duckdb-1.1.3-cp312-cp312-win_amd64.whl,duckdb,"{
  ""file"": {
    ""filename"": ""duckdb-1.1.3-cp312-cp312-win_amd64.whl"",
    ""project"": ""duckdb"",
    ""version"": ""1.1.3"",
    ""type"": ""bdist_wheel""
  }
}","{
  ""details"": {
    ""installer"": {
      ""name"": ""Bazel"",
      ""version"": ""9.2.0- (@non-git)"",
      ""subcommand"": null
    },
    ""python"": null,
    ""implementation"": null,
    ""distro"": null,
    ""system"": null,
    ""cpu"": null,
    ""openssl_version"": null,
    ""setuptools_version"": null,
    ""rustc_version"": null,
    ""ci"": null
  }
}",TLSv1.3,TLS_AES_128_GCM_SHA256,"{
  ""http"": null
}"
2026-08-31 18:05:12.000000 UTC,US,/packages/f2/eb/58d4e0eccdc7b3523c062d008ad9eef28edccf88591d1a78659c809fe6e8/duckdb-1.1.3-cp312-cp312-win_amd64.whl,duckdb,"{
  ""file"": {
    ""filename"": ""duckdb-1.1.3-cp312-cp312-win_amd64.whl"",
    ""project"": ""duckdb"",
    ""version"": ""1.1.3"",
    ""type"": ""bdist_wheel""
  }
}","{
  ""details"": {
    ""installer"": {
      ""name"": ""Bazel"",
      ""version"": ""9.2.0- (@non-git)"",
      ""subcommand"": null
    },
    ""python"": null,
    ""implementation"": null,
    ""distro"": null,
    ""system"": null,
    ""cpu"": null,
    ""openssl_version"": null,
    ""setuptools_version"": null,
    ""rustc_version"": null,
    ""ci"": null
  }
}",TLSv1.3,TLS_AES_128_GCM_SHA256,"{
  ""http"": null
}"
2026-08-31 18:05:22.000000 UTC,US,/packages/f2/eb/58d4e0eccdc7b3523c062d008ad9eef28edccf88591d1a78659c809fe6e8/duckdb-1.1.3-cp312-cp312-win_amd64.whl,duckdb,"{
  ""file"": {
    ""filename"": ""duckdb-1.1.3-cp312-cp312-win_amd64.whl"",
    ""project"": ""duckdb"",
    ""version"": ""1.1.3"",
    ""type"": ""bdist_wheel""
  }
}","{
  ""details"": {
    ""installer"": {
      ""name"": ""Bazel"",
      ""version"": ""9.2.0- (@non-git)"",
      ""subcommand"": null
    },
    ""python"": null,
    ""implementation"": null,
    ""distro"": null,
    ""system"": null,
    ""cpu"": null,
    ""openssl_version"": null,
    ""setuptools_version"": null,
    ""rustc_version"": null,
    ""ci"": null
  }
}",TLSv1.3,TLS_AES_128_GCM_SHA256,"{
  ""http"": null
}"
2026-08-31 18:01:48.000000 UTC,US,/packages/f2/eb/58d4e0eccdc7b3523c062d008ad9eef28edccf88591d1a78659c809fe6e8/duckdb-1.1.3-cp312-cp312-win_amd64.whl,duckdb,"{
  ""file"": {
    ""filename"": ""duckdb-1.1.3-cp312-cp312-win_amd64.whl"",
    ""project"": ""duckdb"",
    ""version"": ""1.1.3"",
    ""type"": ""bdist_wheel""
  }
}","{
  ""details"": {
    ""installer"": {
      ""name"": ""Bazel"",
      ""version"": ""9.2.0- (@non-git)"",
      ""subcommand"": null
    },
    ""python"": null,
    ""implementation"": null,
    ""distro"": null,
    ""system"": null,
    ""cpu"": null,
    ""openssl_version"": null,
    ""setuptools_version"": null,
    ""rustc_version"": null,
    ""ci"": null
  }
}",TLSv1.3,TLS_AES_128_GCM_SHA256,"{
  ""http"": null
}"
2026-08-31 18:07:45.000000 UTC,US,/packages/f2/eb/58d4e0eccdc7b3523c062d008ad9eef28edccf88591d1a78659c809fe6e8/duckdb-1.1.3-cp312-cp312-win_amd64.whl,duckdb,"{
  ""file"": {
    ""filename"": ""duckdb-1.1.3-cp312-cp312-win_amd64.whl"",
    ""project"": ""duckdb"",
    ""version"": ""1.1.3"",
    ""type"": ""bdist_wheel""
  }
}","{
  ""details"": {
    ""installer"": {
      ""name"": ""Bazel"",
      ""version"": ""9.2.0- (@non-git)"",
      ""subcommand"": null
    },
    ""python"": null,
    ""implementation"": null,
    ""distro"": null,
    ""system"": null,
    ""cpu"": null,
    ""openssl_version"": null,
    ""setuptools_version"": null,
    ""rustc_version"": null,
    ""ci"": null
  }
}",TLSv1.3,TLS_AES_128_GCM_SHA256,"{
  ""http"": null
}"
2026-08-31 18:05:10.000000 UTC,US,/packages/f2/eb/58d4e0eccdc7b3523c062d008ad9eef28edccf88591d1a78659c809fe6e8/duckdb-1.1.3-cp312-cp312-win_amd64.whl,duckdb,"{
  ""file"": {
    ""filename"": ""duckdb-1.1.3-cp312-cp312-win_amd64.whl"",
    ""project"": ""duckdb"",
    ""version"": ""1.1.3"",
    ""type"": ""bdist_wheel""
  }
}","{
  ""details"": {
    ""installer"": {
      ""name"": ""Bazel"",
      ""version"": ""9.2.0- (@non-git)"",
      ""subcommand"": null
    },
    ""python"": null,
    ""implementation"": null,
    ""distro"": null,
    ""system"": null,
    ""cpu"": null,
    ""openssl_version"": null,
    ""setuptools_version"": null,
    ""rustc_version"": null,
    ""ci"": null
  }
}",TLSv1.3,TLS_AES_128_GCM_SHA256,"{
  ""http"": null
}"
2026-08-31 18:05:11.000000 UTC,US,/packages/f2/eb/58d4e0eccdc7b3523c062d008ad9eef28edccf88591d1a78659c809fe6e8/duckdb-1.1.3-cp312-cp312-win_amd64.whl,duckdb,"{
  ""file"": {
    ""filename"": ""duckdb-1.1.3-cp312-cp312-win_amd64.whl"",
    ""project"": ""duckdb"",
    ""version"": ""1.1.3"",
    ""type"": ""bdist_wheel""
  }
}","{
  ""details"": {
    ""installer"": {
      ""name"": ""Bazel"",
      ""version"": ""9.2.0- (@non-git)"",
      ""subcommand"": null
    },
    ""python"": null,
    ""implementation"": null,
    ""distro"": null,
    ""system"": null,
    ""cpu"": null,
    ""openssl_version"": null,
    ""setuptools_version"": null,
    ""rustc_version"": null,
    ""ci"": null
  }
}",TLSv1.3,TLS_AES_128_GCM_SHA256,"{
  ""http"": null
}"
2026-08-31 18:04:56.000000 UTC,US,/packages/81/d1/2462492531d4715b2ede272a26519b37f21cf3f8c85b3eb88da5b7be81d8/duckdb-1.1.3-cp313-cp313-macosx_12_0_arm64.whl,duckdb,"{
  ""file"": {
    ""filename"": ""duckdb-1.1.3-cp313-cp313-macosx_12_0_arm64.whl"",
    ""project"": ""duckdb"",
    ""version"": ""1.1.3"",
    ""type"": ""bdist_wheel""
  }
}","{
  ""details"": {
    ""installer"": {
      ""name"": ""Bazel"",
      ""version"": ""9.2.0- (@non-git)"",
      ""subcommand"": null
    },
    ""python"": null,
    ""implementation"": null,
    ""distro"": null,
    ""system"": null,
    ""cpu"": null,
    ""openssl_version"": null,
    ""setuptools_version"": null,
    ""rustc_version"": null,
    ""ci"": null
  }
}",TLSv1.3,TLS_AES_128_GCM_SHA256,"{
  ""http"": null
}"
2026-08-31 18:00:42.000000 UTC,US,/packages/81/d1/2462492531d4715b2ede272a26519b37f21cf3f8c85b3eb88da5b7be81d8/duckdb-1.1.3-cp313-cp313-macosx_12_0_arm64.whl,duckdb,"{
  ""file"": {
    ""filename"": ""duckdb-1.1.3-cp313-cp313-macosx_12_0_arm64.whl"",
    ""project"": ""duckdb"",
    ""version"": ""1.1.3"",
    ""type"": ""bdist_wheel""
  }
}","{
  ""details"": {
    ""installer"": {
      ""name"": ""Bazel"",
      ""version"": ""9.2.0- (@non-git)"",
      ""subcommand"": null
    },
    ""python"": null,
    ""implementation"": null,
    ""distro"": null,
    ""system"": null,
    ""cpu"": null,
    ""openssl_version"": null,
    ""setuptools_version"": null,
    ""rustc_version"": null,
    ""ci"": null
  }
}",TLSv1.3,TLS_AES_128_GCM_SHA256,"{
  ""http"": null
}"
2026-08-31 18:00:21.000000 UTC,US,/packages/81/d1/2462492531d4715b2ede272a26519b37f21cf3f8c85b3eb88da5b7be81d8/duckdb-1.1.3-cp313-cp313-macosx_12_0_arm64.whl,duckdb,"{
  ""file"": {
    ""filename"": ""duckdb-1.1.3-cp313-cp313-macosx_12_0_arm64.whl"",
    ""project"": ""duckdb"",
    ""version"": ""1.1.3"",
    ""type"": ""bdist_wheel""
  }
}","{
  ""details"": {
    ""installer"": {
      ""name"": ""Bazel"",
      ""version"": ""9.2.0- (@non-git)"",
      ""subcommand"": null
    },
    ""python"": null,
    ""implementation"": null,
    ""distro"": null,
    ""system"": null,
    ""cpu"": null,
    ""openssl_version"": null,
    ""setuptools_version"": null,
    ""rustc_version"": null,
    ""ci"": null
  }
}",TLSv1.3,TLS_AES_128_GCM_SHA256,"{
  ""http"": null
}"
2026-08-31 18:05:27.000000 UTC,US,/packages/81/d1/2462492531d4715b2ede272a26519b37f21cf3f8c85b3eb88da5b7be81d8/duckdb-1.1.3-cp313-cp313-macosx_12_0_arm64.whl,duckdb,"{
  ""file"": {
    ""filename"": ""duckdb-1.1.3-cp313-cp313-macosx_12_0_arm64.whl"",
    ""project"": ""duckdb"",
    ""version"": ""1.1.3"",
    ""type"": ""bdist_wheel""
  }
}","{
  ""details"": {
    ""installer"": {
      ""name"": ""Bazel"",
      ""version"": ""9.2.0- (@non-git)"",
      ""subcommand"": null
    },
    ""python"": null,
    ""implementation"": null,
    ""distro"": null,
    ""system"": null,
    ""cpu"": null,
    ""openssl_version"": null,
    ""setuptools_version"": null,
    ""rustc_version"": null,
    ""ci"": null
  }
}",TLSv1.3,TLS_AES_128_GCM_SHA256,"{
  ""http"": null
}"
2026-08-31 18:08:51.000000 UTC,US,/packages/81/d1/2462492531d4715b2ede272a26519b37f21cf3f8c85b3eb88da5b7be81d8/duckdb-1.1.3-cp313-cp313-macosx_12_0_arm64.whl,duckdb,"{
  ""file"": {
    ""filename"": ""duckdb-1.1.3-cp313-cp313-macosx_12_0_arm64.whl"",
    ""project"": ""duckdb"",
    ""version"": ""1.1.3"",
    ""type"": ""bdist_wheel""
  }
}","{
  ""details"": {
    ""installer"": {
      ""name"": ""Bazel"",
      ""version"": ""9.2.0- (@non-git)"",
      ""subcommand"": null
    },
    ""python"": null,
    ""implementation"": null,
    ""distro"": null,
    ""system"": null,
    ""cpu"": null,
    ""openssl_version"": null,
    ""setuptools_version"": null,
    ""rustc_version"": null,
    ""ci"": null
  }
}",TLSv1.3,TLS_AES_128_GCM_SHA256,"{
  ""http"": null
}"
2026-08-31 18:06:17.000000 UTC,US,/packages/81/d1/2462492531d4715b2ede272a26519b37f21cf3f8c85b3eb88da5b7be81d8/duckdb-1.1.3-cp313-cp313-macosx_12_0_arm64.whl,duckdb,"{
  ""file"": {
    ""filename"": ""duckdb-1.1.3-cp313-cp313-macosx_12_0_arm64.whl"",
    ""project"": ""duckdb"",
    ""version"": ""1.1.3"",
    ""type"": ""bdist_wheel""
  }
}","{
  ""details"": {
    ""installer"": {
      ""name"": ""Bazel"",
      ""version"": ""9.2.0- (@non-git)"",
      ""subcommand"": null
    },
    ""python"": null,
    ""implementation"": null,
    ""distro"": null,
    ""system"": null,
    ""cpu"": null,
    ""openssl_version"": null,
    ""setuptools_version"": null,
    ""rustc_version"": null,
    ""ci"": null
  }
}",TLSv1.3,TLS_AES_128_GCM_SHA256,"{
  ""http"": null
}"
2026-08-31 18:05:11.000000 UTC,US,/packages/81/d1/2462492531d4715b2ede272a26519b37f21cf3f8c85b3eb88da5b7be81d8/duckdb-1.1.3-cp313-cp313-macosx_12_0_arm64.whl,duckdb,"{
  ""file"": {
    ""filename"": ""duckdb-1.1.3-cp313-cp313-macosx_12_0_arm64.whl"",
    ""project"": ""duckdb"",
    ""version"": ""1.1.3"",
    ""type"": ""bdist_wheel""
  }
}","{
  ""details"": {
    ""installer"": {
      ""name"": ""Bazel"",
      ""version"": ""9.2.0- (@non-git)"",
      ""subcommand"": null
    },
    ""python"": null,
    ""implementation"": null,
    ""distro"": null,
    ""system"": null,
    ""cpu"": null,
    ""openssl_version"": null,
    ""setuptools_version"": null,
    ""rustc_version"": null,
    ""ci"": null
  }
}",TLSv1.3,TLS_AES_128_GCM_SHA256,"{
  ""http"": null
}"
2026-08-31 18:08:23.000000 UTC,US,/packages/81/d1/2462492531d4715b2ede272a26519b37f21cf3f8c85b3eb88da5b7be81d8/duckdb-1.1.3-cp313-cp313-macosx_12_0_arm64.whl,duckdb,"{
  ""file"": {
    ""filename"": ""duckdb-1.1.3-cp313-cp313-macosx_12_0_arm64.whl"",
    ""project"": ""duckdb"",
    ""version"": ""1.1.3"",
    ""type"": ""bdist_wheel""
  }
}","{
  ""details"": {
    ""installer"": {
      ""name"": ""Bazel"",
      ""version"": ""9.2.0- (@non-git)"",
      ""subcommand"": null
    },
    ""python"": null,
    ""implementation"": null,
    ""distro"": null,
    ""system"": null,
    ""cpu"": null,
    ""openssl_version"": null,
    ""setuptools_version"": null,
    ""rustc_version"": null,
    ""ci"": null
  }
}",TLSv1.3,TLS_AES_128_GCM_SHA256,"{
  ""http"": null
}"
2026-08-31 18:05:55.000000 UTC,US,/packages/81/d1/2462492531d4715b2ede272a26519b37f21cf3f8c85b3eb88da5b7be81d8/duckdb-1.1.3-cp313-cp313-macosx_12_0_arm64.whl,duckdb,"{
  ""file"": {
    ""filename"": ""duckdb-1.1.3-cp313-cp313-macosx_12_0_arm64.whl"",
    ""project"": ""duckdb"",
    ""version"": ""1.1.3"",
    ""type"": ""bdist_wheel""
  }
}","{
  ""details"": {
    ""installer"": {
      ""name"": ""Bazel"",
      ""version"": ""9.2.0- (@non-git)"",
      ""subcommand"": null
    },
    ""python"": null,
    ""implementation"": null,
    ""distro"": null,
    ""system"": null,
    ""cpu"": null,
    ""openssl_version"": null,
    ""setuptools_version"": null,
    ""rustc_version"": null,
    ""ci"": null
  }
}",TLSv1.3,TLS_AES_128_GCM_SHA256,"{
  ""http"": null
}"
2026-08-31 18:05:01.000000 UTC,US,/packages/81/d1/2462492531d4715b2ede272a26519b37f21cf3f8c85b3eb88da5b7be81d8/duckdb-1.1.3-cp313-cp313-macosx_12_0_arm64.whl,duckdb,"{
  ""file"": {
    ""filename"": ""duckdb-1.1.3-cp313-cp313-macosx_12_0_arm64.whl"",
    ""project"": ""duckdb"",
    ""version"": ""1.1.3"",
    ""type"": ""bdist_wheel""
  }
}","{
  ""details"": {
    ""installer"": {
      ""name"": ""Bazel"",
      ""version"": ""9.2.0- (@non-git)"",
      ""subcommand"": null
    },
    ""python"": null,
    ""implementation"": null,
    ""distro"": null,
    ""system"": null,
    ""cpu"": null,
    ""openssl_version"": null,
    ""setuptools_version"": null,
    ""rustc_version"": null,
    ""ci"": null
  }
}",TLSv1.3,TLS_AES_128_GCM_SHA256,"{
  ""http"": null
}"
2026-08-31 18:05:02.000000 UTC,US,/packages/81/d1/2462492531d4715b2ede272a26519b37f21cf3f8c85b3eb88da5b7be81d8/duckdb-1.1.3-cp313-cp313-macosx_12_0_arm64.whl,duckdb,"{
  ""file"": {
    ""filename"": ""duckdb-1.1.3-cp313-cp313-macosx_12_0_arm64.whl"",
    ""project"": ""duckdb"",
    ""version"": ""1.1.3"",
    ""type"": ""bdist_wheel""
  }
}","{
  ""details"": {
    ""installer"": {
      ""name"": ""Bazel"",
      ""version"": ""9.2.0- (@non-git)"",
      ""subcommand"": null
    },
    ""python"": null,
    ""implementation"": null,
    ""distro"": null,
    ""system"": null,
    ""cpu"": null,
    ""openssl_version"": null,
    ""setuptools_version"": null,
    ""rustc_version"": null,
    ""ci"": null
  }
}",TLSv1.3,TLS_AES_128_GCM_SHA256,"{
  ""http"": null
}"
2026-08-31 18:06:28.000000 UTC,US,/packages/81/d1/2462492531d4715b2ede272a26519b37f21cf3f8c85b3eb88da5b7be81d8/duckdb-1.1.3-cp313-cp313-macosx_12_0_arm64.whl,duckdb,"{
  ""file"": {
    ""filename"": ""duckdb-1.1.3-cp313-cp313-macosx_12_0_arm64.whl"",
    ""project"": ""duckdb"",
    ""version"": ""1.1.3"",
    ""type"": ""bdist_wheel""
  }
}","{
  ""details"": {
    ""installer"": {
      ""name"": ""Bazel"",
      ""version"": ""9.2.0- (@non-git)"",
      ""subcommand"": null
    },
    ""python"": null,
    ""implementation"": null,
    ""distro"": null,
    ""system"": null,
    ""cpu"": null,
    ""openssl_version"": null,
    ""setuptools_version"": null,
    ""rustc_version"": null,
    ""ci"": null
  }
}",TLSv1.3,TLS_AES_128_GCM_SHA256,"{
  ""http"": null
}"
2026-08-31 18:08:45.000000 UTC,US,/packages/81/d1/2462492531d4715b2ede272a26519b37f21cf3f8c85b3eb88da5b7be81d8/duckdb-1.1.3-cp313-cp313-macosx_12_0_arm64.whl,duckdb,"{
  ""file"": {
    ""filename"": ""duckdb-1.1.3-cp313-cp313-macosx_12_0_arm64.whl"",
    ""project"": ""duckdb"",
    ""version"": ""1.1.3"",
    ""type"": ""bdist_wheel""
  }
}","{
  ""details"": {
    ""installer"": {
      ""name"": ""Bazel"",
      ""version"": ""9.2.0- (@non-git)"",
      ""subcommand"": null
    },
    ""python"": null,
    ""implementation"": null,
    ""distro"": null,
    ""system"": null,
    ""cpu"": null,
    ""openssl_version"": null,
    ""setuptools_version"": null,
    ""rustc_version"": null,
    ""ci"": null
  }
}",TLSv1.3,TLS_AES_128_GCM_SHA256,"{
  ""http"": null
}"
2026-08-31 18:05:23.000000 UTC,US,/packages/81/d1/2462492531d4715b2ede272a26519b37f21cf3f8c85b3eb88da5b7be81d8/duckdb-1.1.3-cp313-cp313-macosx_12_0_arm64.whl,duckdb,"{
  ""file"": {
    ""filename"": ""duckdb-1.1.3-cp313-cp313-macosx_12_0_arm64.whl"",
    ""project"": ""duckdb"",
    ""version"": ""1.1.3"",
    ""type"": ""bdist_wheel""
  }
}","{
  ""details"": {
    ""installer"": {
      ""name"": ""Bazel"",
      ""version"": ""9.2.0- (@non-git)"",
      ""subcommand"": null
    },
    ""python"": null,
    ""implementation"": null,
    ""distro"": null,
    ""system"": null,
    ""cpu"": null,
    ""openssl_version"": null,
    ""setuptools_version"": null,
    ""rustc_version"": null,
    ""ci"": null
  }
}",TLSv1.3,TLS_AES_128_GCM_SHA256,"{
  ""http"": null
}"
2026-08-31 18:05:39.000000 UTC,US,/packages/81/d1/2462492531d4715b2ede272a26519b37f21cf3f8c85b3eb88da5b7be81d8/duckdb-1.1.3-cp313-cp313-macosx_12_0_arm64.whl,duckdb,"{
  ""file"": {
    ""filename"": ""duckdb-1.1.3-cp313-cp313-macosx_12_0_arm64.whl"",
    ""project"": ""duckdb"",
    ""version"": ""1.1.3"",
    ""type"": ""bdist_wheel""
  }
}","{
  ""details"": {
    ""installer"": {
      ""name"": ""Bazel"",
      ""version"": ""9.2.0- (@non-git)"",
      ""subcommand"": null
    },
    ""python"": null,
    ""implementation"": null,
    ""distro"": null,
    ""system"": null,
    ""cpu"": null,
    ""openssl_version"": null,
    ""setuptools_version"": null,
    ""rustc_version"": null,
    ""ci"": null
  }
}",TLSv1.3,TLS_AES_128_GCM_SHA256,"{
  ""http"": null
}"
2026-08-31 18:09:51.000000 UTC,US,/packages/81/d1/2462492531d4715b2ede272a26519b37f21cf3f8c85b3eb88da5b7be81d8/duckdb-1.1.3-cp313-cp313-macosx_12_0_arm64.whl,duckdb,"{
  ""file"": {
    ""filename"": ""duckdb-1.1.3-cp313-cp313-macosx_12_0_arm64.whl"",
    ""project"": ""duckdb"",
    ""version"": ""1.1.3"",
    ""type"": ""bdist_wheel""
  }
}","{
  ""details"": {
    ""installer"": {
      ""name"": ""Bazel"",
      ""version"": ""9.2.0- (@non-git)"",
      ""subcommand"": null
    },
    ""python"": null,
    ""implementation"": null,
    ""distro"": null,
    ""system"": null,
    ""cpu"": null,
    ""openssl_version"": null,
    ""setuptools_version"": null,
    ""rustc_version"": null,
    ""ci"": null
  }
}",TLSv1.3,TLS_AES_128_GCM_SHA256,"{
  ""http"": null
}"
2026-08-31 18:05:00.000000 UTC,US,/packages/81/d1/2462492531d4715b2ede272a26519b37f21cf3f8c85b3eb88da5b7be81d8/duckdb-1.1.3-cp313-cp313-macosx_12_0_arm64.whl,duckdb,"{
  ""file"": {
    ""filename"": ""duckdb-1.1.3-cp313-cp313-macosx_12_0_arm64.whl"",
    ""project"": ""duckdb"",
    ""version"": ""1.1.3"",
    ""type"": ""bdist_wheel""
  }
}","{
  ""details"": {
    ""installer"": {
      ""name"": ""Bazel"",
      ""version"": ""9.2.0- (@non-git)"",
      ""subcommand"": null
    },
    ""python"": null,
    ""implementation"": null,
    ""distro"": null,
    ""system"": null,
    ""cpu"": null,
    ""openssl_version"": null,
    ""setuptools_version"": null,
    ""rustc_version"": null,
    ""ci"": null
  }
}",TLSv1.3,TLS_AES_128_GCM_SHA256,"{
  ""http"": null
}"
2026-08-31 18:06:40.000000 UTC,US,/packages/81/d1/2462492531d4715b2ede272a26519b37f21cf3f8c85b3eb88da5b7be81d8/duckdb-1.1.3-cp313-cp313-macosx_12_0_arm64.whl,duckdb,"{
  ""file"": {
    ""filename"": ""duckdb-1.1.3-cp313-cp313-macosx_12_0_arm64.whl"",
    ""project"": ""duckdb"",
    ""version"": ""1.1.3"",
    ""type"": ""bdist_wheel""
  }
}","{
  ""details"": {
    ""installer"": {
      ""name"": ""Bazel"",
      ""version"": ""9.2.0- (@non-git)"",
      ""subcommand"": null
    },
    ""python"": null,
    ""implementation"": null,
    ""distro"": null,
    ""system"": null,
    ""cpu"": null,
    ""openssl_version"": null,
    ""setuptools_version"": null,
    ""rustc_version"": null,
    ""ci"": null
  }
}",TLSv1.3,TLS_AES_128_GCM_SHA256,"{
  ""http"": null
}"
2026-08-31 18:05:13.000000 UTC,US,/packages/81/d1/2462492531d4715b2ede272a26519b37f21cf3f8c85b3eb88da5b7be81d8/duckdb-1.1.3-cp313-cp313-macosx_12_0_arm64.whl,duckdb,"{
  ""file"": {
    ""filename"": ""duckdb-1.1.3-cp313-cp313-macosx_12_0_arm64.whl"",
    ""project"": ""duckdb"",
    ""version"": ""1.1.3"",
    ""type"": ""bdist_wheel""
  }
}","{
  ""details"": {
    ""installer"": {
      ""name"": ""Bazel"",
      ""version"": ""9.2.0- (@non-git)"",
      ""subcommand"": null
    },
    ""python"": null,
    ""implementation"": null,
    ""distro"": null,
    ""system"": null,
    ""cpu"": null,
    ""openssl_version"": null,
    ""setuptools_version"": null,
    ""rustc_version"": null,
    ""ci"": null
  }
}",TLSv1.3,TLS_AES_128_GCM_SHA256,"{
  ""http"": null
}"
2026-08-31 18:06:50.000000 UTC,US,/packages/81/d1/2462492531d4715b2ede272a26519b37f21cf3f8c85b3eb88da5b7be81d8/duckdb-1.1.3-cp313-cp313-macosx_12_0_arm64.whl,duckdb,"{
  ""file"": {
    ""filename"": ""duckdb-1.1.3-cp313-cp313-macosx_12_0_arm64.whl"",
    ""project"": ""duckdb"",
    ""version"": ""1.1.3"",
    ""type"": ""bdist_wheel""
  }
}","{
  ""details"": {
    ""installer"": {
      ""name"": ""Bazel"",
      ""version"": ""9.2.0- (@non-git)"",
      ""subcommand"": null
    },
    ""python"": null,
    ""implementation"": null,
    ""distro"": null,
    ""system"": null,
    ""cpu"": null,
    ""openssl_version"": null,
    ""setuptools_version"": null,
    ""rustc_version"": null,
    ""ci"": null
  }
}",TLSv1.3,TLS_AES_128_GCM_SHA256,"{
  ""http"": null
}"
2026-08-31 18:07:45.000000 UTC,US,/packages/81/d1/2462492531d4715b2ede272a26519b37f21cf3f8c85b3eb88da5b7be81d8/duckdb-1.1.3-cp313-cp313-macosx_12_0_arm64.whl,duckdb,"{
  ""file"": {
    ""filename"": ""duckdb-1.1.3-cp313-cp313-macosx_12_0_arm64.whl"",
    ""project"": ""duckdb"",
    ""version"": ""1.1.3"",
    ""type"": ""bdist_wheel""
  }
}","{
  ""details"": {
    ""installer"": {
      ""name"": ""Bazel"",
      ""version"": ""9.2.0- (@non-git)"",
      ""subcommand"": null
    },
    ""python"": null,
    ""implementation"": null,
    ""distro"": null,
    ""system"": null,
    ""cpu"": null,
    ""openssl_version"": null,
    ""setuptools_version"": null,
    ""rustc_version"": null,
    ""ci"": null
  }
}",TLSv1.3,TLS_AES_128_GCM_SHA256,"{
  ""http"": null
}"
2026-08-31 18:05:10.000000 UTC,US,/packages/81/d1/2462492531d4715b2ede272a26519b37f21cf3f8c85b3eb88da5b7be81d8/duckdb-1.1.3-cp313-cp313-macosx_12_0_arm64.whl,duckdb,"{
  ""file"": {
    ""filename"": ""duckdb-1.1.3-cp313-cp313-macosx_12_0_arm64.whl"",
    ""project"": ""duckdb"",
    ""version"": ""1.1.3"",
    ""type"": ""bdist_wheel""
  }
}","{
  ""details"": {
    ""installer"": {
      ""name"": ""Bazel"",
      ""version"": ""9.2.0- (@non-git)"",
      ""subcommand"": null
    },
    ""python"": null,
    ""implementation"": null,
    ""distro"": null,
    ""system"": null,
    ""cpu"": null,
    ""openssl_version"": null,
    ""setuptools_version"": null,
    ""rustc_version"": null,
    ""ci"": null
  }
}",TLSv1.3,TLS_AES_128_GCM_SHA256,"{
  ""http"": null
}"
2026-08-31 18:05:12.000000 UTC,US,/packages/81/d1/2462492531d4715b2ede272a26519b37f21cf3f8c85b3eb88da5b7be81d8/duckdb-1.1.3-cp313-cp313-macosx_12_0_arm64.whl,duckdb,"{
  ""file"": {
    ""filename"": ""duckdb-1.1.3-cp313-cp313-macosx_12_0_arm64.whl"",
    ""project"": ""duckdb"",
    ""version"": ""1.1.3"",
    ""type"": ""bdist_wheel""
  }
}","{
  ""details"": {
    ""installer"": {
      ""name"": ""Bazel"",
      ""version"": ""9.2.0- (@non-git)"",
      ""subcommand"": null
    },
    ""python"": null,
    ""implementation"": null,
    ""distro"": null,
    ""system"": null,
    ""cpu"": null,
    ""openssl_version"": null,
    ""setuptools_version"": null,
    ""rustc_version"": null,
    ""ci"": null
  }
}",TLSv1.3,TLS_AES_128_GCM_SHA256,"{
  ""http"": null
}"
2026-08-31 18:05:20.000000 UTC,US,/packages/81/d1/2462492531d4715b2ede272a26519b37f21cf3f8c85b3eb88da5b7be81d8/duckdb-1.1.3-cp313-cp313-macosx_12_0_arm64.whl,duckdb,"{
  ""file"": {
    ""filename"": ""duckdb-1.1.3-cp313-cp313-macosx_12_0_arm64.whl"",
    ""project"": ""duckdb"",
    ""version"": ""1.1.3"",
    ""type"": ""bdist_wheel""
  }
}","{
  ""details"": {
    ""installer"": {
      ""name"": ""Bazel"",
      ""version"": ""9.2.0- (@non-git)"",
      ""subcommand"": null
    },
    ""python"": null,
    ""implementation"": null,
    ""distro"": null,
    ""system"": null,
    ""cpu"": null,
    ""openssl_version"": null,
    ""setuptools_version"": null,
    ""rustc_version"": null,
    ""ci"": null
  }
}",TLSv1.3,TLS_AES_128_GCM_SHA256,"{
  ""http"": null
}"
2026-08-31 18:01:50.000000 UTC,US,/packages/81/d1/2462492531d4715b2ede272a26519b37f21cf3f8c85b3eb88da5b7be81d8/duckdb-1.1.3-cp313-cp313-macosx_12_0_arm64.whl,duckdb,"{
  ""file"": {
    ""filename"": ""duckdb-1.1.3-cp313-cp313-macosx_12_0_arm64.whl"",
    ""project"": ""duckdb"",
    ""version"": ""1.1.3"",
    ""type"": ""bdist_wheel""
  }
}","{
  ""details"": {
    ""installer"": {
      ""name"": ""Bazel"",
      ""version"": ""9.2.0- (@non-git)"",
      ""subcommand"": null
    },
    ""python"": null,
    ""implementation"": null,
    ""distro"": null,
    ""system"": null,
    ""cpu"": null,
    ""openssl_version"": null,
    ""setuptools_version"": null,
    ""rustc_version"": null,
    ""ci"": null
  }
}",TLSv1.3,TLS_AES_128_GCM_SHA256,"{
  ""http"": null
}"
2026-08-31 18:08:30.000000 UTC,US,/packages/81/d1/2462492531d4715b2ede272a26519b37f21cf3f8c85b3eb88da5b7be81d8/duckdb-1.1.3-cp313-cp313-macosx_12_0_arm64.whl,duckdb,"{
  ""file"": {
    ""filename"": ""duckdb-1.1.3-cp313-cp313-macosx_12_0_arm64.whl"",
    ""project"": ""duckdb"",
    ""version"": ""1.1.3"",
    ""type"": ""bdist_wheel""
  }
}","{
  ""details"": {
    ""installer"": {
      ""name"": ""Bazel"",
      ""version"": ""9.2.0- (@non-git)"",
      ""subcommand"": null
    },
    ""python"": null,
    ""implementation"": null,
    ""distro"": null,
    ""system"": null,
    ""cpu"": null,
    ""openssl_version"": null,
    ""setuptools_version"": null,
    ""rustc_version"": null,
    ""ci"": null
  }
}",TLSv1.3,TLS_AES_128_GCM_SHA256,"{
  ""http"": null
}"
2026-08-31 18:00:21.000000 UTC,US,/packages/af/a5/ec595aa223b911a62f24393908a8eaf8e0ed1c7c07eca5008f22aab070bc/duckdb-1.1.3-cp313-cp313-macosx_12_0_universal2.whl,duckdb,"{
  ""file"": {
    ""filename"": ""duckdb-1.1.3-cp313-cp313-macosx_12_0_universal2.whl"",
    ""project"": ""duckdb"",
    ""version"": ""1.1.3"",
    ""type"": ""bdist_wheel""
  }
}","{
  ""details"": {
    ""installer"": {
      ""name"": ""Bazel"",
      ""version"": ""9.2.0- (@non-git)"",
      ""subcommand"": null
    },
    ""python"": null,
    ""implementation"": null,
    ""distro"": null,
    ""system"": null,
    ""cpu"": null,
    ""openssl_version"": null,
    ""setuptools_version"": null,
    ""rustc_version"": null,
    ""ci"": null
  }
}",TLSv1.3,TLS_AES_128_GCM_SHA256,"{
  ""http"": null
}"
2026-08-31 18:05:13.000000 UTC,US,/packages/af/a5/ec595aa223b911a62f24393908a8eaf8e0ed1c7c07eca5008f22aab070bc/duckdb-1.1.3-cp313-cp313-macosx_12_0_universal2.whl,duckdb,"{
  ""file"": {
    ""filename"": ""duckdb-1.1.3-cp313-cp313-macosx_12_0_universal2.whl"",
    ""project"": ""duckdb"",
    ""version"": ""1.1.3"",
    ""type"": ""bdist_wheel""
  }
}","{
  ""details"": {
    ""installer"": {
      ""name"": ""Bazel"",
      ""version"": ""9.2.0- (@non-git)"",
      ""subcommand"": null
    },
    ""python"": null,
    ""implementation"": null,
    ""distro"": null,
    ""system"": null,
    ""cpu"": null,
    ""openssl_version"": null,
    ""setuptools_version"": null,
    ""rustc_version"": null,
    ""ci"": null
  }
}",TLSv1.3,TLS_AES_128_GCM_SHA256,"{
  ""http"": null
}"
2026-08-31 18:06:18.000000 UTC,US,/packages/af/a5/ec595aa223b911a62f24393908a8eaf8e0ed1c7c07eca5008f22aab070bc/duckdb-1.1.3-cp313-cp313-macosx_12_0_universal2.whl,duckdb,"{
  ""file"": {
    ""filename"": ""duckdb-1.1.3-cp313-cp313-macosx_12_0_universal2.whl"",
    ""project"": ""duckdb"",
    ""version"": ""1.1.3"",
    ""type"": ""bdist_wheel""
  }
}","{
  ""details"": {
    ""installer"": {
      ""name"": ""Bazel"",
      ""version"": ""9.2.0- (@non-git)"",
      ""subcommand"": null
    },
    ""python"": null,
    ""implementation"": null,
    ""distro"": null,
    ""system"": null,
    ""cpu"": null,
    ""openssl_version"": null,
    ""setuptools_version"": null,
    ""rustc_version"": null,
    ""ci"": null
  }
}",TLSv1.3,TLS_AES_128_GCM_SHA256,"{
  ""http"": null
}"
2026-08-31 18:05:41.000000 UTC,US,/packages/af/a5/ec595aa223b911a62f24393908a8eaf8e0ed1c7c07eca5008f22aab070bc/duckdb-1.1.3-cp313-cp313-macosx_12_0_universal2.whl,duckdb,"{
  ""file"": {
    ""filename"": ""duckdb-1.1.3-cp313-cp313-macosx_12_0_universal2.whl"",
    ""project"": ""duckdb"",
    ""version"": ""1.1.3"",
    ""type"": ""bdist_wheel""
  }
}","{
  ""details"": {
    ""installer"": {
      ""name"": ""Bazel"",
      ""version"": ""9.2.0- (@non-git)"",
      ""subcommand"": null
    },
    ""python"": null,
    ""implementation"": null,
    ""distro"": null,
    ""system"": null,
    ""cpu"": null,
    ""openssl_version"": null,
    ""setuptools_version"": null,
    ""rustc_version"": null,
    ""ci"": null
  }
}",TLSv1.3,TLS_AES_128_GCM_SHA256,"{
  ""http"": null
}"
2026-08-31 18:05:56.000000 UTC,US,/packages/af/a5/ec595aa223b911a62f24393908a8eaf8e0ed1c7c07eca5008f22aab070bc/duckdb-1.1.3-cp313-cp313-macosx_12_0_universal2.whl,duckdb,"{
  ""file"": {
    ""filename"": ""duckdb-1.1.3-cp313-cp313-macosx_12_0_universal2.whl"",
    ""project"": ""duckdb"",
    ""version"": ""1.1.3"",
    ""type"": ""bdist_wheel""
  }
}","{
  ""details"": {
    ""installer"": {
      ""name"": ""Bazel"",
      ""version"": ""9.2.0- (@non-git)"",
      ""subcommand"": null
    },
    ""python"": null,
    ""implementation"": null,
    ""distro"": null,
    ""system"": null,
    ""cpu"": null,
    ""openssl_version"": null,
    ""setuptools_version"": null,
    ""rustc_version"": null,
    ""ci"": null
  }
}",TLSv1.3,TLS_AES_128_GCM_SHA256,"{
  ""http"": null
}"
2026-08-31 18:05:02.000000 UTC,US,/packages/af/a5/ec595aa223b911a62f24393908a8eaf8e0ed1c7c07eca5008f22aab070bc/duckdb-1.1.3-cp313-cp313-macosx_12_0_universal2.whl,duckdb,"{
  ""file"": {
    ""filename"": ""duckdb-1.1.3-cp313-cp313-macosx_12_0_universal2.whl"",
    ""project"": ""duckdb"",
    ""version"": ""1.1.3"",
    ""type"": ""bdist_wheel""
  }
}","{
  ""details"": {
    ""installer"": {
      ""name"": ""Bazel"",
      ""version"": ""9.2.0- (@non-git)"",
      ""subcommand"": null
    },
    ""python"": null,
    ""implementation"": null,
    ""distro"": null,
    ""system"": null,
    ""cpu"": null,
    ""openssl_version"": null,
    ""setuptools_version"": null,
    ""rustc_version"": null,
    ""ci"": null
  }
}",TLSv1.3,TLS_AES_128_GCM_SHA256,"{
  ""http"": null
}"
2026-08-31 18:05:10.000000 UTC,US,/packages/af/a5/ec595aa223b911a62f24393908a8eaf8e0ed1c7c07eca5008f22aab070bc/duckdb-1.1.3-cp313-cp313-macosx_12_0_universal2.whl,duckdb,"{
  ""file"": {
    ""filename"": ""duckdb-1.1.3-cp313-cp313-macosx_12_0_universal2.whl"",
    ""project"": ""duckdb"",
    ""version"": ""1.1.3"",
    ""type"": ""bdist_wheel""
  }
}","{
  ""details"": {
    ""installer"": {
      ""name"": ""Bazel"",
      ""version"": ""9.2.0- (@non-git)"",
      ""subcommand"": null
    },
    ""python"": null,
    ""implementation"": null,
    ""distro"": null,
    ""system"": null,
    ""cpu"": null,
    ""openssl_version"": null,
    ""setuptools_version"": null,
    ""rustc_version"": null,
    ""ci"": null
  }
}",TLSv1.3,TLS_AES_128_GCM_SHA256,"{
  ""http"": null
}"
2026-08-31 18:06:29.000000 UTC,US,/packages/af/a5/ec595aa223b911a62f24393908a8eaf8e0ed1c7c07eca5008f22aab070bc/duckdb-1.1.3-cp313-cp313-macosx_12_0_universal2.whl,duckdb,"{
  ""file"": {
    ""filename"": ""duckdb-1.1.3-cp313-cp313-macosx_12_0_universal2.whl"",
    ""project"": ""duckdb"",
    ""version"": ""1.1.3"",
    ""type"": ""bdist_wheel""
  }
}","{
  ""details"": {
    ""installer"": {
      ""name"": ""Bazel"",
      ""version"": ""9.2.0- (@non-git)"",
      ""subcommand"": null
    },
    ""python"": null,
    ""implementation"": null,
    ""distro"": null,
    ""system"": null,
    ""cpu"": null,
    ""openssl_version"": null,
    ""setuptools_version"": null,
    ""rustc_version"": null,
    ""ci"": null
  }
}",TLSv1.3,TLS_AES_128_GCM_SHA256,"{
  ""http"": null
}"
2026-08-31 18:07:46.000000 UTC,US,/packages/af/a5/ec595aa223b911a62f24393908a8eaf8e0ed1c7c07eca5008f22aab070bc/duckdb-1.1.3-cp313-cp313-macosx_12_0_universal2.whl,duckdb,"{
  ""file"": {
    ""filename"": ""duckdb-1.1.3-cp313-cp313-macosx_12_0_universal2.whl"",
    ""project"": ""duckdb"",
    ""version"": ""1.1.3"",
    ""type"": ""bdist_wheel""
  }
}","{
  ""details"": {
    ""installer"": {
      ""name"": ""Bazel"",
      ""version"": ""9.2.0- (@non-git)"",
      ""subcommand"": null
    },
    ""python"": null,
    ""implementation"": null,
    ""distro"": null,
    ""system"": null,
    ""cpu"": null,
    ""openssl_version"": null,
    ""setuptools_version"": null,
    ""rustc_version"": null,
    ""ci"": null
  }
}",TLSv1.3,TLS_AES_128_GCM_SHA256,"{
  ""http"": null
}"
2026-08-31 18:05:11.000000 UTC,US,/packages/af/a5/ec595aa223b911a62f24393908a8eaf8e0ed1c7c07eca5008f22aab070bc/duckdb-1.1.3-cp313-cp313-macosx_12_0_universal2.whl,duckdb,"{
  ""file"": {
    ""filename"": ""duckdb-1.1.3-cp313-cp313-macosx_12_0_universal2.whl"",
    ""project"": ""duckdb"",
    ""version"": ""1.1.3"",
    ""type"": ""bdist_wheel""
  }
}","{
  ""details"": {
    ""installer"": {
      ""name"": ""Bazel"",
      ""version"": ""9.2.0- (@non-git)"",
      ""subcommand"": null
    },
    ""python"": null,
    ""implementation"": null,
    ""distro"": null,
    ""system"": null,
    ""cpu"": null,
    ""openssl_version"": null,
    ""setuptools_version"": null,
    ""rustc_version"": null,
    ""ci"": null
  }
}",TLSv1.3,TLS_AES_128_GCM_SHA256,"{
  ""http"": null
}"
2026-08-31 18:08:31.000000 UTC,US,/packages/af/a5/ec595aa223b911a62f24393908a8eaf8e0ed1c7c07eca5008f22aab070bc/duckdb-1.1.3-cp313-cp313-macosx_12_0_universal2.whl,duckdb,"{
  ""file"": {
    ""filename"": ""duckdb-1.1.3-cp313-cp313-macosx_12_0_universal2.whl"",
    ""project"": ""duckdb"",
    ""version"": ""1.1.3"",
    ""type"": ""bdist_wheel""
  }
}","{
  ""details"": {
    ""installer"": {
      ""name"": ""Bazel"",
      ""version"": ""9.2.0- (@non-git)"",
      ""subcommand"": null
    },
    ""python"": null,
    ""implementation"": null,
    ""distro"": null,
    ""system"": null,
    ""cpu"": null,
    ""openssl_version"": null,
    ""setuptools_version"": null,
    ""rustc_version"": null,
    ""ci"": null
  }
}",TLSv1.3,TLS_AES_128_GCM_SHA256,"{
  ""http"": null
}"
2026-08-31 18:09:51.000000 UTC,US,/packages/af/a5/ec595aa223b911a62f24393908a8eaf8e0ed1c7c07eca5008f22aab070bc/duckdb-1.1.3-cp313-cp313-macosx_12_0_universal2.whl,duckdb,"{
  ""file"": {
    ""filename"": ""duckdb-1.1.3-cp313-cp313-macosx_12_0_universal2.whl"",
    ""project"": ""duckdb"",
    ""version"": ""1.1.3"",
    ""type"": ""bdist_wheel""
  }
}","{
  ""details"": {
    ""installer"": {
      ""name"": ""Bazel"",
      ""version"": ""9.2.0- (@non-git)"",
      ""subcommand"": null
    },
    ""python"": null,
    ""implementation"": null,
    ""distro"": null,
    ""system"": null,
    ""cpu"": null,
    ""openssl_version"": null,
    ""setuptools_version"": null,
    ""rustc_version"": null,
    ""ci"": null
  }
}",TLSv1.3,TLS_AES_128_GCM_SHA256,"{
  ""http"": null
}"
2026-08-31 18:01:51.000000 UTC,US,/packages/af/a5/ec595aa223b911a62f24393908a8eaf8e0ed1c7c07eca5008f22aab070bc/duckdb-1.1.3-cp313-cp313-macosx_12_0_universal2.whl,duckdb,"{
  ""file"": {
    ""filename"": ""duckdb-1.1.3-cp313-cp313-macosx_12_0_universal2.whl"",
    ""project"": ""duckdb"",
    ""version"": ""1.1.3"",
    ""type"": ""bdist_wheel""
  }
}","{
  ""details"": {
    ""installer"": {
      ""name"": ""Bazel"",
      ""version"": ""9.2.0- (@non-git)"",
      ""subcommand"": null
    },
    ""python"": null,
    ""implementation"": null,
    ""distro"": null,
    ""system"": null,
    ""cpu"": null,
    ""openssl_version"": null,
    ""setuptools_version"": null,
    ""rustc_version"": null,
    ""ci"": null
  }
}",TLSv1.3,TLS_AES_128_GCM_SHA256,"{
  ""http"": null
}"
2026-08-31 18:05:14.000000 UTC,US,/packages/af/a5/ec595aa223b911a62f24393908a8eaf8e0ed1c7c07eca5008f22aab070bc/duckdb-1.1.3-cp313-cp313-macosx_12_0_universal2.whl,duckdb,"{
  ""file"": {
    ""filename"": ""duckdb-1.1.3-cp313-cp313-macosx_12_0_universal2.whl"",
    ""project"": ""duckdb"",
    ""version"": ""1.1.3"",
    ""type"": ""bdist_wheel""
  }
}","{
  ""details"": {
    ""installer"": {
      ""name"": ""Bazel"",
      ""version"": ""9.2.0- (@non-git)"",
      ""subcommand"": null
    },
    ""python"": null,
    ""implementation"": null,
    ""distro"": null,
    ""system"": null,
    ""cpu"": null,
    ""openssl_version"": null,
    ""setuptools_version"": null,
    ""rustc_version"": null,
    ""ci"": null
  }
}",TLSv1.3,TLS_AES_128_GCM_SHA256,"{
  ""http"": null
}"
2026-08-31 18:06:50.000000 UTC,US,/packages/af/a5/ec595aa223b911a62f24393908a8eaf8e0ed1c7c07eca5008f22aab070bc/duckdb-1.1.3-cp313-cp313-macosx_12_0_universal2.whl,duckdb,"{
  ""file"": {
    ""filename"": ""duckdb-1.1.3-cp313-cp313-macosx_12_0_universal2.whl"",
    ""project"": ""duckdb"",
    ""version"": ""1.1.3"",
    ""type"": ""bdist_wheel""
  }
}","{
  ""details"": {
    ""installer"": {
      ""name"": ""Bazel"",
      ""version"": ""9.2.0- (@non-git)"",
      ""subcommand"": null
    },
    ""python"": null,
    ""implementation"": null,
    ""distro"": null,
    ""system"": null,
    ""cpu"": null,
    ""openssl_version"": null,
    ""setuptools_version"": null,
    ""rustc_version"": null,
    ""ci"": null
  }
}",TLSv1.3,TLS_AES_128_GCM_SHA256,"{
  ""http"": null
}"
2026-08-31 18:06:41.000000 UTC,US,/packages/af/a5/ec595aa223b911a62f24393908a8eaf8e0ed1c7c07eca5008f22aab070bc/duckdb-1.1.3-cp313-cp313-macosx_12_0_universal2.whl,duckdb,"{
  ""file"": {
    ""filename"": ""duckdb-1.1.3-cp313-cp313-macosx_12_0_universal2.whl"",
    ""project"": ""duckdb"",
    ""version"": ""1.1.3"",
    ""type"": ""bdist_wheel""
  }
}","{
  ""details"": {
    ""installer"": {
      ""name"": ""Bazel"",
      ""version"": ""9.2.0- (@non-git)"",
      ""subcommand"": null
    },
    ""python"": null,
    ""implementation"": null,
    ""distro"": null,
    ""system"": null,
    ""cpu"": null,
    ""openssl_version"": null,
    ""setuptools_version"": null,
    ""rustc_version"": null,
    ""ci"": null
  }
}",TLSv1.3,TLS_AES_128_GCM_SHA256,"{
  ""http"": null
}"
2026-08-31 18:08:45.000000 UTC,US,/packages/af/a5/ec595aa223b911a62f24393908a8eaf8e0ed1c7c07eca5008f22aab070bc/duckdb-1.1.3-cp313-cp313-macosx_12_0_universal2.whl,duckdb,"{
  ""file"": {
    ""filename"": ""duckdb-1.1.3-cp313-cp313-macosx_12_0_universal2.whl"",
    ""project"": ""duckdb"",
    ""version"": ""1.1.3"",
    ""type"": ""bdist_wheel""
  }
}","{
  ""details"": {
    ""installer"": {
      ""name"": ""Bazel"",
      ""version"": ""9.2.0- (@non-git)"",
      ""subcommand"": null
    },
    ""python"": null,
    ""implementation"": null,
    ""distro"": null,
    ""system"": null,
    ""cpu"": null,
    ""openssl_version"": null,
    ""setuptools_version"": null,
    ""rustc_version"": null,
    ""ci"": null
  }
}",TLSv1.3,TLS_AES_128_GCM_SHA256,"{
  ""http"": null
}"
2026-08-31 18:04:56.000000 UTC,US,/packages/af/a5/ec595aa223b911a62f24393908a8eaf8e0ed1c7c07eca5008f22aab070bc/duckdb-1.1.3-cp313-cp313-macosx_12_0_universal2.whl,duckdb,"{
  ""file"": {
    ""filename"": ""duckdb-1.1.3-cp313-cp313-macosx_12_0_universal2.whl"",
    ""project"": ""duckdb"",
    ""version"": ""1.1.3"",
    ""type"": ""bdist_wheel""
  }
}","{
  ""details"": {
    ""installer"": {
      ""name"": ""Bazel"",
      ""version"": ""9.2.0- (@non-git)"",
      ""subcommand"": null
    },
    ""python"": null,
    ""implementation"": null,
    ""distro"": null,
    ""system"": null,
    ""cpu"": null,
    ""openssl_version"": null,
    ""setuptools_version"": null,
    ""rustc_version"": null,
    ""ci"": null
  }
}",TLSv1.3,TLS_AES_128_GCM_SHA256,"{
  ""http"": null
}"
2026-08-31 18:08:24.000000 UTC,US,/packages/af/a5/ec595aa223b911a62f24393908a8eaf8e0ed1c7c07eca5008f22aab070bc/duckdb-1.1.3-cp313-cp313-macosx_12_0_universal2.whl,duckdb,"{
  ""file"": {
    ""filename"": ""duckdb-1.1.3-cp313-cp313-macosx_12_0_universal2.whl"",
    ""project"": ""duckdb"",
    ""version"": ""1.1.3"",
    ""type"": ""bdist_wheel""
  }
}","{
  ""details"": {
    ""installer"": {
      ""name"": ""Bazel"",
      ""version"": ""9.2.0- (@non-git)"",
      ""subcommand"": null
    },
    ""python"": null,
    ""implementation"": null,
    ""distro"": null,
    ""system"": null,
    ""cpu"": null,
    ""openssl_version"": null,
    ""setuptools_version"": null,
    ""rustc_version"": null,
    ""ci"": null
  }
}",TLSv1.3,TLS_AES_128_GCM_SHA256,"{
  ""http"": null
}"
2026-08-31 18:05:28.000000 UTC,US,/packages/af/a5/ec595aa223b911a62f24393908a8eaf8e0ed1c7c07eca5008f22aab070bc/duckdb-1.1.3-cp313-cp313-macosx_12_0_universal2.whl,duckdb,"{
  ""file"": {
    ""filename"": ""duckdb-1.1.3-cp313-cp313-macosx_12_0_universal2.whl"",
    ""project"": ""duckdb"",
    ""version"": ""1.1.3"",
    ""type"": ""bdist_wheel""
  }
}","{
  ""details"": {
    ""installer"": {
      ""name"": ""Bazel"",
      ""version"": ""9.2.0- (@non-git)"",
      ""subcommand"": null
    },
    ""python"": null,
    ""implementation"": null,
    ""distro"": null,
    ""system"": null,
    ""cpu"": null,
    ""openssl_version"": null,
    ""setuptools_version"": null,
    ""rustc_version"": null,
    ""ci"": null
  }
}",TLSv1.3,TLS_AES_128_GCM_SHA256,"{
  ""http"": null
}"
2026-08-31 18:05:24.000000 UTC,US,/packages/af/a5/ec595aa223b911a62f24393908a8eaf8e0ed1c7c07eca5008f22aab070bc/duckdb-1.1.3-cp313-cp313-macosx_12_0_universal2.whl,duckdb,"{
  ""file"": {
    ""filename"": ""duckdb-1.1.3-cp313-cp313-macosx_12_0_universal2.whl"",
    ""project"": ""duckdb"",
    ""version"": ""1.1.3"",
    ""type"": ""bdist_wheel""
  }
}","{
  ""details"": {
    ""installer"": {
      ""name"": ""Bazel"",
      ""version"": ""9.2.0- (@non-git)"",
      ""subcommand"": null
    },
    ""python"": null,
    ""implementation"": null,
    ""distro"": null,
    ""system"": null,
    ""cpu"": null,
    ""openssl_version"": null,
    ""setuptools_version"": null,
    ""rustc_version"": null,
    ""ci"": null
  }
}",TLSv1.3,TLS_AES_128_GCM_SHA256,"{
  ""http"": null
}"
2026-08-31 18:05:02.000000 UTC,US,/packages/af/a5/ec595aa223b911a62f24393908a8eaf8e0ed1c7c07eca5008f22aab070bc/duckdb-1.1.3-cp313-cp313-macosx_12_0_universal2.whl,duckdb,"{
  ""file"": {
    ""filename"": ""duckdb-1.1.3-cp313-cp313-macosx_12_0_universal2.whl"",
    ""project"": ""duckdb"",
    ""version"": ""1.1.3"",
    ""type"": ""bdist_wheel""
  }
}","{
  ""details"": {
    ""installer"": {
      ""name"": ""Bazel"",
      ""version"": ""9.2.0- (@non-git)"",
      ""subcommand"": null
    },
    ""python"": null,
    ""implementation"": null,
    ""distro"": null,
    ""system"": null,
    ""cpu"": null,
    ""openssl_version"": null,
    ""setuptools_version"": null,
    ""rustc_version"": null,
    ""ci"": null
  }
}",TLSv1.3,TLS_AES_128_GCM_SHA256,"{
  ""http"": null
}"
2026-08-31 18:08:52.000000 UTC,US,/packages/af/a5/ec595aa223b911a62f24393908a8eaf8e0ed1c7c07eca5008f22aab070bc/duckdb-1.1.3-cp313-cp313-macosx_12_0_universal2.whl,duckdb,"{
  ""file"": {
    ""filename"": ""duckdb-1.1.3-cp313-cp313-macosx_12_0_universal2.whl"",
    ""project"": ""duckdb"",
    ""version"": ""1.1.3"",
    ""type"": ""bdist_wheel""
  }
}","{
  ""details"": {
    ""installer"": {
      ""name"": ""Bazel"",
      ""version"": ""9.2.0- (@non-git)"",
      ""subcommand"": null
    },
    ""python"": null,
    ""implementation"": null,
    ""distro"": null,
    ""system"": null,
    ""cpu"": null,
    ""openssl_version"": null,
    ""setuptools_version"": null,
    ""rustc_version"": null,
    ""ci"": null
  }
}",TLSv1.3,TLS_AES_128_GCM_SHA256,"{
  ""http"": null
}"
2026-08-31 18:05:01.000000 UTC,US,/packages/af/a5/ec595aa223b911a62f24393908a8eaf8e0ed1c7c07eca5008f22aab070bc/duckdb-1.1.3-cp313-cp313-macosx_12_0_universal2.whl,duckdb,"{
  ""file"": {
    ""filename"": ""duckdb-1.1.3-cp313-cp313-macosx_12_0_universal2.whl"",
    ""project"": ""duckdb"",
    ""version"": ""1.1.3"",
    ""type"": ""bdist_wheel""
  }
}","{
  ""details"": {
    ""installer"": {
      ""name"": ""Bazel"",
      ""version"": ""9.2.0- (@non-git)"",
      ""subcommand"": null
    },
    ""python"": null,
    ""implementation"": null,
    ""distro"": null,
    ""system"": null,
    ""cpu"": null,
    ""openssl_version"": null,
    ""setuptools_version"": null,
    ""rustc_version"": null,
    ""ci"": null
  }
}",TLSv1.3,TLS_AES_128_GCM_SHA256,"{
  ""http"": null
}"
2026-08-31 18:00:43.000000 UTC,US,/packages/af/a5/ec595aa223b911a62f24393908a8eaf8e0ed1c7c07eca5008f22aab070bc/duckdb-1.1.3-cp313-cp313-macosx_12_0_universal2.whl,duckdb,"{
  ""file"": {
    ""filename"": ""duckdb-1.1.3-cp313-cp313-macosx_12_0_universal2.whl"",
    ""project"": ""duckdb"",
    ""version"": ""1.1.3"",
    ""type"": ""bdist_wheel""
  }
}","{
  ""details"": {
    ""installer"": {
      ""name"": ""Bazel"",
      ""version"": ""9.2.0- (@non-git)"",
      ""subcommand"": null
    },
    ""python"": null,
    ""implementation"": null,
    ""distro"": null,
    ""system"": null,
    ""cpu"": null,
    ""openssl_version"": null,
    ""setuptools_version"": null,
    ""rustc_version"": null,
    ""ci"": null
  }
}",TLSv1.3,TLS_AES_128_GCM_SHA256,"{
  ""http"": null
}"
2026-08-31 18:05:21.000000 UTC,US,/packages/af/a5/ec595aa223b911a62f24393908a8eaf8e0ed1c7c07eca5008f22aab070bc/duckdb-1.1.3-cp313-cp313-macosx_12_0_universal2.whl,duckdb,"{
  ""file"": {
    ""filename"": ""duckdb-1.1.3-cp313-cp313-macosx_12_0_universal2.whl"",
    ""project"": ""duckdb"",
    ""version"": ""1.1.3"",
    ""type"": ""bdist_wheel""
  }
}","{
  ""details"": {
    ""installer"": {
      ""name"": ""Bazel"",
      ""version"": ""9.2.0- (@non-git)"",
      ""subcommand"": null
    },
    ""python"": null,
    ""implementation"": null,
    ""distro"": null,
    ""system"": null,
    ""cpu"": null,
    ""openssl_version"": null,
    ""setuptools_version"": null,
    ""rustc_version"": null,
    ""ci"": null
  }
}",TLSv1.3,TLS_AES_128_GCM_SHA256,"{
  ""http"": null
}"
2026-08-31 18:05:22.000000 UTC,US,/packages/08/27/e35116ab1ada5e54e52424e52d16ee9ae82db129025294e19c1d48a8b2b1/duckdb-1.1.3-cp313-cp313-macosx_12_0_x86_64.whl,duckdb,"{
  ""file"": {
    ""filename"": ""duckdb-1.1.3-cp313-cp313-macosx_12_0_x86_64.whl"",
    ""project"": ""duckdb"",
    ""version"": ""1.1.3"",
    ""type"": ""bdist_wheel""
  }
}","{
  ""details"": {
    ""installer"": {
      ""name"": ""Bazel"",
      ""version"": ""9.2.0- (@non-git)"",
      ""subcommand"": null
    },
    ""python"": null,
    ""implementation"": null,
    ""distro"": null,
    ""system"": null,
    ""cpu"": null,
    ""openssl_version"": null,
    ""setuptools_version"": null,
    ""rustc_version"": null,
    ""ci"": null
  }
}",TLSv1.3,TLS_AES_128_GCM_SHA256,"{
  ""http"": null
}"
2026-08-31 18:05:02.000000 UTC,US,/packages/08/27/e35116ab1ada5e54e52424e52d16ee9ae82db129025294e19c1d48a8b2b1/duckdb-1.1.3-cp313-cp313-macosx_12_0_x86_64.whl,duckdb,"{
  ""file"": {
    ""filename"": ""duckdb-1.1.3-cp313-cp313-macosx_12_0_x86_64.whl"",
    ""project"": ""duckdb"",
    ""version"": ""1.1.3"",
    ""type"": ""bdist_wheel""
  }
}","{
  ""details"": {
    ""installer"": {
      ""name"": ""Bazel"",
      ""version"": ""9.2.0- (@non-git)"",
      ""subcommand"": null
    },
    ""python"": null,
    ""implementation"": null,
    ""distro"": null,
    ""system"": null,
    ""cpu"": null,
    ""openssl_version"": null,
    ""setuptools_version"": null,
    ""rustc_version"": null,
    ""ci"": null
  }
}",TLSv1.3,TLS_AES_128_GCM_SHA256,"{
  ""http"": null
}"
2026-08-31 18:06:30.000000 UTC,US,/packages/08/27/e35116ab1ada5e54e52424e52d16ee9ae82db129025294e19c1d48a8b2b1/duckdb-1.1.3-cp313-cp313-macosx_12_0_x86_64.whl,duckdb,"{
  ""file"": {
    ""filename"": ""duckdb-1.1.3-cp313-cp313-macosx_12_0_x86_64.whl"",
    ""project"": ""duckdb"",
    ""version"": ""1.1.3"",
    ""type"": ""bdist_wheel""
  }
}","{
  ""details"": {
    ""installer"": {
      ""name"": ""Bazel"",
      ""version"": ""9.2.0- (@non-git)"",
      ""subcommand"": null
    },
    ""python"": null,
    ""implementation"": null,
    ""distro"": null,
    ""system"": null,
    ""cpu"": null,
    ""openssl_version"": null,
    ""setuptools_version"": null,
    ""rustc_version"": null,
    ""ci"": null
  }
}",TLSv1.3,TLS_AES_128_GCM_SHA256,"{
  ""http"": null
}"
2026-08-31 18:05:11.000000 UTC,US,/packages/08/27/e35116ab1ada5e54e52424e52d16ee9ae82db129025294e19c1d48a8b2b1/duckdb-1.1.3-cp313-cp313-macosx_12_0_x86_64.whl,duckdb,"{
  ""file"": {
    ""filename"": ""duckdb-1.1.3-cp313-cp313-macosx_12_0_x86_64.whl"",
    ""project"": ""duckdb"",
    ""version"": ""1.1.3"",
    ""type"": ""bdist_wheel""
  }
}","{
  ""details"": {
    ""installer"": {
      ""name"": ""Bazel"",
      ""version"": ""9.2.0- (@non-git)"",
      ""subcommand"": null
    },
    ""python"": null,
    ""implementation"": null,
    ""distro"": null,
    ""system"": null,
    ""cpu"": null,
    ""openssl_version"": null,
    ""setuptools_version"": null,
    ""rustc_version"": null,
    ""ci"": null
  }
}",TLSv1.3,TLS_AES_128_GCM_SHA256,"{
  ""http"": null
}"
2026-08-31 18:05:15.000000 UTC,US,/packages/08/27/e35116ab1ada5e54e52424e52d16ee9ae82db129025294e19c1d48a8b2b1/duckdb-1.1.3-cp313-cp313-macosx_12_0_x86_64.whl,duckdb,"{
  ""file"": {
    ""filename"": ""duckdb-1.1.3-cp313-cp313-macosx_12_0_x86_64.whl"",
    ""project"": ""duckdb"",
    ""version"": ""1.1.3"",
    ""type"": ""bdist_wheel""
  }
}","{
  ""details"": {
    ""installer"": {
      ""name"": ""Bazel"",
      ""version"": ""9.2.0- (@non-git)"",
      ""subcommand"": null
    },
    ""python"": null,
    ""implementation"": null,
    ""distro"": null,
    ""system"": null,
    ""cpu"": null,
    ""openssl_version"": null,
    ""setuptools_version"": null,
    ""rustc_version"": null,
    ""ci"": null
  }
}",TLSv1.3,TLS_AES_128_GCM_SHA256,"{
  ""http"": null
}"
2026-08-31 18:08:45.000000 UTC,US,/packages/08/27/e35116ab1ada5e54e52424e52d16ee9ae82db129025294e19c1d48a8b2b1/duckdb-1.1.3-cp313-cp313-macosx_12_0_x86_64.whl,duckdb,"{
  ""file"": {
    ""filename"": ""duckdb-1.1.3-cp313-cp313-macosx_12_0_x86_64.whl"",
    ""project"": ""duckdb"",
    ""version"": ""1.1.3"",
    ""type"": ""bdist_wheel""
  }
}","{
  ""details"": {
    ""installer"": {
      ""name"": ""Bazel"",
      ""version"": ""9.2.0- (@non-git)"",
      ""subcommand"": null
    },
    ""python"": null,
    ""implementation"": null,
    ""distro"": null,
    ""system"": null,
    ""cpu"": null,
    ""openssl_version"": null,
    ""setuptools_version"": null,
    ""rustc_version"": null,
    ""ci"": null
  }
}",TLSv1.3,TLS_AES_128_GCM_SHA256,"{
  ""http"": null
}"
2026-08-31 18:08:24.000000 UTC,US,/packages/08/27/e35116ab1ada5e54e52424e52d16ee9ae82db129025294e19c1d48a8b2b1/duckdb-1.1.3-cp313-cp313-macosx_12_0_x86_64.whl,duckdb,"{
  ""file"": {
    ""filename"": ""duckdb-1.1.3-cp313-cp313-macosx_12_0_x86_64.whl"",
    ""project"": ""duckdb"",
    ""version"": ""1.1.3"",
    ""type"": ""bdist_wheel""
  }
}","{
  ""details"": {
    ""installer"": {
      ""name"": ""Bazel"",
      ""version"": ""9.2.0- (@non-git)"",
      ""subcommand"": null
    },
    ""python"": null,
    ""implementation"": null,
    ""distro"": null,
    ""system"": null,
    ""cpu"": null,
    ""openssl_version"": null,
    ""setuptools_version"": null,
    ""rustc_version"": null,
    ""ci"": null
  }
}",TLSv1.3,TLS_AES_128_GCM_SHA256,"{
  ""http"": null
}"
2026-08-31 18:00:44.000000 UTC,US,/packages/08/27/e35116ab1ada5e54e52424e52d16ee9ae82db129025294e19c1d48a8b2b1/duckdb-1.1.3-cp313-cp313-macosx_12_0_x86_64.whl,duckdb,"{
  ""file"": {
    ""filename"": ""duckdb-1.1.3-cp313-cp313-macosx_12_0_x86_64.whl"",
    ""project"": ""duckdb"",
    ""version"": ""1.1.3"",
    ""type"": ""bdist_wheel""
  }
}","{
  ""details"": {
    ""installer"": {
      ""name"": ""Bazel"",
      ""version"": ""9.2.0- (@non-git)"",
      ""subcommand"": null
    },
    ""python"": null,
    ""implementation"": null,
    ""distro"": null,
    ""system"": null,
    ""cpu"": null,
    ""openssl_version"": null,
    ""setuptools_version"": null,
    ""rustc_version"": null,
    ""ci"": null
  }
}",TLSv1.3,TLS_AES_128_GCM_SHA256,"{
  ""http"": null
}"
2026-08-31 18:05:11.000000 UTC,US,/packages/08/27/e35116ab1ada5e54e52424e52d16ee9ae82db129025294e19c1d48a8b2b1/duckdb-1.1.3-cp313-cp313-macosx_12_0_x86_64.whl,duckdb,"{
  ""file"": {
    ""filename"": ""duckdb-1.1.3-cp313-cp313-macosx_12_0_x86_64.whl"",
    ""project"": ""duckdb"",
    ""version"": ""1.1.3"",
    ""type"": ""bdist_wheel""
  }
}","{
  ""details"": {
    ""installer"": {
      ""name"": ""Bazel"",
      ""version"": ""9.2.0- (@non-git)"",
      ""subcommand"": null
    },
    ""python"": null,
    ""implementation"": null,
    ""distro"": null,
    ""system"": null,
    ""cpu"": null,
    ""openssl_version"": null,
    ""setuptools_version"": null,
    ""rustc_version"": null,
    ""ci"": null
  }
}",TLSv1.3,TLS_AES_128_GCM_SHA256,"{
  ""http"": null
}"
2026-08-31 18:08:32.000000 UTC,US,/packages/08/27/e35116ab1ada5e54e52424e52d16ee9ae82db129025294e19c1d48a8b2b1/duckdb-1.1.3-cp313-cp313-macosx_12_0_x86_64.whl,duckdb,"{
  ""file"": {
    ""filename"": ""duckdb-1.1.3-cp313-cp313-macosx_12_0_x86_64.whl"",
    ""project"": ""duckdb"",
    ""version"": ""1.1.3"",
    ""type"": ""bdist_wheel""
  }
}","{
  ""details"": {
    ""installer"": {
      ""name"": ""Bazel"",
      ""version"": ""9.2.0- (@non-git)"",
      ""subcommand"": null
    },
    ""python"": null,
    ""implementation"": null,
    ""distro"": null,
    ""system"": null,
    ""cpu"": null,
    ""openssl_version"": null,
    ""setuptools_version"": null,
    ""rustc_version"": null,
    ""ci"": null
  }
}",TLSv1.3,TLS_AES_128_GCM_SHA256,"{
  ""http"": null
}"
2026-08-31 18:06:51.000000 UTC,US,/packages/08/27/e35116ab1ada5e54e52424e52d16ee9ae82db129025294e19c1d48a8b2b1/duckdb-1.1.3-cp313-cp313-macosx_12_0_x86_64.whl,duckdb,"{
  ""file"": {
    ""filename"": ""duckdb-1.1.3-cp313-cp313-macosx_12_0_x86_64.whl"",
    ""project"": ""duckdb"",
    ""version"": ""1.1.3"",
    ""type"": ""bdist_wheel""
  }
}","{
  ""details"": {
    ""installer"": {
      ""name"": ""Bazel"",
      ""version"": ""9.2.0- (@non-git)"",
      ""subcommand"": null
    },
    ""python"": null,
    ""implementation"": null,
    ""distro"": null,
    ""system"": null,
    ""cpu"": null,
    ""openssl_version"": null,
    ""setuptools_version"": null,
    ""rustc_version"": null,
    ""ci"": null
  }
}",TLSv1.3,TLS_AES_128_GCM_SHA256,"{
  ""http"": null
}"
2026-08-31 18:05:02.000000 UTC,US,/packages/08/27/e35116ab1ada5e54e52424e52d16ee9ae82db129025294e19c1d48a8b2b1/duckdb-1.1.3-cp313-cp313-macosx_12_0_x86_64.whl,duckdb,"{
  ""file"": {
    ""filename"": ""duckdb-1.1.3-cp313-cp313-macosx_12_0_x86_64.whl"",
    ""project"": ""duckdb"",
    ""version"": ""1.1.3"",
    ""type"": ""bdist_wheel""
  }
}","{
  ""details"": {
    ""installer"": {
      ""name"": ""Bazel"",
      ""version"": ""9.2.0- (@non-git)"",
      ""subcommand"": null
    },
    ""python"": null,
    ""implementation"": null,
    ""distro"": null,
    ""system"": null,
    ""cpu"": null,
    ""openssl_version"": null,
    ""setuptools_version"": null,
    ""rustc_version"": null,
    ""ci"": null
  }
}",TLSv1.3,TLS_AES_128_GCM_SHA256,"{
  ""http"": null
}"
2026-08-31 18:06:41.000000 UTC,US,/packages/08/27/e35116ab1ada5e54e52424e52d16ee9ae82db129025294e19c1d48a8b2b1/duckdb-1.1.3-cp313-cp313-macosx_12_0_x86_64.whl,duckdb,"{
  ""file"": {
    ""filename"": ""duckdb-1.1.3-cp313-cp313-macosx_12_0_x86_64.whl"",
    ""project"": ""duckdb"",
    ""version"": ""1.1.3"",
    ""type"": ""bdist_wheel""
  }
}","{
  ""details"": {
    ""installer"": {
      ""name"": ""Bazel"",
      ""version"": ""9.2.0- (@non-git)"",
      ""subcommand"": null
    },
    ""python"": null,
    ""implementation"": null,
    ""distro"": null,
    ""system"": null,
    ""cpu"": null,
    ""openssl_version"": null,
    ""setuptools_version"": null,
    ""rustc_version"": null,
    ""ci"": null
  }
}",TLSv1.3,TLS_AES_128_GCM_SHA256,"{
  ""http"": null
}"
2026-08-31 18:06:19.000000 UTC,US,/packages/08/27/e35116ab1ada5e54e52424e52d16ee9ae82db129025294e19c1d48a8b2b1/duckdb-1.1.3-cp313-cp313-macosx_12_0_x86_64.whl,duckdb,"{
  ""file"": {
    ""filename"": ""duckdb-1.1.3-cp313-cp313-macosx_12_0_x86_64.whl"",
    ""project"": ""duckdb"",
    ""version"": ""1.1.3"",
    ""type"": ""bdist_wheel""
  }
}","{
  ""details"": {
    ""installer"": {
      ""name"": ""Bazel"",
      ""version"": ""9.2.0- (@non-git)"",
      ""subcommand"": null
    },
    ""python"": null,
    ""implementation"": null,
    ""distro"": null,
    ""system"": null,
    ""cpu"": null,
    ""openssl_version"": null,
    ""setuptools_version"": null,
    ""rustc_version"": null,
    ""ci"": null
  }
}",TLSv1.3,TLS_AES_128_GCM_SHA256,"{
  ""http"": null
}"
2026-08-31 18:01:52.000000 UTC,US,/packages/08/27/e35116ab1ada5e54e52424e52d16ee9ae82db129025294e19c1d48a8b2b1/duckdb-1.1.3-cp313-cp313-macosx_12_0_x86_64.whl,duckdb,"{
  ""file"": {
    ""filename"": ""duckdb-1.1.3-cp313-cp313-macosx_12_0_x86_64.whl"",
    ""project"": ""duckdb"",
    ""version"": ""1.1.3"",
    ""type"": ""bdist_wheel""
  }
}","{
  ""details"": {
    ""installer"": {
      ""name"": ""Bazel"",
      ""version"": ""9.2.0- (@non-git)"",
      ""subcommand"": null
    },
    ""python"": null,
    ""implementation"": null,
    ""distro"": null,
    ""system"": null,
    ""cpu"": null,
    ""openssl_version"": null,
    ""setuptools_version"": null,
    ""rustc_version"": null,
    ""ci"": null
  }
}",TLSv1.3,TLS_AES_128_GCM_SHA256,"{
  ""http"": null
}"
2026-08-31 18:00:22.000000 UTC,US,/packages/08/27/e35116ab1ada5e54e52424e52d16ee9ae82db129025294e19c1d48a8b2b1/duckdb-1.1.3-cp313-cp313-macosx_12_0_x86_64.whl,duckdb,"{
  ""file"": {
    ""filename"": ""duckdb-1.1.3-cp313-cp313-macosx_12_0_x86_64.whl"",
    ""project"": ""duckdb"",
    ""version"": ""1.1.3"",
    ""type"": ""bdist_wheel""
  }
}","{
  ""details"": {
    ""installer"": {
      ""name"": ""Bazel"",
      ""version"": ""9.2.0- (@non-git)"",
      ""subcommand"": null
    },
    ""python"": null,
    ""implementation"": null,
    ""distro"": null,
    ""system"": null,
    ""cpu"": null,
    ""openssl_version"": null,
    ""setuptools_version"": null,
    ""rustc_version"": null,
    ""ci"": null
  }
}",TLSv1.3,TLS_AES_128_GCM_SHA256,"{
  ""http"": null
}"
2026-08-31 18:04:57.000000 UTC,US,/packages/08/27/e35116ab1ada5e54e52424e52d16ee9ae82db129025294e19c1d48a8b2b1/duckdb-1.1.3-cp313-cp313-macosx_12_0_x86_64.whl,duckdb,"{
  ""file"": {
    ""filename"": ""duckdb-1.1.3-cp313-cp313-macosx_12_0_x86_64.whl"",
    ""project"": ""duckdb"",
    ""version"": ""1.1.3"",
    ""type"": ""bdist_wheel""
  }
}","{
  ""details"": {
    ""installer"": {
      ""name"": ""Bazel"",
      ""version"": ""9.2.0- (@non-git)"",
      ""subcommand"": null
    },
    ""python"": null,
    ""implementation"": null,
    ""distro"": null,
    ""system"": null,
    ""cpu"": null,
    ""openssl_version"": null,
    ""setuptools_version"": null,
    ""rustc_version"": null,
    ""ci"": null
  }
}",TLSv1.3,TLS_AES_128_GCM_SHA256,"{
  ""http"": null
}"
2026-08-31 18:05:13.000000 UTC,US,/packages/08/27/e35116ab1ada5e54e52424e52d16ee9ae82db129025294e19c1d48a8b2b1/duckdb-1.1.3-cp313-cp313-macosx_12_0_x86_64.whl,duckdb,"{
  ""file"": {
    ""filename"": ""duckdb-1.1.3-cp313-cp313-macosx_12_0_x86_64.whl"",
    ""project"": ""duckdb"",
    ""version"": ""1.1.3"",
    ""type"": ""bdist_wheel""
  }
}","{
  ""details"": {
    ""installer"": {
      ""name"": ""Bazel"",
      ""version"": ""9.2.0- (@non-git)"",
      ""subcommand"": null
    },
    ""python"": null,
    ""implementation"": null,
    ""distro"": null,
    ""system"": null,
    ""cpu"": null,
    ""openssl_version"": null,
    ""setuptools_version"": null,
    ""rustc_version"": null,
    ""ci"": null
  }
}",TLSv1.3,TLS_AES_128_GCM_SHA256,"{
  ""http"": null
}"
2026-08-31 18:05:56.000000 UTC,US,/packages/08/27/e35116ab1ada5e54e52424e52d16ee9ae82db129025294e19c1d48a8b2b1/duckdb-1.1.3-cp313-cp313-macosx_12_0_x86_64.whl,duckdb,"{
  ""file"": {
    ""filename"": ""duckdb-1.1.3-cp313-cp313-macosx_12_0_x86_64.whl"",
    ""project"": ""duckdb"",
    ""version"": ""1.1.3"",
    ""type"": ""bdist_wheel""
  }
}","{
  ""details"": {
    ""installer"": {
      ""name"": ""Bazel"",
      ""version"": ""9.2.0- (@non-git)"",
      ""subcommand"": null
    },
    ""python"": null,
    ""implementation"": null,
    ""distro"": null,
    ""system"": null,
    ""cpu"": null,
    ""openssl_version"": null,
    ""setuptools_version"": null,
    ""rustc_version"": null,
    ""ci"": null
  }
}",TLSv1.3,TLS_AES_128_GCM_SHA256,"{
  ""http"": null
}"
2026-08-31 18:05:29.000000 UTC,US,/packages/08/27/e35116ab1ada5e54e52424e52d16ee9ae82db129025294e19c1d48a8b2b1/duckdb-1.1.3-cp313-cp313-macosx_12_0_x86_64.whl,duckdb,"{
  ""file"": {
    ""filename"": ""duckdb-1.1.3-cp313-cp313-macosx_12_0_x86_64.whl"",
    ""project"": ""duckdb"",
    ""version"": ""1.1.3"",
    ""type"": ""bdist_wheel""
  }
}","{
  ""details"": {
    ""installer"": {
      ""name"": ""Bazel"",
      ""version"": ""9.2.0- (@non-git)"",
      ""subcommand"": null
    },
    ""python"": null,
    ""implementation"": null,
    ""distro"": null,
    ""system"": null,
    ""cpu"": null,
    ""openssl_version"": null,
    ""setuptools_version"": null,
    ""rustc_version"": null,
    ""ci"": null
  }
}",TLSv1.3,TLS_AES_128_GCM_SHA256,"{
  ""http"": null
}"
2026-08-31 18:05:41.000000 UTC,US,/packages/08/27/e35116ab1ada5e54e52424e52d16ee9ae82db129025294e19c1d48a8b2b1/duckdb-1.1.3-cp313-cp313-macosx_12_0_x86_64.whl,duckdb,"{
  ""file"": {
    ""filename"": ""duckdb-1.1.3-cp313-cp313-macosx_12_0_x86_64.whl"",
    ""project"": ""duckdb"",
    ""version"": ""1.1.3"",
    ""type"": ""bdist_wheel""
  }
}","{
  ""details"": {
    ""installer"": {
      ""name"": ""Bazel"",
      ""version"": ""9.2.0- (@non-git)"",
      ""subcommand"": null
    },
    ""python"": null,
    ""implementation"": null,
    ""distro"": null,
    ""system"": null,
    ""cpu"": null,
    ""openssl_version"": null,
    ""setuptools_version"": null,
    ""rustc_version"": null,
    ""ci"": null
  }
}",TLSv1.3,TLS_AES_128_GCM_SHA256,"{
  ""http"": null
}"
2026-08-31 18:05:04.000000 UTC,US,/packages/08/27/e35116ab1ada5e54e52424e52d16ee9ae82db129025294e19c1d48a8b2b1/duckdb-1.1.3-cp313-cp313-macosx_12_0_x86_64.whl,duckdb,"{
  ""file"": {
    ""filename"": ""duckdb-1.1.3-cp313-cp313-macosx_12_0_x86_64.whl"",
    ""project"": ""duckdb"",
    ""version"": ""1.1.3"",
    ""type"": ""bdist_wheel""
  }
}","{
  ""details"": {
    ""installer"": {
      ""name"": ""Bazel"",
      ""version"": ""9.2.0- (@non-git)"",
      ""subcommand"": null
    },
    ""python"": null,
    ""implementation"": null,
    ""distro"": null,
    ""system"": null,
    ""cpu"": null,
    ""openssl_version"": null,
    ""setuptools_version"": null,
    ""rustc_version"": null,
    ""ci"": null
  }
}",TLSv1.3,TLS_AES_128_GCM_SHA256,"{
  ""http"": null
}"
2026-08-31 18:05:25.000000 UTC,US,/packages/08/27/e35116ab1ada5e54e52424e52d16ee9ae82db129025294e19c1d48a8b2b1/duckdb-1.1.3-cp313-cp313-macosx_12_0_x86_64.whl,duckdb,"{
  ""file"": {
    ""filename"": ""duckdb-1.1.3-cp313-cp313-macosx_12_0_x86_64.whl"",
    ""project"": ""duckdb"",
    ""version"": ""1.1.3"",
    ""type"": ""bdist_wheel""
  }
}","{
  ""details"": {
    ""installer"": {
      ""name"": ""Bazel"",
      ""version"": ""9.2.0- (@non-git)"",
      ""subcommand"": null
    },
    ""python"": null,
    ""implementation"": null,
    ""distro"": null,
    ""system"": null,
    ""cpu"": null,
    ""openssl_version"": null,
    ""setuptools_version"": null,
    ""rustc_version"": null,
    ""ci"": null
  }
}",TLSv1.3,TLS_AES_128_GCM_SHA256,"{
  ""http"": null
}"
2026-08-31 18:07:46.000000 UTC,US,/packages/08/27/e35116ab1ada5e54e52424e52d16ee9ae82db129025294e19c1d48a8b2b1/duckdb-1.1.3-cp313-cp313-macosx_12_0_x86_64.whl,duckdb,"{
  ""file"": {
    ""filename"": ""duckdb-1.1.3-cp313-cp313-macosx_12_0_x86_64.whl"",
    ""project"": ""duckdb"",
    ""version"": ""1.1.3"",
    ""type"": ""bdist_wheel""
  }
}","{
  ""details"": {
    ""installer"": {
      ""name"": ""Bazel"",
      ""version"": ""9.2.0- (@non-git)"",
      ""subcommand"": null
    },
    ""python"": null,
    ""implementation"": null,
    ""distro"": null,
    ""system"": null,
    ""cpu"": null,
    ""openssl_version"": null,
    ""setuptools_version"": null,
    ""rustc_version"": null,
    ""ci"": null
  }
}",TLSv1.3,TLS_AES_128_GCM_SHA256,"{
  ""http"": null
}"
2026-08-31 18:09:52.000000 UTC,US,/packages/08/27/e35116ab1ada5e54e52424e52d16ee9ae82db129025294e19c1d48a8b2b1/duckdb-1.1.3-cp313-cp313-macosx_12_0_x86_64.whl,duckdb,"{
  ""file"": {
    ""filename"": ""duckdb-1.1.3-cp313-cp313-macosx_12_0_x86_64.whl"",
    ""project"": ""duckdb"",
    ""version"": ""1.1.3"",
    ""type"": ""bdist_wheel""
  }
}","{
  ""details"": {
    ""installer"": {
      ""name"": ""Bazel"",
      ""version"": ""9.2.0- (@non-git)"",
      ""subcommand"": null
    },
    ""python"": null,
    ""implementation"": null,
    ""distro"": null,
    ""system"": null,
    ""cpu"": null,
    ""openssl_version"": null,
    ""setuptools_version"": null,
    ""rustc_version"": null,
    ""ci"": null
  }
}",TLSv1.3,TLS_AES_128_GCM_SHA256,"{
  ""http"": null
}"
2026-08-31 18:06:51.000000 UTC,US,/packages/0d/ac/f2db3969a56cd96a3ba78b0fd161939322fb134bd07c98ecc7a7015d3efa/duckdb-1.1.3-cp313-cp313-manylinux_2_17_aarch64.manylinux2014_aarch64.whl,duckdb,"{
  ""file"": {
    ""filename"": ""duckdb-1.1.3-cp313-cp313-manylinux_2_17_aarch64.manylinux2014_aarch64.whl"",
    ""project"": ""duckdb"",
    ""version"": ""1.1.3"",
    ""type"": ""bdist_wheel""
  }
}","{
  ""details"": {
    ""installer"": {
      ""name"": ""Bazel"",
      ""version"": ""9.2.0- (@non-git)"",
      ""subcommand"": null
    },
    ""python"": null,
    ""implementation"": null,
    ""distro"": null,
    ""system"": null,
    ""cpu"": null,
    ""openssl_version"": null,
    ""setuptools_version"": null,
    ""rustc_version"": null,
    ""ci"": null
  }
}",TLSv1.3,TLS_AES_128_GCM_SHA256,"{
  ""http"": null
}"
2026-08-31 18:08:33.000000 UTC,US,/packages/0d/ac/f2db3969a56cd96a3ba78b0fd161939322fb134bd07c98ecc7a7015d3efa/duckdb-1.1.3-cp313-cp313-manylinux_2_17_aarch64.manylinux2014_aarch64.whl,duckdb,"{
  ""file"": {
    ""filename"": ""duckdb-1.1.3-cp313-cp313-manylinux_2_17_aarch64.manylinux2014_aarch64.whl"",
    ""project"": ""duckdb"",
    ""version"": ""1.1.3"",
    ""type"": ""bdist_wheel""
  }
}","{
  ""details"": {
    ""installer"": {
      ""name"": ""Bazel"",
      ""version"": ""9.2.0- (@non-git)"",
      ""subcommand"": null
    },
    ""python"": null,
    ""implementation"": null,
    ""distro"": null,
    ""system"": null,
    ""cpu"": null,
    ""openssl_version"": null,
    ""setuptools_version"": null,
    ""rustc_version"": null,
    ""ci"": null
  }
}",TLSv1.3,TLS_AES_128_GCM_SHA256,"{
  ""http"": null
}"
2026-08-31 18:08:54.000000 UTC,US,/packages/0d/ac/f2db3969a56cd96a3ba78b0fd161939322fb134bd07c98ecc7a7015d3efa/duckdb-1.1.3-cp313-cp313-manylinux_2_17_aarch64.manylinux2014_aarch64.whl,duckdb,"{
  ""file"": {
    ""filename"": ""duckdb-1.1.3-cp313-cp313-manylinux_2_17_aarch64.manylinux2014_aarch64.whl"",
    ""project"": ""duckdb"",
    ""version"": ""1.1.3"",
    ""type"": ""bdist_wheel""
  }
}","{
  ""details"": {
    ""installer"": {
      ""name"": ""Bazel"",
      ""version"": ""9.2.0- (@non-git)"",
      ""subcommand"": null
    },
    ""python"": null,
    ""implementation"": null,
    ""distro"": null,
    ""system"": null,
    ""cpu"": null,
    ""openssl_version"": null,
    ""setuptools_version"": null,
    ""rustc_version"": null,
    ""ci"": null
  }
}",TLSv1.3,TLS_AES_128_GCM_SHA256,"{
  ""http"": null
}"
2026-08-31 18:05:41.000000 UTC,US,/packages/0d/ac/f2db3969a56cd96a3ba78b0fd161939322fb134bd07c98ecc7a7015d3efa/duckdb-1.1.3-cp313-cp313-manylinux_2_17_aarch64.manylinux2014_aarch64.whl,duckdb,"{
  ""file"": {
    ""filename"": ""duckdb-1.1.3-cp313-cp313-manylinux_2_17_aarch64.manylinux2014_aarch64.whl"",
    ""project"": ""duckdb"",
    ""version"": ""1.1.3"",
    ""type"": ""bdist_wheel""
  }
}","{
  ""details"": {
    ""installer"": {
      ""name"": ""Bazel"",
      ""version"": ""9.2.0- (@non-git)"",
      ""subcommand"": null
    },
    ""python"": null,
    ""implementation"": null,
    ""distro"": null,
    ""system"": null,
    ""cpu"": null,
    ""openssl_version"": null,
    ""setuptools_version"": null,
    ""rustc_version"": null,
    ""ci"": null
  }
}",TLSv1.3,TLS_AES_128_GCM_SHA256,"{
  ""http"": null
}"
2026-08-31 18:06:42.000000 UTC,US,/packages/0d/ac/f2db3969a56cd96a3ba78b0fd161939322fb134bd07c98ecc7a7015d3efa/duckdb-1.1.3-cp313-cp313-manylinux_2_17_aarch64.manylinux2014_aarch64.whl,duckdb,"{
  ""file"": {
    ""filename"": ""duckdb-1.1.3-cp313-cp313-manylinux_2_17_aarch64.manylinux2014_aarch64.whl"",
    ""project"": ""duckdb"",
    ""version"": ""1.1.3"",
    ""type"": ""bdist_wheel""
  }
}","{
  ""details"": {
    ""installer"": {
      ""name"": ""Bazel"",
      ""version"": ""9.2.0- (@non-git)"",
      ""subcommand"": null
    },
    ""python"": null,
    ""implementation"": null,
    ""distro"": null,
    ""system"": null,
    ""cpu"": null,
    ""openssl_version"": null,
    ""setuptools_version"": null,
    ""rustc_version"": null,
    ""ci"": null
  }
}",TLSv1.3,TLS_AES_128_GCM_SHA256,"{
  ""http"": null
}"
2026-08-31 18:05:02.000000 UTC,US,/packages/0d/ac/f2db3969a56cd96a3ba78b0fd161939322fb134bd07c98ecc7a7015d3efa/duckdb-1.1.3-cp313-cp313-manylinux_2_17_aarch64.manylinux2014_aarch64.whl,duckdb,"{
  ""file"": {
    ""filename"": ""duckdb-1.1.3-cp313-cp313-manylinux_2_17_aarch64.manylinux2014_aarch64.whl"",
    ""project"": ""duckdb"",
    ""version"": ""1.1.3"",
    ""type"": ""bdist_wheel""
  }
}","{
  ""details"": {
    ""installer"": {
      ""name"": ""Bazel"",
      ""version"": ""9.2.0- (@non-git)"",
      ""subcommand"": null
    },
    ""python"": null,
    ""implementation"": null,
    ""distro"": null,
    ""system"": null,
    ""cpu"": null,
    ""openssl_version"": null,
    ""setuptools_version"": null,
    ""rustc_version"": null,
    ""ci"": null
  }
}",TLSv1.3,TLS_AES_128_GCM_SHA256,"{
  ""http"": null
}"
2026-08-31 18:05:16.000000 UTC,US,/packages/0d/ac/f2db3969a56cd96a3ba78b0fd161939322fb134bd07c98ecc7a7015d3efa/duckdb-1.1.3-cp313-cp313-manylinux_2_17_aarch64.manylinux2014_aarch64.whl,duckdb,"{
  ""file"": {
    ""filename"": ""duckdb-1.1.3-cp313-cp313-manylinux_2_17_aarch64.manylinux2014_aarch64.whl"",
    ""project"": ""duckdb"",
    ""version"": ""1.1.3"",
    ""type"": ""bdist_wheel""
  }
}","{
  ""details"": {
    ""installer"": {
      ""name"": ""Bazel"",
      ""version"": ""9.2.0- (@non-git)"",
      ""subcommand"": null
    },
    ""python"": null,
    ""implementation"": null,
    ""distro"": null,
    ""system"": null,
    ""cpu"": null,
    ""openssl_version"": null,
    ""setuptools_version"": null,
    ""rustc_version"": null,
    ""ci"": null
  }
}",TLSv1.3,TLS_AES_128_GCM_SHA256,"{
  ""http"": null
}"
2026-08-31 18:05:04.000000 UTC,US,/packages/0d/ac/f2db3969a56cd96a3ba78b0fd161939322fb134bd07c98ecc7a7015d3efa/duckdb-1.1.3-cp313-cp313-manylinux_2_17_aarch64.manylinux2014_aarch64.whl,duckdb,"{
  ""file"": {
    ""filename"": ""duckdb-1.1.3-cp313-cp313-manylinux_2_17_aarch64.manylinux2014_aarch64.whl"",
    ""project"": ""duckdb"",
    ""version"": ""1.1.3"",
    ""type"": ""bdist_wheel""
  }
}","{
  ""details"": {
    ""installer"": {
      ""name"": ""Bazel"",
      ""version"": ""9.2.0- (@non-git)"",
      ""subcommand"": null
    },
    ""python"": null,
    ""implementation"": null,
    ""distro"": null,
    ""system"": null,
    ""cpu"": null,
    ""openssl_version"": null,
    ""setuptools_version"": null,
    ""rustc_version"": null,
    ""ci"": null
  }
}",TLSv1.3,TLS_AES_128_GCM_SHA256,"{
  ""http"": null
}"
2026-08-31 18:05:11.000000 UTC,US,/packages/0d/ac/f2db3969a56cd96a3ba78b0fd161939322fb134bd07c98ecc7a7015d3efa/duckdb-1.1.3-cp313-cp313-manylinux_2_17_aarch64.manylinux2014_aarch64.whl,duckdb,"{
  ""file"": {
    ""filename"": ""duckdb-1.1.3-cp313-cp313-manylinux_2_17_aarch64.manylinux2014_aarch64.whl"",
    ""project"": ""duckdb"",
    ""version"": ""1.1.3"",
    ""type"": ""bdist_wheel""
  }
}","{
  ""details"": {
    ""installer"": {
      ""name"": ""Bazel"",
      ""version"": ""9.2.0- (@non-git)"",
      ""subcommand"": null
    },
    ""python"": null,
    ""implementation"": null,
    ""distro"": null,
    ""system"": null,
    ""cpu"": null,
    ""openssl_version"": null,
    ""setuptools_version"": null,
    ""rustc_version"": null,
    ""ci"": null
  }
}",TLSv1.3,TLS_AES_128_GCM_SHA256,"{
  ""http"": null
}"
2026-08-31 18:06:20.000000 UTC,US,/packages/0d/ac/f2db3969a56cd96a3ba78b0fd161939322fb134bd07c98ecc7a7015d3efa/duckdb-1.1.3-cp313-cp313-manylinux_2_17_aarch64.manylinux2014_aarch64.whl,duckdb,"{
  ""file"": {
    ""filename"": ""duckdb-1.1.3-cp313-cp313-manylinux_2_17_aarch64.manylinux2014_aarch64.whl"",
    ""project"": ""duckdb"",
    ""version"": ""1.1.3"",
    ""type"": ""bdist_wheel""
  }
}","{
  ""details"": {
    ""installer"": {
      ""name"": ""Bazel"",
      ""version"": ""9.2.0- (@non-git)"",
      ""subcommand"": null
    },
    ""python"": null,
    ""implementation"": null,
    ""distro"": null,
    ""system"": null,
    ""cpu"": null,
    ""openssl_version"": null,
    ""setuptools_version"": null,
    ""rustc_version"": null,
    ""ci"": null
  }
}",TLSv1.3,TLS_AES_128_GCM_SHA256,"{
  ""http"": null
}"
2026-08-31 18:09:53.000000 UTC,US,/packages/0d/ac/f2db3969a56cd96a3ba78b0fd161939322fb134bd07c98ecc7a7015d3efa/duckdb-1.1.3-cp313-cp313-manylinux_2_17_aarch64.manylinux2014_aarch64.whl,duckdb,"{
  ""file"": {
    ""filename"": ""duckdb-1.1.3-cp313-cp313-manylinux_2_17_aarch64.manylinux2014_aarch64.whl"",
    ""project"": ""duckdb"",
    ""version"": ""1.1.3"",
    ""type"": ""bdist_wheel""
  }
}","{
  ""details"": {
    ""installer"": {
      ""name"": ""Bazel"",
      ""version"": ""9.2.0- (@non-git)"",
      ""subcommand"": null
    },
    ""python"": null,
    ""implementation"": null,
    ""distro"": null,
    ""system"": null,
    ""cpu"": null,
    ""openssl_version"": null,
    ""setuptools_version"": null,
    ""rustc_version"": null,
    ""ci"": null
  }
}",TLSv1.3,TLS_AES_128_GCM_SHA256,"{
  ""http"": null
}"
2026-08-31 18:08:27.000000 UTC,US,/packages/0d/ac/f2db3969a56cd96a3ba78b0fd161939322fb134bd07c98ecc7a7015d3efa/duckdb-1.1.3-cp313-cp313-manylinux_2_17_aarch64.manylinux2014_aarch64.whl,duckdb,"{
  ""file"": {
    ""filename"": ""duckdb-1.1.3-cp313-cp313-manylinux_2_17_aarch64.manylinux2014_aarch64.whl"",
    ""project"": ""duckdb"",
    ""version"": ""1.1.3"",
    ""type"": ""bdist_wheel""
  }
}","{
  ""details"": {
    ""installer"": {
      ""name"": ""Bazel"",
      ""version"": ""9.2.0- (@non-git)"",
      ""subcommand"": null
    },
    ""python"": null,
    ""implementation"": null,
    ""distro"": null,
    ""system"": null,
    ""cpu"": null,
    ""openssl_version"": null,
    ""setuptools_version"": null,
    ""rustc_version"": null,
    ""ci"": null
  }
}",TLSv1.3,TLS_AES_128_GCM_SHA256,"{
  ""http"": null
}"
2026-08-31 18:06:31.000000 UTC,US,/packages/0d/ac/f2db3969a56cd96a3ba78b0fd161939322fb134bd07c98ecc7a7015d3efa/duckdb-1.1.3-cp313-cp313-manylinux_2_17_aarch64.manylinux2014_aarch64.whl,duckdb,"{
  ""file"": {
    ""filename"": ""duckdb-1.1.3-cp313-cp313-manylinux_2_17_aarch64.manylinux2014_aarch64.whl"",
    ""project"": ""duckdb"",
    ""version"": ""1.1.3"",
    ""type"": ""bdist_wheel""
  }
}","{
  ""details"": {
    ""installer"": {
      ""name"": ""Bazel"",
      ""version"": ""9.2.0- (@non-git)"",
      ""subcommand"": null
    },
    ""python"": null,
    ""implementation"": null,
    ""distro"": null,
    ""system"": null,
    ""cpu"": null,
    ""openssl_version"": null,
    ""setuptools_version"": null,
    ""rustc_version"": null,
    ""ci"": null
  }
}",TLSv1.3,TLS_AES_128_GCM_SHA256,"{
  ""http"": null
}"
2026-08-31 18:04:57.000000 UTC,US,/packages/0d/ac/f2db3969a56cd96a3ba78b0fd161939322fb134bd07c98ecc7a7015d3efa/duckdb-1.1.3-cp313-cp313-manylinux_2_17_aarch64.manylinux2014_aarch64.whl,duckdb,"{
  ""file"": {
    ""filename"": ""duckdb-1.1.3-cp313-cp313-manylinux_2_17_aarch64.manylinux2014_aarch64.whl"",
    ""project"": ""duckdb"",
    ""version"": ""1.1.3"",
    ""type"": ""bdist_wheel""
  }
}","{
  ""details"": {
    ""installer"": {
      ""name"": ""Bazel"",
      ""version"": ""9.2.0- (@non-git)"",
      ""subcommand"": null
    },
    ""python"": null,
    ""implementation"": null,
    ""distro"": null,
    ""system"": null,
    ""cpu"": null,
    ""openssl_version"": null,
    ""setuptools_version"": null,
    ""rustc_version"": null,
    ""ci"": null
  }
}",TLSv1.3,TLS_AES_128_GCM_SHA256,"{
  ""http"": null
}"
2026-08-31 18:01:53.000000 UTC,US,/packages/0d/ac/f2db3969a56cd96a3ba78b0fd161939322fb134bd07c98ecc7a7015d3efa/duckdb-1.1.3-cp313-cp313-manylinux_2_17_aarch64.manylinux2014_aarch64.whl,duckdb,"{
  ""file"": {
    ""filename"": ""duckdb-1.1.3-cp313-cp313-manylinux_2_17_aarch64.manylinux2014_aarch64.whl"",
    ""project"": ""duckdb"",
    ""version"": ""1.1.3"",
    ""type"": ""bdist_wheel""
  }
}","{
  ""details"": {
    ""installer"": {
      ""name"": ""Bazel"",
      ""version"": ""9.2.0- (@non-git)"",
      ""subcommand"": null
    },
    ""python"": null,
    ""implementation"": null,
    ""distro"": null,
    ""system"": null,
    ""cpu"": null,
    ""openssl_version"": null,
    ""setuptools_version"": null,
    ""rustc_version"": null,
    ""ci"": null
  }
}",TLSv1.3,TLS_AES_128_GCM_SHA256,"{
  ""http"": null
}"
2026-08-31 18:00:22.000000 UTC,US,/packages/0d/ac/f2db3969a56cd96a3ba78b0fd161939322fb134bd07c98ecc7a7015d3efa/duckdb-1.1.3-cp313-cp313-manylinux_2_17_aarch64.manylinux2014_aarch64.whl,duckdb,"{
  ""file"": {
    ""filename"": ""duckdb-1.1.3-cp313-cp313-manylinux_2_17_aarch64.manylinux2014_aarch64.whl"",
    ""project"": ""duckdb"",
    ""version"": ""1.1.3"",
    ""type"": ""bdist_wheel""
  }
}","{
  ""details"": {
    ""installer"": {
      ""name"": ""Bazel"",
      ""version"": ""9.2.0- (@non-git)"",
      ""subcommand"": null
    },
    ""python"": null,
    ""implementation"": null,
    ""distro"": null,
    ""system"": null,
    ""cpu"": null,
    ""openssl_version"": null,
    ""setuptools_version"": null,
    ""rustc_version"": null,
    ""ci"": null
  }
}",TLSv1.3,TLS_AES_128_GCM_SHA256,"{
  ""http"": null
}"
2026-08-31 18:08:46.000000 UTC,US,/packages/0d/ac/f2db3969a56cd96a3ba78b0fd161939322fb134bd07c98ecc7a7015d3efa/duckdb-1.1.3-cp313-cp313-manylinux_2_17_aarch64.manylinux2014_aarch64.whl,duckdb,"{
  ""file"": {
    ""filename"": ""duckdb-1.1.3-cp313-cp313-manylinux_2_17_aarch64.manylinux2014_aarch64.whl"",
    ""project"": ""duckdb"",
    ""version"": ""1.1.3"",
    ""type"": ""bdist_wheel""
  }
}","{
  ""details"": {
    ""installer"": {
      ""name"": ""Bazel"",
      ""version"": ""9.2.0- (@non-git)"",
      ""subcommand"": null
    },
    ""python"": null,
    ""implementation"": null,
    ""distro"": null,
    ""system"": null,
    ""cpu"": null,
    ""openssl_version"": null,
    ""setuptools_version"": null,
    ""rustc_version"": null,
    ""ci"": null
  }
}",TLSv1.3,TLS_AES_128_GCM_SHA256,"{
  ""http"": null
}"
2026-08-31 18:05:30.000000 UTC,US,/packages/0d/ac/f2db3969a56cd96a3ba78b0fd161939322fb134bd07c98ecc7a7015d3efa/duckdb-1.1.3-cp313-cp313-manylinux_2_17_aarch64.manylinux2014_aarch64.whl,duckdb,"{
  ""file"": {
    ""filename"": ""duckdb-1.1.3-cp313-cp313-manylinux_2_17_aarch64.manylinux2014_aarch64.whl"",
    ""project"": ""duckdb"",
    ""version"": ""1.1.3"",
    ""type"": ""bdist_wheel""
  }
}","{
  ""details"": {
    ""installer"": {
      ""name"": ""Bazel"",
      ""version"": ""9.2.0- (@non-git)"",
      ""subcommand"": null
    },
    ""python"": null,
    ""implementation"": null,
    ""distro"": null,
    ""system"": null,
    ""cpu"": null,
    ""openssl_version"": null,
    ""setuptools_version"": null,
    ""rustc_version"": null,
    ""ci"": null
  }
}",TLSv1.3,TLS_AES_128_GCM_SHA256,"{
  ""http"": null
}"
2026-08-31 18:05:25.000000 UTC,US,/packages/0d/ac/f2db3969a56cd96a3ba78b0fd161939322fb134bd07c98ecc7a7015d3efa/duckdb-1.1.3-cp313-cp313-manylinux_2_17_aarch64.manylinux2014_aarch64.whl,duckdb,"{
  ""file"": {
    ""filename"": ""duckdb-1.1.3-cp313-cp313-manylinux_2_17_aarch64.manylinux2014_aarch64.whl"",
    ""project"": ""duckdb"",
    ""version"": ""1.1.3"",
    ""type"": ""bdist_wheel""
  }
}","{
  ""details"": {
    ""installer"": {
      ""name"": ""Bazel"",
      ""version"": ""9.2.0- (@non-git)"",
      ""subcommand"": null
    },
    ""python"": null,
    ""implementation"": null,
    ""distro"": null,
    ""system"": null,
    ""cpu"": null,
    ""openssl_version"": null,
    ""setuptools_version"": null,
    ""rustc_version"": null,
    ""ci"": null
  }
}",TLSv1.3,TLS_AES_128_GCM_SHA256,"{
  ""http"": null
}"
2026-08-31 18:05:14.000000 UTC,US,/packages/0d/ac/f2db3969a56cd96a3ba78b0fd161939322fb134bd07c98ecc7a7015d3efa/duckdb-1.1.3-cp313-cp313-manylinux_2_17_aarch64.manylinux2014_aarch64.whl,duckdb,"{
  ""file"": {
    ""filename"": ""duckdb-1.1.3-cp313-cp313-manylinux_2_17_aarch64.manylinux2014_aarch64.whl"",
    ""project"": ""duckdb"",
    ""version"": ""1.1.3"",
    ""type"": ""bdist_wheel""
  }
}","{
  ""details"": {
    ""installer"": {
      ""name"": ""Bazel"",
      ""version"": ""9.2.0- (@non-git)"",
      ""subcommand"": null
    },
    ""python"": null,
    ""implementation"": null,
    ""distro"": null,
    ""system"": null,
    ""cpu"": null,
    ""openssl_version"": null,
    ""setuptools_version"": null,
    ""rustc_version"": null,
    ""ci"": null
  }
}",TLSv1.3,TLS_AES_128_GCM_SHA256,"{
  ""http"": null
}"
2026-08-31 18:07:47.000000 UTC,US,/packages/0d/ac/f2db3969a56cd96a3ba78b0fd161939322fb134bd07c98ecc7a7015d3efa/duckdb-1.1.3-cp313-cp313-manylinux_2_17_aarch64.manylinux2014_aarch64.whl,duckdb,"{
  ""file"": {
    ""filename"": ""duckdb-1.1.3-cp313-cp313-manylinux_2_17_aarch64.manylinux2014_aarch64.whl"",
    ""project"": ""duckdb"",
    ""version"": ""1.1.3"",
    ""type"": ""bdist_wheel""
  }
}","{
  ""details"": {
    ""installer"": {
      ""name"": ""Bazel"",
      ""version"": ""9.2.0- (@non-git)"",
      ""subcommand"": null
    },
    ""python"": null,
    ""implementation"": null,
    ""distro"": null,
    ""system"": null,
    ""cpu"": null,
    ""openssl_version"": null,
    ""setuptools_version"": null,
    ""rustc_version"": null,
    ""ci"": null
  }
}",TLSv1.3,TLS_AES_128_GCM_SHA256,"{
  ""http"": null
}"
2026-08-31 18:05:02.000000 UTC,US,/packages/0d/ac/f2db3969a56cd96a3ba78b0fd161939322fb134bd07c98ecc7a7015d3efa/duckdb-1.1.3-cp313-cp313-manylinux_2_17_aarch64.manylinux2014_aarch64.whl,duckdb,"{
  ""file"": {
    ""filename"": ""duckdb-1.1.3-cp313-cp313-manylinux_2_17_aarch64.manylinux2014_aarch64.whl"",
    ""project"": ""duckdb"",
    ""version"": ""1.1.3"",
    ""type"": ""bdist_wheel""
  }
}","{
  ""details"": {
    ""installer"": {
      ""name"": ""Bazel"",
      ""version"": ""9.2.0- (@non-git)"",
      ""subcommand"": null
    },
    ""python"": null,
    ""implementation"": null,
    ""distro"": null,
    ""system"": null,
    ""cpu"": null,
    ""openssl_version"": null,
    ""setuptools_version"": null,
    ""rustc_version"": null,
    ""ci"": null
  }
}",TLSv1.3,TLS_AES_128_GCM_SHA256,"{
  ""http"": null
}"
2026-08-31 18:05:57.000000 UTC,US,/packages/0d/ac/f2db3969a56cd96a3ba78b0fd161939322fb134bd07c98ecc7a7015d3efa/duckdb-1.1.3-cp313-cp313-manylinux_2_17_aarch64.manylinux2014_aarch64.whl,duckdb,"{
  ""file"": {
    ""filename"": ""duckdb-1.1.3-cp313-cp313-manylinux_2_17_aarch64.manylinux2014_aarch64.whl"",
    ""project"": ""duckdb"",
    ""version"": ""1.1.3"",
    ""type"": ""bdist_wheel""
  }
}","{
  ""details"": {
    ""installer"": {
      ""name"": ""Bazel"",
      ""version"": ""9.2.0- (@non-git)"",
      ""subcommand"": null
    },
    ""python"": null,
    ""implementation"": null,
    ""distro"": null,
    ""system"": null,
    ""cpu"": null,
    ""openssl_version"": null,
    ""setuptools_version"": null,
    ""rustc_version"": null,
    ""ci"": null
  }
}",TLSv1.3,TLS_AES_128_GCM_SHA256,"{
  ""http"": null
}"
2026-08-31 18:05:12.000000 UTC,US,/packages/0d/ac/f2db3969a56cd96a3ba78b0fd161939322fb134bd07c98ecc7a7015d3efa/duckdb-1.1.3-cp313-cp313-manylinux_2_17_aarch64.manylinux2014_aarch64.whl,duckdb,"{
  ""file"": {
    ""filename"": ""duckdb-1.1.3-cp313-cp313-manylinux_2_17_aarch64.manylinux2014_aarch64.whl"",
    ""project"": ""duckdb"",
    ""version"": ""1.1.3"",
    ""type"": ""bdist_wheel""
  }
}","{
  ""details"": {
    ""installer"": {
      ""name"": ""Bazel"",
      ""version"": ""9.2.0- (@non-git)"",
      ""subcommand"": null
    },
    ""python"": null,
    ""implementation"": null,
    ""distro"": null,
    ""system"": null,
    ""cpu"": null,
    ""openssl_version"": null,
    ""setuptools_version"": null,
    ""rustc_version"": null,
    ""ci"": null
  }
}",TLSv1.3,TLS_AES_128_GCM_SHA256,"{
  ""http"": null
}"
2026-08-31 18:00:44.000000 UTC,US,/packages/0d/ac/f2db3969a56cd96a3ba78b0fd161939322fb134bd07c98ecc7a7015d3efa/duckdb-1.1.3-cp313-cp313-manylinux_2_17_aarch64.manylinux2014_aarch64.whl,duckdb,"{
  ""file"": {
    ""filename"": ""duckdb-1.1.3-cp313-cp313-manylinux_2_17_aarch64.manylinux2014_aarch64.whl"",
    ""project"": ""duckdb"",
    ""version"": ""1.1.3"",
    ""type"": ""bdist_wheel""
  }
}","{
  ""details"": {
    ""installer"": {
      ""name"": ""Bazel"",
      ""version"": ""9.2.0- (@non-git)"",
      ""subcommand"": null
    },
    ""python"": null,
    ""implementation"": null,
    ""distro"": null,
    ""system"": null,
    ""cpu"": null,
    ""openssl_version"": null,
    ""setuptools_version"": null,
    ""rustc_version"": null,
    ""ci"": null
  }
}",TLSv1.3,TLS_AES_128_GCM_SHA256,"{
  ""http"": null
}"
2026-08-31 18:05:23.000000 UTC,US,/packages/0d/ac/f2db3969a56cd96a3ba78b0fd161939322fb134bd07c98ecc7a7015d3efa/duckdb-1.1.3-cp313-cp313-manylinux_2_17_aarch64.manylinux2014_aarch64.whl,duckdb,"{
  ""file"": {
    ""filename"": ""duckdb-1.1.3-cp313-cp313-manylinux_2_17_aarch64.manylinux2014_aarch64.whl"",
    ""project"": ""duckdb"",
    ""version"": ""1.1.3"",
    ""type"": ""bdist_wheel""
  }
}","{
  ""details"": {
    ""installer"": {
      ""name"": ""Bazel"",
      ""version"": ""9.2.0- (@non-git)"",
      ""subcommand"": null
    },
    ""python"": null,
    ""implementation"": null,
    ""distro"": null,
    ""system"": null,
    ""cpu"": null,
    ""openssl_version"": null,
    ""setuptools_version"": null,
    ""rustc_version"": null,
    ""ci"": null
  }
}",TLSv1.3,TLS_AES_128_GCM_SHA256,"{
  ""http"": null
}"
2026-08-31 18:05:14.000000 UTC,US,/packages/cf/66/d0be7c9518b1b92185018bacd851f977a101c9818686f667bbf884abcfbc/duckdb-1.1.3-cp313-cp313-manylinux_2_17_x86_64.manylinux2014_x86_64.whl,duckdb,"{
  ""file"": {
    ""filename"": ""duckdb-1.1.3-cp313-cp313-manylinux_2_17_x86_64.manylinux2014_x86_64.whl"",
    ""project"": ""duckdb"",
    ""version"": ""1.1.3"",
    ""type"": ""bdist_wheel""
  }
}","{
  ""details"": {
    ""installer"": {
      ""name"": ""Bazel"",
      ""version"": ""9.2.0- (@non-git)"",
      ""subcommand"": null
    },
    ""python"": null,
    ""implementation"": null,
    ""distro"": null,
    ""system"": null,
    ""cpu"": null,
    ""openssl_version"": null,
    ""setuptools_version"": null,
    ""rustc_version"": null,
    ""ci"": null
  }
}",TLSv1.3,TLS_AES_128_GCM_SHA256,"{
  ""http"": null
}"
2026-08-31 18:04:00.000000 UTC,SG,/packages/cf/66/d0be7c9518b1b92185018bacd851f977a101c9818686f667bbf884abcfbc/duckdb-1.1.3-cp313-cp313-manylinux_2_17_x86_64.manylinux2014_x86_64.whl,duckdb,"{
  ""file"": {
    ""filename"": ""duckdb-1.1.3-cp313-cp313-manylinux_2_17_x86_64.manylinux2014_x86_64.whl"",
    ""project"": ""duckdb"",
    ""version"": ""1.1.3"",
    ""type"": ""bdist_wheel""
  }
}","{
  ""details"": {
    ""installer"": {
      ""name"": ""Browser"",
      ""version"": null,
      ""subcommand"": null
    },
    ""python"": null,
    ""implementation"": null,
    ""distro"": null,
    ""system"": null,
    ""cpu"": null,
    ""openssl_version"": null,
    ""setuptools_version"": null,
    ""rustc_version"": null,
    ""ci"": null
  }
}",TLSv1.3,TLS_AES_128_GCM_SHA256,"{
  ""http"": null
}"
2026-08-31 18:05:12.000000 UTC,US,/packages/cf/66/d0be7c9518b1b92185018bacd851f977a101c9818686f667bbf884abcfbc/duckdb-1.1.3-cp313-cp313-manylinux_2_17_x86_64.manylinux2014_x86_64.whl,duckdb,"{
  ""file"": {
    ""filename"": ""duckdb-1.1.3-cp313-cp313-manylinux_2_17_x86_64.manylinux2014_x86_64.whl"",
    ""project"": ""duckdb"",
    ""version"": ""1.1.3"",
    ""type"": ""bdist_wheel""
  }
}","{
  ""details"": {
    ""installer"": {
      ""name"": ""Bazel"",
      ""version"": ""9.2.0- (@non-git)"",
      ""subcommand"": null
    },
    ""python"": null,
    ""implementation"": null,
    ""distro"": null,
    ""system"": null,
    ""cpu"": null,
    ""openssl_version"": null,
    ""setuptools_version"": null,
    ""rustc_version"": null,
    ""ci"": null
  }
}",TLSv1.3,TLS_AES_128_GCM_SHA256,"{
  ""http"": null
}"
2026-08-31 18:06:22.000000 UTC,US,/packages/cf/66/d0be7c9518b1b92185018bacd851f977a101c9818686f667bbf884abcfbc/duckdb-1.1.3-cp313-cp313-manylinux_2_17_x86_64.manylinux2014_x86_64.whl,duckdb,"{
  ""file"": {
    ""filename"": ""duckdb-1.1.3-cp313-cp313-manylinux_2_17_x86_64.manylinux2014_x86_64.whl"",
    ""project"": ""duckdb"",
    ""version"": ""1.1.3"",
    ""type"": ""bdist_wheel""
  }
}","{
  ""details"": {
    ""installer"": {
      ""name"": ""Bazel"",
      ""version"": ""9.2.0- (@non-git)"",
      ""subcommand"": null
    },
    ""python"": null,
    ""implementation"": null,
    ""distro"": null,
    ""system"": null,
    ""cpu"": null,
    ""openssl_version"": null,
    ""setuptools_version"": null,
    ""rustc_version"": null,
    ""ci"": null
  }
}",TLSv1.3,TLS_AES_128_GCM_SHA256,"{
  ""http"": null
}"
2026-08-31 18:02:20.000000 UTC,SG,/packages/cf/66/d0be7c9518b1b92185018bacd851f977a101c9818686f667bbf884abcfbc/duckdb-1.1.3-cp313-cp313-manylinux_2_17_x86_64.manylinux2014_x86_64.whl,duckdb,"{
  ""file"": {
    ""filename"": ""duckdb-1.1.3-cp313-cp313-manylinux_2_17_x86_64.manylinux2014_x86_64.whl"",
    ""project"": ""duckdb"",
    ""version"": ""1.1.3"",
    ""type"": ""bdist_wheel""
  }
}","{
  ""details"": {
    ""installer"": {
      ""name"": ""Browser"",
      ""version"": null,
      ""subcommand"": null
    },
    ""python"": null,
    ""implementation"": null,
    ""distro"": null,
    ""system"": null,
    ""cpu"": null,
    ""openssl_version"": null,
    ""setuptools_version"": null,
    ""rustc_version"": null,
    ""ci"": null
  }
}",TLSv1.3,TLS_AES_128_GCM_SHA256,"{
  ""http"": null
}"
2026-08-31 18:00:22.000000 UTC,US,/packages/cf/66/d0be7c9518b1b92185018bacd851f977a101c9818686f667bbf884abcfbc/duckdb-1.1.3-cp313-cp313-manylinux_2_17_x86_64.manylinux2014_x86_64.whl,duckdb,"{
  ""file"": {
    ""filename"": ""duckdb-1.1.3-cp313-cp313-manylinux_2_17_x86_64.manylinux2014_x86_64.whl"",
    ""project"": ""duckdb"",
    ""version"": ""1.1.3"",
    ""type"": ""bdist_wheel""
  }
}","{
  ""details"": {
    ""installer"": {
      ""name"": ""Bazel"",
      ""version"": ""9.2.0- (@non-git)"",
      ""subcommand"": null
    },
    ""python"": null,
    ""implementation"": null,
    ""distro"": null,
    ""system"": null,
    ""cpu"": null,
    ""openssl_version"": null,
    ""setuptools_version"": null,
    ""rustc_version"": null,
    ""ci"": null
  }
}",TLSv1.3,TLS_AES_128_GCM_SHA256,"{
  ""http"": null
}"
2026-08-31 18:08:28.000000 UTC,US,/packages/cf/66/d0be7c9518b1b92185018bacd851f977a101c9818686f667bbf884abcfbc/duckdb-1.1.3-cp313-cp313-manylinux_2_17_x86_64.manylinux2014_x86_64.whl,duckdb,"{
  ""file"": {
    ""filename"": ""duckdb-1.1.3-cp313-cp313-manylinux_2_17_x86_64.manylinux2014_x86_64.whl"",
    ""project"": ""duckdb"",
    ""version"": ""1.1.3"",
    ""type"": ""bdist_wheel""
  }
}","{
  ""details"": {
    ""installer"": {
      ""name"": ""Bazel"",
      ""version"": ""9.2.0- (@non-git)"",
      ""subcommand"": null
    },
    ""python"": null,
    ""implementation"": null,
    ""distro"": null,
    ""system"": null,
    ""cpu"": null,
    ""openssl_version"": null,
    ""setuptools_version"": null,
    ""rustc_version"": null,
    ""ci"": null
  }
}",TLSv1.3,TLS_AES_128_GCM_SHA256,"{
  ""http"": null
}"
2026-08-31 18:00:45.000000 UTC,US,/packages/cf/66/d0be7c9518b1b92185018bacd851f977a101c9818686f667bbf884abcfbc/duckdb-1.1.3-cp313-cp313-manylinux_2_17_x86_64.manylinux2014_x86_64.whl,duckdb,"{
  ""file"": {
    ""filename"": ""duckdb-1.1.3-cp313-cp313-manylinux_2_17_x86_64.manylinux2014_x86_64.whl"",
    ""project"": ""duckdb"",
    ""version"": ""1.1.3"",
    ""type"": ""bdist_wheel""
  }
}","{
  ""details"": {
    ""installer"": {
      ""name"": ""Bazel"",
      ""version"": ""9.2.0- (@non-git)"",
      ""subcommand"": null
    },
    ""python"": null,
    ""implementation"": null,
    ""distro"": null,
    ""system"": null,
    ""cpu"": null,
    ""openssl_version"": null,
    ""setuptools_version"": null,
    ""rustc_version"": null,
    ""ci"": null
  }
}",TLSv1.3,TLS_AES_128_GCM_SHA256,"{
  ""http"": null
}"
2026-08-31 18:05:03.000000 UTC,US,/packages/cf/66/d0be7c9518b1b92185018bacd851f977a101c9818686f667bbf884abcfbc/duckdb-1.1.3-cp313-cp313-manylinux_2_17_x86_64.manylinux2014_x86_64.whl,duckdb,"{
  ""file"": {
    ""filename"": ""duckdb-1.1.3-cp313-cp313-manylinux_2_17_x86_64.manylinux2014_x86_64.whl"",
    ""project"": ""duckdb"",
    ""version"": ""1.1.3"",
    ""type"": ""bdist_wheel""
  }
}","{
  ""details"": {
    ""installer"": {
      ""name"": ""Bazel"",
      ""version"": ""9.2.0- (@non-git)"",
      ""subcommand"": null
    },
    ""python"": null,
    ""implementation"": null,
    ""distro"": null,
    ""system"": null,
    ""cpu"": null,
    ""openssl_version"": null,
    ""setuptools_version"": null,
    ""rustc_version"": null,
    ""ci"": null
  }
}",TLSv1.3,TLS_AES_128_GCM_SHA256,"{
  ""http"": null
}"
2026-08-31 18:05:42.000000 UTC,US,/packages/cf/66/d0be7c9518b1b92185018bacd851f977a101c9818686f667bbf884abcfbc/duckdb-1.1.3-cp313-cp313-manylinux_2_17_x86_64.manylinux2014_x86_64.whl,duckdb,"{
  ""file"": {
    ""filename"": ""duckdb-1.1.3-cp313-cp313-manylinux_2_17_x86_64.manylinux2014_x86_64.whl"",
    ""project"": ""duckdb"",
    ""version"": ""1.1.3"",
    ""type"": ""bdist_wheel""
  }
}","{
  ""details"": {
    ""installer"": {
      ""name"": ""Bazel"",
      ""version"": ""9.2.0- (@non-git)"",
      ""subcommand"": null
    },
    ""python"": null,
    ""implementation"": null,
    ""distro"": null,
    ""system"": null,
    ""cpu"": null,
    ""openssl_version"": null,
    ""setuptools_version"": null,
    ""rustc_version"": null,
    ""ci"": null
  }
}",TLSv1.3,TLS_AES_128_GCM_SHA256,"{
  ""http"": null
}"
2026-08-31 18:05:03.000000 UTC,US,/packages/cf/66/d0be7c9518b1b92185018bacd851f977a101c9818686f667bbf884abcfbc/duckdb-1.1.3-cp313-cp313-manylinux_2_17_x86_64.manylinux2014_x86_64.whl,duckdb,"{
  ""file"": {
    ""filename"": ""duckdb-1.1.3-cp313-cp313-manylinux_2_17_x86_64.manylinux2014_x86_64.whl"",
    ""project"": ""duckdb"",
    ""version"": ""1.1.3"",
    ""type"": ""bdist_wheel""
  }
}","{
  ""details"": {
    ""installer"": {
      ""name"": ""Bazel"",
      ""version"": ""9.2.0- (@non-git)"",
      ""subcommand"": null
    },
    ""python"": null,
    ""implementation"": null,
    ""distro"": null,
    ""system"": null,
    ""cpu"": null,
    ""openssl_version"": null,
    ""setuptools_version"": null,
    ""rustc_version"": null,
    ""ci"": null
  }
}",TLSv1.3,TLS_AES_128_GCM_SHA256,"{
  ""http"": null
}"
2026-08-31 18:04:58.000000 UTC,US,/packages/cf/66/d0be7c9518b1b92185018bacd851f977a101c9818686f667bbf884abcfbc/duckdb-1.1.3-cp313-cp313-manylinux_2_17_x86_64.manylinux2014_x86_64.whl,duckdb,"{
  ""file"": {
    ""filename"": ""duckdb-1.1.3-cp313-cp313-manylinux_2_17_x86_64.manylinux2014_x86_64.whl"",
    ""project"": ""duckdb"",
    ""version"": ""1.1.3"",
    ""type"": ""bdist_wheel""
  }
}","{
  ""details"": {
    ""installer"": {
      ""name"": ""Bazel"",
      ""version"": ""9.2.0- (@non-git)"",
      ""subcommand"": null
    },
    ""python"": null,
    ""implementation"": null,
    ""distro"": null,
    ""system"": null,
    ""cpu"": null,
    ""openssl_version"": null,
    ""setuptools_version"": null,
    ""rustc_version"": null,
    ""ci"": null
  }
}",TLSv1.3,TLS_AES_128_GCM_SHA256,"{
  ""http"": null
}"
2026-08-31 18:06:52.000000 UTC,US,/packages/cf/66/d0be7c9518b1b92185018bacd851f977a101c9818686f667bbf884abcfbc/duckdb-1.1.3-cp313-cp313-manylinux_2_17_x86_64.manylinux2014_x86_64.whl,duckdb,"{
  ""file"": {
    ""filename"": ""duckdb-1.1.3-cp313-cp313-manylinux_2_17_x86_64.manylinux2014_x86_64.whl"",
    ""project"": ""duckdb"",
    ""version"": ""1.1.3"",
    ""type"": ""bdist_wheel""
  }
}","{
  ""details"": {
    ""installer"": {
      ""name"": ""Bazel"",
      ""version"": ""9.2.0- (@non-git)"",
      ""subcommand"": null
    },
    ""python"": null,
    ""implementation"": null,
    ""distro"": null,
    ""system"": null,
    ""cpu"": null,
    ""openssl_version"": null,
    ""setuptools_version"": null,
    ""rustc_version"": null,
    ""ci"": null
  }
}",TLSv1.3,TLS_AES_128_GCM_SHA256,"{
  ""http"": null
}"
2026-08-31 18:05:23.000000 UTC,US,/packages/cf/66/d0be7c9518b1b92185018bacd851f977a101c9818686f667bbf884abcfbc/duckdb-1.1.3-cp313-cp313-manylinux_2_17_x86_64.manylinux2014_x86_64.whl,duckdb,"{
  ""file"": {
    ""filename"": ""duckdb-1.1.3-cp313-cp313-manylinux_2_17_x86_64.manylinux2014_x86_64.whl"",
    ""project"": ""duckdb"",
    ""version"": ""1.1.3"",
    ""type"": ""bdist_wheel""
  }
}","{
  ""details"": {
    ""installer"": {
      ""name"": ""Bazel"",
      ""version"": ""9.2.0- (@non-git)"",
      ""subcommand"": null
    },
    ""python"": null,
    ""implementation"": null,
    ""distro"": null,
    ""system"": null,
    ""cpu"": null,
    ""openssl_version"": null,
    ""setuptools_version"": null,
    ""rustc_version"": null,
    ""ci"": null
  }
}",TLSv1.3,TLS_AES_128_GCM_SHA256,"{
  ""http"": null
}"
2026-08-31 18:05:16.000000 UTC,US,/packages/cf/66/d0be7c9518b1b92185018bacd851f977a101c9818686f667bbf884abcfbc/duckdb-1.1.3-cp313-cp313-manylinux_2_17_x86_64.manylinux2014_x86_64.whl,duckdb,"{
  ""file"": {
    ""filename"": ""duckdb-1.1.3-cp313-cp313-manylinux_2_17_x86_64.manylinux2014_x86_64.whl"",
    ""project"": ""duckdb"",
    ""version"": ""1.1.3"",
    ""type"": ""bdist_wheel""
  }
}","{
  ""details"": {
    ""installer"": {
      ""name"": ""Bazel"",
      ""version"": ""9.2.0- (@non-git)"",
      ""subcommand"": null
    },
    ""python"": null,
    ""implementation"": null,
    ""distro"": null,
    ""system"": null,
    ""cpu"": null,
    ""openssl_version"": null,
    ""setuptools_version"": null,
    ""rustc_version"": null,
    ""ci"": null
  }
}",TLSv1.3,TLS_AES_128_GCM_SHA256,"{
  ""http"": null
}"
2026-08-31 18:06:32.000000 UTC,US,/packages/cf/66/d0be7c9518b1b92185018bacd851f977a101c9818686f667bbf884abcfbc/duckdb-1.1.3-cp313-cp313-manylinux_2_17_x86_64.manylinux2014_x86_64.whl,duckdb,"{
  ""file"": {
    ""filename"": ""duckdb-1.1.3-cp313-cp313-manylinux_2_17_x86_64.manylinux2014_x86_64.whl"",
    ""project"": ""duckdb"",
    ""version"": ""1.1.3"",
    ""type"": ""bdist_wheel""
  }
}","{
  ""details"": {
    ""installer"": {
      ""name"": ""Bazel"",
      ""version"": ""9.2.0- (@non-git)"",
      ""subcommand"": null
    },
    ""python"": null,
    ""implementation"": null,
    ""distro"": null,
    ""system"": null,
    ""cpu"": null,
    ""openssl_version"": null,
    ""setuptools_version"": null,
    ""rustc_version"": null,
    ""ci"": null
  }
}",TLSv1.3,TLS_AES_128_GCM_SHA256,"{
  ""http"": null
}"
2026-08-31 18:08:54.000000 UTC,US,/packages/cf/66/d0be7c9518b1b92185018bacd851f977a101c9818686f667bbf884abcfbc/duckdb-1.1.3-cp313-cp313-manylinux_2_17_x86_64.manylinux2014_x86_64.whl,duckdb,"{
  ""file"": {
    ""filename"": ""duckdb-1.1.3-cp313-cp313-manylinux_2_17_x86_64.manylinux2014_x86_64.whl"",
    ""project"": ""duckdb"",
    ""version"": ""1.1.3"",
    ""type"": ""bdist_wheel""
  }
}","{
  ""details"": {
    ""installer"": {
      ""name"": ""Bazel"",
      ""version"": ""9.2.0- (@non-git)"",
      ""subcommand"": null
    },
    ""python"": null,
    ""implementation"": null,
    ""distro"": null,
    ""system"": null,
    ""cpu"": null,
    ""openssl_version"": null,
    ""setuptools_version"": null,
    ""rustc_version"": null,
    ""ci"": null
  }
}",TLSv1.3,TLS_AES_128_GCM_SHA256,"{
  ""http"": null
}"
2026-08-31 18:07:48.000000 UTC,US,/packages/cf/66/d0be7c9518b1b92185018bacd851f977a101c9818686f667bbf884abcfbc/duckdb-1.1.3-cp313-cp313-manylinux_2_17_x86_64.manylinux2014_x86_64.whl,duckdb,"{
  ""file"": {
    ""filename"": ""duckdb-1.1.3-cp313-cp313-manylinux_2_17_x86_64.manylinux2014_x86_64.whl"",
    ""project"": ""duckdb"",
    ""version"": ""1.1.3"",
    ""type"": ""bdist_wheel""
  }
}","{
  ""details"": {
    ""installer"": {
      ""name"": ""Bazel"",
      ""version"": ""9.2.0- (@non-git)"",
      ""subcommand"": null
    },
    ""python"": null,
    ""implementation"": null,
    ""distro"": null,
    ""system"": null,
    ""cpu"": null,
    ""openssl_version"": null,
    ""setuptools_version"": null,
    ""rustc_version"": null,
    ""ci"": null
  }
}",TLSv1.3,TLS_AES_128_GCM_SHA256,"{
  ""http"": null
}"
2026-08-31 18:05:05.000000 UTC,US,/packages/cf/66/d0be7c9518b1b92185018bacd851f977a101c9818686f667bbf884abcfbc/duckdb-1.1.3-cp313-cp313-manylinux_2_17_x86_64.manylinux2014_x86_64.whl,duckdb,"{
  ""file"": {
    ""filename"": ""duckdb-1.1.3-cp313-cp313-manylinux_2_17_x86_64.manylinux2014_x86_64.whl"",
    ""project"": ""duckdb"",
    ""version"": ""1.1.3"",
    ""type"": ""bdist_wheel""
  }
}","{
  ""details"": {
    ""installer"": {
      ""name"": ""Bazel"",
      ""version"": ""9.2.0- (@non-git)"",
      ""subcommand"": null
    },
    ""python"": null,
    ""implementation"": null,
    ""distro"": null,
    ""system"": null,
    ""cpu"": null,
    ""openssl_version"": null,
    ""setuptools_version"": null,
    ""rustc_version"": null,
    ""ci"": null
  }
}",TLSv1.3,TLS_AES_128_GCM_SHA256,"{
  ""http"": null
}"
2026-08-31 18:05:58.000000 UTC,US,/packages/cf/66/d0be7c9518b1b92185018bacd851f977a101c9818686f667bbf884abcfbc/duckdb-1.1.3-cp313-cp313-manylinux_2_17_x86_64.manylinux2014_x86_64.whl,duckdb,"{
  ""file"": {
    ""filename"": ""duckdb-1.1.3-cp313-cp313-manylinux_2_17_x86_64.manylinux2014_x86_64.whl"",
    ""project"": ""duckdb"",
    ""version"": ""1.1.3"",
    ""type"": ""bdist_wheel""
  }
}","{
  ""details"": {
    ""installer"": {
      ""name"": ""Bazel"",
      ""version"": ""9.2.0- (@non-git)"",
      ""subcommand"": null
    },
    ""python"": null,
    ""implementation"": null,
    ""distro"": null,
    ""system"": null,
    ""cpu"": null,
    ""openssl_version"": null,
    ""setuptools_version"": null,
    ""rustc_version"": null,
    ""ci"": null
  }
}",TLSv1.3,TLS_AES_128_GCM_SHA256,"{
  ""http"": null
}"
2026-08-31 18:05:26.000000 UTC,US,/packages/cf/66/d0be7c9518b1b92185018bacd851f977a101c9818686f667bbf884abcfbc/duckdb-1.1.3-cp313-cp313-manylinux_2_17_x86_64.manylinux2014_x86_64.whl,duckdb,"{
  ""file"": {
    ""filename"": ""duckdb-1.1.3-cp313-cp313-manylinux_2_17_x86_64.manylinux2014_x86_64.whl"",
    ""project"": ""duckdb"",
    ""version"": ""1.1.3"",
    ""type"": ""bdist_wheel""
  }
}","{
  ""details"": {
    ""installer"": {
      ""name"": ""Bazel"",
      ""version"": ""9.2.0- (@non-git)"",
      ""subcommand"": null
    },
    ""python"": null,
    ""implementation"": null,
    ""distro"": null,
    ""system"": null,
    ""cpu"": null,
    ""openssl_version"": null,
    ""setuptools_version"": null,
    ""rustc_version"": null,
    ""ci"": null
  }
}",TLSv1.3,TLS_AES_128_GCM_SHA256,"{
  ""http"": null
}"
2026-08-31 18:01:55.000000 UTC,US,/packages/cf/66/d0be7c9518b1b92185018bacd851f977a101c9818686f667bbf884abcfbc/duckdb-1.1.3-cp313-cp313-manylinux_2_17_x86_64.manylinux2014_x86_64.whl,duckdb,"{
  ""file"": {
    ""filename"": ""duckdb-1.1.3-cp313-cp313-manylinux_2_17_x86_64.manylinux2014_x86_64.whl"",
    ""project"": ""duckdb"",
    ""version"": ""1.1.3"",
    ""type"": ""bdist_wheel""
  }
}","{
  ""details"": {
    ""installer"": {
      ""name"": ""Bazel"",
      ""version"": ""9.2.0- (@non-git)"",
      ""subcommand"": null
    },
    ""python"": null,
    ""implementation"": null,
    ""distro"": null,
    ""system"": null,
    ""cpu"": null,
    ""openssl_version"": null,
    ""setuptools_version"": null,
    ""rustc_version"": null,
    ""ci"": null
  }
}",TLSv1.3,TLS_AES_128_GCM_SHA256,"{
  ""http"": null
}"
2026-08-31 18:08:46.000000 UTC,US,/packages/cf/66/d0be7c9518b1b92185018bacd851f977a101c9818686f667bbf884abcfbc/duckdb-1.1.3-cp313-cp313-manylinux_2_17_x86_64.manylinux2014_x86_64.whl,duckdb,"{
  ""file"": {
    ""filename"": ""duckdb-1.1.3-cp313-cp313-manylinux_2_17_x86_64.manylinux2014_x86_64.whl"",
    ""project"": ""duckdb"",
    ""version"": ""1.1.3"",
    ""type"": ""bdist_wheel""
  }
}","{
  ""details"": {
    ""installer"": {
      ""name"": ""Bazel"",
      ""version"": ""9.2.0- (@non-git)"",
      ""subcommand"": null
    },
    ""python"": null,
    ""implementation"": null,
    ""distro"": null,
    ""system"": null,
    ""cpu"": null,
    ""openssl_version"": null,
    ""setuptools_version"": null,
    ""rustc_version"": null,
    ""ci"": null
  }
}",TLSv1.3,TLS_AES_128_GCM_SHA256,"{
  ""http"": null
}"
2026-08-31 18:08:35.000000 UTC,US,/packages/cf/66/d0be7c9518b1b92185018bacd851f977a101c9818686f667bbf884abcfbc/duckdb-1.1.3-cp313-cp313-manylinux_2_17_x86_64.manylinux2014_x86_64.whl,duckdb,"{
  ""file"": {
    ""filename"": ""duckdb-1.1.3-cp313-cp313-manylinux_2_17_x86_64.manylinux2014_x86_64.whl"",
    ""project"": ""duckdb"",
    ""version"": ""1.1.3"",
    ""type"": ""bdist_wheel""
  }
}","{
  ""details"": {
    ""installer"": {
      ""name"": ""Bazel"",
      ""version"": ""9.2.0- (@non-git)"",
      ""subcommand"": null
    },
    ""python"": null,
    ""implementation"": null,
    ""distro"": null,
    ""system"": null,
    ""cpu"": null,
    ""openssl_version"": null,
    ""setuptools_version"": null,
    ""rustc_version"": null,
    ""ci"": null
  }
}",TLSv1.3,TLS_AES_128_GCM_SHA256,"{
  ""http"": null
}"
2026-08-31 18:09:54.000000 UTC,US,/packages/cf/66/d0be7c9518b1b92185018bacd851f977a101c9818686f667bbf884abcfbc/duckdb-1.1.3-cp313-cp313-manylinux_2_17_x86_64.manylinux2014_x86_64.whl,duckdb,"{
  ""file"": {
    ""filename"": ""duckdb-1.1.3-cp313-cp313-manylinux_2_17_x86_64.manylinux2014_x86_64.whl"",
    ""project"": ""duckdb"",
    ""version"": ""1.1.3"",
    ""type"": ""bdist_wheel""
  }
}","{
  ""details"": {
    ""installer"": {
      ""name"": ""Bazel"",
      ""version"": ""9.2.0- (@non-git)"",
      ""subcommand"": null
    },
    ""python"": null,
    ""implementation"": null,
    ""distro"": null,
    ""system"": null,
    ""cpu"": null,
    ""openssl_version"": null,
    ""setuptools_version"": null,
    ""rustc_version"": null,
    ""ci"": null
  }
}",TLSv1.3,TLS_AES_128_GCM_SHA256,"{
  ""http"": null
}"
2026-08-31 18:06:42.000000 UTC,US,/packages/cf/66/d0be7c9518b1b92185018bacd851f977a101c9818686f667bbf884abcfbc/duckdb-1.1.3-cp313-cp313-manylinux_2_17_x86_64.manylinux2014_x86_64.whl,duckdb,"{
  ""file"": {
    ""filename"": ""duckdb-1.1.3-cp313-cp313-manylinux_2_17_x86_64.manylinux2014_x86_64.whl"",
    ""project"": ""duckdb"",
    ""version"": ""1.1.3"",
    ""type"": ""bdist_wheel""
  }
}","{
  ""details"": {
    ""installer"": {
      ""name"": ""Bazel"",
      ""version"": ""9.2.0- (@non-git)"",
      ""subcommand"": null
    },
    ""python"": null,
    ""implementation"": null,
    ""distro"": null,
    ""system"": null,
    ""cpu"": null,
    ""openssl_version"": null,
    ""setuptools_version"": null,
    ""rustc_version"": null,
    ""ci"": null
  }
}",TLSv1.3,TLS_AES_128_GCM_SHA256,"{
  ""http"": null
}"
2026-08-31 18:05:12.000000 UTC,US,/packages/cf/66/d0be7c9518b1b92185018bacd851f977a101c9818686f667bbf884abcfbc/duckdb-1.1.3-cp313-cp313-manylinux_2_17_x86_64.manylinux2014_x86_64.whl,duckdb,"{
  ""file"": {
    ""filename"": ""duckdb-1.1.3-cp313-cp313-manylinux_2_17_x86_64.manylinux2014_x86_64.whl"",
    ""project"": ""duckdb"",
    ""version"": ""1.1.3"",
    ""type"": ""bdist_wheel""
  }
}","{
  ""details"": {
    ""installer"": {
      ""name"": ""Bazel"",
      ""version"": ""9.2.0- (@non-git)"",
      ""subcommand"": null
    },
    ""python"": null,
    ""implementation"": null,
    ""distro"": null,
    ""system"": null,
    ""cpu"": null,
    ""openssl_version"": null,
    ""setuptools_version"": null,
    ""rustc_version"": null,
    ""ci"": null
  }
}",TLSv1.3,TLS_AES_128_GCM_SHA256,"{
  ""http"": null
}"
2026-08-31 18:05:30.000000 UTC,US,/packages/cf/66/d0be7c9518b1b92185018bacd851f977a101c9818686f667bbf884abcfbc/duckdb-1.1.3-cp313-cp313-manylinux_2_17_x86_64.manylinux2014_x86_64.whl,duckdb,"{
  ""file"": {
    ""filename"": ""duckdb-1.1.3-cp313-cp313-manylinux_2_17_x86_64.manylinux2014_x86_64.whl"",
    ""project"": ""duckdb"",
    ""version"": ""1.1.3"",
    ""type"": ""bdist_wheel""
  }
}","{
  ""details"": {
    ""installer"": {
      ""name"": ""Bazel"",
      ""version"": ""9.2.0- (@non-git)"",
      ""subcommand"": null
    },
    ""python"": null,
    ""implementation"": null,
    ""distro"": null,
    ""system"": null,
    ""cpu"": null,
    ""openssl_version"": null,
    ""setuptools_version"": null,
    ""rustc_version"": null,
    ""ci"": null
  }
}",TLSv1.3,TLS_AES_128_GCM_SHA256,"{
  ""http"": null
}"
2026-08-31 18:00:23.000000 UTC,US,/packages/47/ae/c2df66e3716705f48775e692a1b8accbf3dc6e2c27a0ae307fb4b063e115/duckdb-1.1.3-cp313-cp313-manylinux_2_24_aarch64.manylinux_2_28_aarch64.whl,duckdb,"{
  ""file"": {
    ""filename"": ""duckdb-1.1.3-cp313-cp313-manylinux_2_24_aarch64.manylinux_2_28_aarch64.whl"",
    ""project"": ""duckdb"",
    ""version"": ""1.1.3"",
    ""type"": ""bdist_wheel""
  }
}","{
  ""details"": {
    ""installer"": {
      ""name"": ""Bazel"",
      ""version"": ""9.2.0- (@non-git)"",
      ""subcommand"": null
    },
    ""python"": null,
    ""implementation"": null,
    ""distro"": null,
    ""system"": null,
    ""cpu"": null,
    ""openssl_version"": null,
    ""setuptools_version"": null,
    ""rustc_version"": null,
    ""ci"": null
  }
}",TLSv1.3,TLS_AES_128_GCM_SHA256,"{
  ""http"": null
}"
2026-08-31 18:08:28.000000 UTC,US,/packages/47/ae/c2df66e3716705f48775e692a1b8accbf3dc6e2c27a0ae307fb4b063e115/duckdb-1.1.3-cp313-cp313-manylinux_2_24_aarch64.manylinux_2_28_aarch64.whl,duckdb,"{
  ""file"": {
    ""filename"": ""duckdb-1.1.3-cp313-cp313-manylinux_2_24_aarch64.manylinux_2_28_aarch64.whl"",
    ""project"": ""duckdb"",
    ""version"": ""1.1.3"",
    ""type"": ""bdist_wheel""
  }
}","{
  ""details"": {
    ""installer"": {
      ""name"": ""Bazel"",
      ""version"": ""9.2.0- (@non-git)"",
      ""subcommand"": null
    },
    ""python"": null,
    ""implementation"": null,
    ""distro"": null,
    ""system"": null,
    ""cpu"": null,
    ""openssl_version"": null,
    ""setuptools_version"": null,
    ""rustc_version"": null,
    ""ci"": null
  }
}",TLSv1.3,TLS_AES_128_GCM_SHA256,"{
  ""http"": null
}"
2026-08-31 18:09:54.000000 UTC,US,/packages/47/ae/c2df66e3716705f48775e692a1b8accbf3dc6e2c27a0ae307fb4b063e115/duckdb-1.1.3-cp313-cp313-manylinux_2_24_aarch64.manylinux_2_28_aarch64.whl,duckdb,"{
  ""file"": {
    ""filename"": ""duckdb-1.1.3-cp313-cp313-manylinux_2_24_aarch64.manylinux_2_28_aarch64.whl"",
    ""project"": ""duckdb"",
    ""version"": ""1.1.3"",
    ""type"": ""bdist_wheel""
  }
}","{
  ""details"": {
    ""installer"": {
      ""name"": ""Bazel"",
      ""version"": ""9.2.0- (@non-git)"",
      ""subcommand"": null
    },
    ""python"": null,
    ""implementation"": null,
    ""distro"": null,
    ""system"": null,
    ""cpu"": null,
    ""openssl_version"": null,
    ""setuptools_version"": null,
    ""rustc_version"": null,
    ""ci"": null
  }
}",TLSv1.3,TLS_AES_128_GCM_SHA256,"{
  ""http"": null
}"
2026-08-31 18:05:12.000000 UTC,US,/packages/47/ae/c2df66e3716705f48775e692a1b8accbf3dc6e2c27a0ae307fb4b063e115/duckdb-1.1.3-cp313-cp313-manylinux_2_24_aarch64.manylinux_2_28_aarch64.whl,duckdb,"{
  ""file"": {
    ""filename"": ""duckdb-1.1.3-cp313-cp313-manylinux_2_24_aarch64.manylinux_2_28_aarch64.whl"",
    ""project"": ""duckdb"",
    ""version"": ""1.1.3"",
    ""type"": ""bdist_wheel""
  }
}","{
  ""details"": {
    ""installer"": {
      ""name"": ""Bazel"",
      ""version"": ""9.2.0- (@non-git)"",
      ""subcommand"": null
    },
    ""python"": null,
    ""implementation"": null,
    ""distro"": null,
    ""system"": null,
    ""cpu"": null,
    ""openssl_version"": null,
    ""setuptools_version"": null,
    ""rustc_version"": null,
    ""ci"": null
  }
}",TLSv1.3,TLS_AES_128_GCM_SHA256,"{
  ""http"": null
}"
2026-08-31 18:00:46.000000 UTC,US,/packages/47/ae/c2df66e3716705f48775e692a1b8accbf3dc6e2c27a0ae307fb4b063e115/duckdb-1.1.3-cp313-cp313-manylinux_2_24_aarch64.manylinux_2_28_aarch64.whl,duckdb,"{
  ""file"": {
    ""filename"": ""duckdb-1.1.3-cp313-cp313-manylinux_2_24_aarch64.manylinux_2_28_aarch64.whl"",
    ""project"": ""duckdb"",
    ""version"": ""1.1.3"",
    ""type"": ""bdist_wheel""
  }
}","{
  ""details"": {
    ""installer"": {
      ""name"": ""Bazel"",
      ""version"": ""9.2.0- (@non-git)"",
      ""subcommand"": null
    },
    ""python"": null,
    ""implementation"": null,
    ""distro"": null,
    ""system"": null,
    ""cpu"": null,
    ""openssl_version"": null,
    ""setuptools_version"": null,
    ""rustc_version"": null,
    ""ci"": null
  }
}",TLSv1.3,TLS_AES_128_GCM_SHA256,"{
  ""http"": null
}"
2026-08-31 18:05:04.000000 UTC,US,/packages/47/ae/c2df66e3716705f48775e692a1b8accbf3dc6e2c27a0ae307fb4b063e115/duckdb-1.1.3-cp313-cp313-manylinux_2_24_aarch64.manylinux_2_28_aarch64.whl,duckdb,"{
  ""file"": {
    ""filename"": ""duckdb-1.1.3-cp313-cp313-manylinux_2_24_aarch64.manylinux_2_28_aarch64.whl"",
    ""project"": ""duckdb"",
    ""version"": ""1.1.3"",
    ""type"": ""bdist_wheel""
  }
}","{
  ""details"": {
    ""installer"": {
      ""name"": ""Bazel"",
      ""version"": ""9.2.0- (@non-git)"",
      ""subcommand"": null
    },
    ""python"": null,
    ""implementation"": null,
    ""distro"": null,
    ""system"": null,
    ""cpu"": null,
    ""openssl_version"": null,
    ""setuptools_version"": null,
    ""rustc_version"": null,
    ""ci"": null
  }
}",TLSv1.3,TLS_AES_128_GCM_SHA256,"{
  ""http"": null
}"
2026-08-31 18:06:23.000000 UTC,US,/packages/47/ae/c2df66e3716705f48775e692a1b8accbf3dc6e2c27a0ae307fb4b063e115/duckdb-1.1.3-cp313-cp313-manylinux_2_24_aarch64.manylinux_2_28_aarch64.whl,duckdb,"{
  ""file"": {
    ""filename"": ""duckdb-1.1.3-cp313-cp313-manylinux_2_24_aarch64.manylinux_2_28_aarch64.whl"",
    ""project"": ""duckdb"",
    ""version"": ""1.1.3"",
    ""type"": ""bdist_wheel""
  }
}","{
  ""details"": {
    ""installer"": {
      ""name"": ""Bazel"",
      ""version"": ""9.2.0- (@non-git)"",
      ""subcommand"": null
    },
    ""python"": null,
    ""implementation"": null,
    ""distro"": null,
    ""system"": null,
    ""cpu"": null,
    ""openssl_version"": null,
    ""setuptools_version"": null,
    ""rustc_version"": null,
    ""ci"": null
  }
}",TLSv1.3,TLS_AES_128_GCM_SHA256,"{
  ""http"": null
}"
2026-08-31 18:05:31.000000 UTC,US,/packages/47/ae/c2df66e3716705f48775e692a1b8accbf3dc6e2c27a0ae307fb4b063e115/duckdb-1.1.3-cp313-cp313-manylinux_2_24_aarch64.manylinux_2_28_aarch64.whl,duckdb,"{
  ""file"": {
    ""filename"": ""duckdb-1.1.3-cp313-cp313-manylinux_2_24_aarch64.manylinux_2_28_aarch64.whl"",
    ""project"": ""duckdb"",
    ""version"": ""1.1.3"",
    ""type"": ""bdist_wheel""
  }
}","{
  ""details"": {
    ""installer"": {
      ""name"": ""Bazel"",
      ""version"": ""9.2.0- (@non-git)"",
      ""subcommand"": null
    },
    ""python"": null,
    ""implementation"": null,
    ""distro"": null,
    ""system"": null,
    ""cpu"": null,
    ""openssl_version"": null,
    ""setuptools_version"": null,
    ""rustc_version"": null,
    ""ci"": null
  }
}",TLSv1.3,TLS_AES_128_GCM_SHA256,"{
  ""http"": null
}"
2026-08-31 18:06:53.000000 UTC,US,/packages/47/ae/c2df66e3716705f48775e692a1b8accbf3dc6e2c27a0ae307fb4b063e115/duckdb-1.1.3-cp313-cp313-manylinux_2_24_aarch64.manylinux_2_28_aarch64.whl,duckdb,"{
  ""file"": {
    ""filename"": ""duckdb-1.1.3-cp313-cp313-manylinux_2_24_aarch64.manylinux_2_28_aarch64.whl"",
    ""project"": ""duckdb"",
    ""version"": ""1.1.3"",
    ""type"": ""bdist_wheel""
  }
}","{
  ""details"": {
    ""installer"": {
      ""name"": ""Bazel"",
      ""version"": ""9.2.0- (@non-git)"",
      ""subcommand"": null
    },
    ""python"": null,
    ""implementation"": null,
    ""distro"": null,
    ""system"": null,
    ""cpu"": null,
    ""openssl_version"": null,
    ""setuptools_version"": null,
    ""rustc_version"": null,
    ""ci"": null
  }
}",TLSv1.3,TLS_AES_128_GCM_SHA256,"{
  ""http"": null
}"
2026-08-31 18:05:13.000000 UTC,US,/packages/47/ae/c2df66e3716705f48775e692a1b8accbf3dc6e2c27a0ae307fb4b063e115/duckdb-1.1.3-cp313-cp313-manylinux_2_24_aarch64.manylinux_2_28_aarch64.whl,duckdb,"{
  ""file"": {
    ""filename"": ""duckdb-1.1.3-cp313-cp313-manylinux_2_24_aarch64.manylinux_2_28_aarch64.whl"",
    ""project"": ""duckdb"",
    ""version"": ""1.1.3"",
    ""type"": ""bdist_wheel""
  }
}","{
  ""details"": {
    ""installer"": {
      ""name"": ""Bazel"",
      ""version"": ""9.2.0- (@non-git)"",
      ""subcommand"": null
    },
    ""python"": null,
    ""implementation"": null,
    ""distro"": null,
    ""system"": null,
    ""cpu"": null,
    ""openssl_version"": null,
    ""setuptools_version"": null,
    ""rustc_version"": null,
    ""ci"": null
  }
}",TLSv1.3,TLS_AES_128_GCM_SHA256,"{
  ""http"": null
}"
2026-08-31 18:06:32.000000 UTC,US,/packages/47/ae/c2df66e3716705f48775e692a1b8accbf3dc6e2c27a0ae307fb4b063e115/duckdb-1.1.3-cp313-cp313-manylinux_2_24_aarch64.manylinux_2_28_aarch64.whl,duckdb,"{
  ""file"": {
    ""filename"": ""duckdb-1.1.3-cp313-cp313-manylinux_2_24_aarch64.manylinux_2_28_aarch64.whl"",
    ""project"": ""duckdb"",
    ""version"": ""1.1.3"",
    ""type"": ""bdist_wheel""
  }
}","{
  ""details"": {
    ""installer"": {
      ""name"": ""Bazel"",
      ""version"": ""9.2.0- (@non-git)"",
      ""subcommand"": null
    },
    ""python"": null,
    ""implementation"": null,
    ""distro"": null,
    ""system"": null,
    ""cpu"": null,
    ""openssl_version"": null,
    ""setuptools_version"": null,
    ""rustc_version"": null,
    ""ci"": null
  }
}",TLSv1.3,TLS_AES_128_GCM_SHA256,"{
  ""http"": null
}"
2026-08-31 18:05:24.000000 UTC,US,/packages/47/ae/c2df66e3716705f48775e692a1b8accbf3dc6e2c27a0ae307fb4b063e115/duckdb-1.1.3-cp313-cp313-manylinux_2_24_aarch64.manylinux_2_28_aarch64.whl,duckdb,"{
  ""file"": {
    ""filename"": ""duckdb-1.1.3-cp313-cp313-manylinux_2_24_aarch64.manylinux_2_28_aarch64.whl"",
    ""project"": ""duckdb"",
    ""version"": ""1.1.3"",
    ""type"": ""bdist_wheel""
  }
}","{
  ""details"": {
    ""installer"": {
      ""name"": ""Bazel"",
      ""version"": ""9.2.0- (@non-git)"",
      ""subcommand"": null
    },
    ""python"": null,
    ""implementation"": null,
    ""distro"": null,
    ""system"": null,
    ""cpu"": null,
    ""openssl_version"": null,
    ""setuptools_version"": null,
    ""rustc_version"": null,
    ""ci"": null
  }
}",TLSv1.3,TLS_AES_128_GCM_SHA256,"{
  ""http"": null
}"
2026-08-31 18:08:55.000000 UTC,US,/packages/47/ae/c2df66e3716705f48775e692a1b8accbf3dc6e2c27a0ae307fb4b063e115/duckdb-1.1.3-cp313-cp313-manylinux_2_24_aarch64.manylinux_2_28_aarch64.whl,duckdb,"{
  ""file"": {
    ""filename"": ""duckdb-1.1.3-cp313-cp313-manylinux_2_24_aarch64.manylinux_2_28_aarch64.whl"",
    ""project"": ""duckdb"",
    ""version"": ""1.1.3"",
    ""type"": ""bdist_wheel""
  }
}","{
  ""details"": {
    ""installer"": {
      ""name"": ""Bazel"",
      ""version"": ""9.2.0- (@non-git)"",
      ""subcommand"": null
    },
    ""python"": null,
    ""implementation"": null,
    ""distro"": null,
    ""system"": null,
    ""cpu"": null,
    ""openssl_version"": null,
    ""setuptools_version"": null,
    ""rustc_version"": null,
    ""ci"": null
  }
}",TLSv1.3,TLS_AES_128_GCM_SHA256,"{
  ""http"": null
}"
2026-08-31 18:08:37.000000 UTC,US,/packages/47/ae/c2df66e3716705f48775e692a1b8accbf3dc6e2c27a0ae307fb4b063e115/duckdb-1.1.3-cp313-cp313-manylinux_2_24_aarch64.manylinux_2_28_aarch64.whl,duckdb,"{
  ""file"": {
    ""filename"": ""duckdb-1.1.3-cp313-cp313-manylinux_2_24_aarch64.manylinux_2_28_aarch64.whl"",
    ""project"": ""duckdb"",
    ""version"": ""1.1.3"",
    ""type"": ""bdist_wheel""
  }
}","{
  ""details"": {
    ""installer"": {
      ""name"": ""Bazel"",
      ""version"": ""9.2.0- (@non-git)"",
      ""subcommand"": null
    },
    ""python"": null,
    ""implementation"": null,
    ""distro"": null,
    ""system"": null,
    ""cpu"": null,
    ""openssl_version"": null,
    ""setuptools_version"": null,
    ""rustc_version"": null,
    ""ci"": null
  }
}",TLSv1.3,TLS_AES_128_GCM_SHA256,"{
  ""http"": null
}"
2026-08-31 18:01:55.000000 UTC,US,/packages/47/ae/c2df66e3716705f48775e692a1b8accbf3dc6e2c27a0ae307fb4b063e115/duckdb-1.1.3-cp313-cp313-manylinux_2_24_aarch64.manylinux_2_28_aarch64.whl,duckdb,"{
  ""file"": {
    ""filename"": ""duckdb-1.1.3-cp313-cp313-manylinux_2_24_aarch64.manylinux_2_28_aarch64.whl"",
    ""project"": ""duckdb"",
    ""version"": ""1.1.3"",
    ""type"": ""bdist_wheel""
  }
}","{
  ""details"": {
    ""installer"": {
      ""name"": ""Bazel"",
      ""version"": ""9.2.0- (@non-git)"",
      ""subcommand"": null
    },
    ""python"": null,
    ""implementation"": null,
    ""distro"": null,
    ""system"": null,
    ""cpu"": null,
    ""openssl_version"": null,
    ""setuptools_version"": null,
    ""rustc_version"": null,
    ""ci"": null
  }
}",TLSv1.3,TLS_AES_128_GCM_SHA256,"{
  ""http"": null
}"
2026-08-31 18:05:03.000000 UTC,US,/packages/47/ae/c2df66e3716705f48775e692a1b8accbf3dc6e2c27a0ae307fb4b063e115/duckdb-1.1.3-cp313-cp313-manylinux_2_24_aarch64.manylinux_2_28_aarch64.whl,duckdb,"{
  ""file"": {
    ""filename"": ""duckdb-1.1.3-cp313-cp313-manylinux_2_24_aarch64.manylinux_2_28_aarch64.whl"",
    ""project"": ""duckdb"",
    ""version"": ""1.1.3"",
    ""type"": ""bdist_wheel""
  }
}","{
  ""details"": {
    ""installer"": {
      ""name"": ""Bazel"",
      ""version"": ""9.2.0- (@non-git)"",
      ""subcommand"": null
    },
    ""python"": null,
    ""implementation"": null,
    ""distro"": null,
    ""system"": null,
    ""cpu"": null,
    ""openssl_version"": null,
    ""setuptools_version"": null,
    ""rustc_version"": null,
    ""ci"": null
  }
}",TLSv1.3,TLS_AES_128_GCM_SHA256,"{
  ""http"": null
}"
2026-08-31 18:05:14.000000 UTC,US,/packages/47/ae/c2df66e3716705f48775e692a1b8accbf3dc6e2c27a0ae307fb4b063e115/duckdb-1.1.3-cp313-cp313-manylinux_2_24_aarch64.manylinux_2_28_aarch64.whl,duckdb,"{
  ""file"": {
    ""filename"": ""duckdb-1.1.3-cp313-cp313-manylinux_2_24_aarch64.manylinux_2_28_aarch64.whl"",
    ""project"": ""duckdb"",
    ""version"": ""1.1.3"",
    ""type"": ""bdist_wheel""
  }
}","{
  ""details"": {
    ""installer"": {
      ""name"": ""Bazel"",
      ""version"": ""9.2.0- (@non-git)"",
      ""subcommand"": null
    },
    ""python"": null,
    ""implementation"": null,
    ""distro"": null,
    ""system"": null,
    ""cpu"": null,
    ""openssl_version"": null,
    ""setuptools_version"": null,
    ""rustc_version"": null,
    ""ci"": null
  }
}",TLSv1.3,TLS_AES_128_GCM_SHA256,"{
  ""http"": null
}"
2026-08-31 18:06:43.000000 UTC,US,/packages/47/ae/c2df66e3716705f48775e692a1b8accbf3dc6e2c27a0ae307fb4b063e115/duckdb-1.1.3-cp313-cp313-manylinux_2_24_aarch64.manylinux_2_28_aarch64.whl,duckdb,"{
  ""file"": {
    ""filename"": ""duckdb-1.1.3-cp313-cp313-manylinux_2_24_aarch64.manylinux_2_28_aarch64.whl"",
    ""project"": ""duckdb"",
    ""version"": ""1.1.3"",
    ""type"": ""bdist_wheel""
  }
}","{
  ""details"": {
    ""installer"": {
      ""name"": ""Bazel"",
      ""version"": ""9.2.0- (@non-git)"",
      ""subcommand"": null
    },
    ""python"": null,
    ""implementation"": null,
    ""distro"": null,
    ""system"": null,
    ""cpu"": null,
    ""openssl_version"": null,
    ""setuptools_version"": null,
    ""rustc_version"": null,
    ""ci"": null
  }
}",TLSv1.3,TLS_AES_128_GCM_SHA256,"{
  ""http"": null
}"
2026-08-31 18:08:47.000000 UTC,US,/packages/47/ae/c2df66e3716705f48775e692a1b8accbf3dc6e2c27a0ae307fb4b063e115/duckdb-1.1.3-cp313-cp313-manylinux_2_24_aarch64.manylinux_2_28_aarch64.whl,duckdb,"{
  ""file"": {
    ""filename"": ""duckdb-1.1.3-cp313-cp313-manylinux_2_24_aarch64.manylinux_2_28_aarch64.whl"",
    ""project"": ""duckdb"",
    ""version"": ""1.1.3"",
    ""type"": ""bdist_wheel""
  }
}","{
  ""details"": {
    ""installer"": {
      ""name"": ""Bazel"",
      ""version"": ""9.2.0- (@non-git)"",
      ""subcommand"": null
    },
    ""python"": null,
    ""implementation"": null,
    ""distro"": null,
    ""system"": null,
    ""cpu"": null,
    ""openssl_version"": null,
    ""setuptools_version"": null,
    ""rustc_version"": null,
    ""ci"": null
  }
}",TLSv1.3,TLS_AES_128_GCM_SHA256,"{
  ""http"": null
}"
2026-08-31 18:04:58.000000 UTC,US,/packages/47/ae/c2df66e3716705f48775e692a1b8accbf3dc6e2c27a0ae307fb4b063e115/duckdb-1.1.3-cp313-cp313-manylinux_2_24_aarch64.manylinux_2_28_aarch64.whl,duckdb,"{
  ""file"": {
    ""filename"": ""duckdb-1.1.3-cp313-cp313-manylinux_2_24_aarch64.manylinux_2_28_aarch64.whl"",
    ""project"": ""duckdb"",
    ""version"": ""1.1.3"",
    ""type"": ""bdist_wheel""
  }
}","{
  ""details"": {
    ""installer"": {
      ""name"": ""Bazel"",
      ""version"": ""9.2.0- (@non-git)"",
      ""subcommand"": null
    },
    ""python"": null,
    ""implementation"": null,
    ""distro"": null,
    ""system"": null,
    ""cpu"": null,
    ""openssl_version"": null,
    ""setuptools_version"": null,
    ""rustc_version"": null,
    ""ci"": null
  }
}",TLSv1.3,TLS_AES_128_GCM_SHA256,"{
  ""http"": null
}"
2026-08-31 18:05:58.000000 UTC,US,/packages/47/ae/c2df66e3716705f48775e692a1b8accbf3dc6e2c27a0ae307fb4b063e115/duckdb-1.1.3-cp313-cp313-manylinux_2_24_aarch64.manylinux_2_28_aarch64.whl,duckdb,"{
  ""file"": {
    ""filename"": ""duckdb-1.1.3-cp313-cp313-manylinux_2_24_aarch64.manylinux_2_28_aarch64.whl"",
    ""project"": ""duckdb"",
    ""version"": ""1.1.3"",
    ""type"": ""bdist_wheel""
  }
}","{
  ""details"": {
    ""installer"": {
      ""name"": ""Bazel"",
      ""version"": ""9.2.0- (@non-git)"",
      ""subcommand"": null
    },
    ""python"": null,
    ""implementation"": null,
    ""distro"": null,
    ""system"": null,
    ""cpu"": null,
    ""openssl_version"": null,
    ""setuptools_version"": null,
    ""rustc_version"": null,
    ""ci"": null
  }
}",TLSv1.3,TLS_AES_128_GCM_SHA256,"{
  ""http"": null
}"
2026-08-31 18:05:42.000000 UTC,US,/packages/47/ae/c2df66e3716705f48775e692a1b8accbf3dc6e2c27a0ae307fb4b063e115/duckdb-1.1.3-cp313-cp313-manylinux_2_24_aarch64.manylinux_2_28_aarch64.whl,duckdb,"{
  ""file"": {
    ""filename"": ""duckdb-1.1.3-cp313-cp313-manylinux_2_24_aarch64.manylinux_2_28_aarch64.whl"",
    ""project"": ""duckdb"",
    ""version"": ""1.1.3"",
    ""type"": ""bdist_wheel""
  }
}","{
  ""details"": {
    ""installer"": {
      ""name"": ""Bazel"",
      ""version"": ""9.2.0- (@non-git)"",
      ""subcommand"": null
    },
    ""python"": null,
    ""implementation"": null,
    ""distro"": null,
    ""system"": null,
    ""cpu"": null,
    ""openssl_version"": null,
    ""setuptools_version"": null,
    ""rustc_version"": null,
    ""ci"": null
  }
}",TLSv1.3,TLS_AES_128_GCM_SHA256,"{
  ""http"": null
}"
2026-08-31 18:07:49.000000 UTC,US,/packages/47/ae/c2df66e3716705f48775e692a1b8accbf3dc6e2c27a0ae307fb4b063e115/duckdb-1.1.3-cp313-cp313-manylinux_2_24_aarch64.manylinux_2_28_aarch64.whl,duckdb,"{
  ""file"": {
    ""filename"": ""duckdb-1.1.3-cp313-cp313-manylinux_2_24_aarch64.manylinux_2_28_aarch64.whl"",
    ""project"": ""duckdb"",
    ""version"": ""1.1.3"",
    ""type"": ""bdist_wheel""
  }
}","{
  ""details"": {
    ""installer"": {
      ""name"": ""Bazel"",
      ""version"": ""9.2.0- (@non-git)"",
      ""subcommand"": null
    },
    ""python"": null,
    ""implementation"": null,
    ""distro"": null,
    ""system"": null,
    ""cpu"": null,
    ""openssl_version"": null,
    ""setuptools_version"": null,
    ""rustc_version"": null,
    ""ci"": null
  }
}",TLSv1.3,TLS_AES_128_GCM_SHA256,"{
  ""http"": null
}"
2026-08-31 18:05:06.000000 UTC,US,/packages/47/ae/c2df66e3716705f48775e692a1b8accbf3dc6e2c27a0ae307fb4b063e115/duckdb-1.1.3-cp313-cp313-manylinux_2_24_aarch64.manylinux_2_28_aarch64.whl,duckdb,"{
  ""file"": {
    ""filename"": ""duckdb-1.1.3-cp313-cp313-manylinux_2_24_aarch64.manylinux_2_28_aarch64.whl"",
    ""project"": ""duckdb"",
    ""version"": ""1.1.3"",
    ""type"": ""bdist_wheel""
  }
}","{
  ""details"": {
    ""installer"": {
      ""name"": ""Bazel"",
      ""version"": ""9.2.0- (@non-git)"",
      ""subcommand"": null
    },
    ""python"": null,
    ""implementation"": null,
    ""distro"": null,
    ""system"": null,
    ""cpu"": null,
    ""openssl_version"": null,
    ""setuptools_version"": null,
    ""rustc_version"": null,
    ""ci"": null
  }
}",TLSv1.3,TLS_AES_128_GCM_SHA256,"{
  ""http"": null
}"
2026-08-31 18:05:16.000000 UTC,US,/packages/47/ae/c2df66e3716705f48775e692a1b8accbf3dc6e2c27a0ae307fb4b063e115/duckdb-1.1.3-cp313-cp313-manylinux_2_24_aarch64.manylinux_2_28_aarch64.whl,duckdb,"{
  ""file"": {
    ""filename"": ""duckdb-1.1.3-cp313-cp313-manylinux_2_24_aarch64.manylinux_2_28_aarch64.whl"",
    ""project"": ""duckdb"",
    ""version"": ""1.1.3"",
    ""type"": ""bdist_wheel""
  }
}","{
  ""details"": {
    ""installer"": {
      ""name"": ""Bazel"",
      ""version"": ""9.2.0- (@non-git)"",
      ""subcommand"": null
    },
    ""python"": null,
    ""implementation"": null,
    ""distro"": null,
    ""system"": null,
    ""cpu"": null,
    ""openssl_version"": null,
    ""setuptools_version"": null,
    ""rustc_version"": null,
    ""ci"": null
  }
}",TLSv1.3,TLS_AES_128_GCM_SHA256,"{
  ""http"": null
}"
2026-08-31 18:05:26.000000 UTC,US,/packages/47/ae/c2df66e3716705f48775e692a1b8accbf3dc6e2c27a0ae307fb4b063e115/duckdb-1.1.3-cp313-cp313-manylinux_2_24_aarch64.manylinux_2_28_aarch64.whl,duckdb,"{
  ""file"": {
    ""filename"": ""duckdb-1.1.3-cp313-cp313-manylinux_2_24_aarch64.manylinux_2_28_aarch64.whl"",
    ""project"": ""duckdb"",
    ""version"": ""1.1.3"",
    ""type"": ""bdist_wheel""
  }
}","{
  ""details"": {
    ""installer"": {
      ""name"": ""Bazel"",
      ""version"": ""9.2.0- (@non-git)"",
      ""subcommand"": null
    },
    ""python"": null,
    ""implementation"": null,
    ""distro"": null,
    ""system"": null,
    ""cpu"": null,
    ""openssl_version"": null,
    ""setuptools_version"": null,
    ""rustc_version"": null,
    ""ci"": null
  }
}",TLSv1.3,TLS_AES_128_GCM_SHA256,"{
  ""http"": null
}"
2026-08-31 18:00:47.000000 UTC,US,/packages/8e/7e/10310b754b7ec3349c411a0a88ecbf327c49b5714e3d35200e69c13fb093/duckdb-1.1.3-cp313-cp313-musllinux_1_2_x86_64.whl,duckdb,"{
  ""file"": {
    ""filename"": ""duckdb-1.1.3-cp313-cp313-musllinux_1_2_x86_64.whl"",
    ""project"": ""duckdb"",
    ""version"": ""1.1.3"",
    ""type"": ""bdist_wheel""
  }
}","{
  ""details"": {
    ""installer"": {
      ""name"": ""Bazel"",
      ""version"": ""9.2.0- (@non-git)"",
      ""subcommand"": null
    },
    ""python"": null,
    ""implementation"": null,
    ""distro"": null,
    ""system"": null,
    ""cpu"": null,
    ""openssl_version"": null,
    ""setuptools_version"": null,
    ""rustc_version"": null,
    ""ci"": null
  }
}",TLSv1.3,TLS_AES_128_GCM_SHA256,"{
  ""http"": null
}"
2026-08-31 18:08:39.000000 UTC,US,/packages/8e/7e/10310b754b7ec3349c411a0a88ecbf327c49b5714e3d35200e69c13fb093/duckdb-1.1.3-cp313-cp313-musllinux_1_2_x86_64.whl,duckdb,"{
  ""file"": {
    ""filename"": ""duckdb-1.1.3-cp313-cp313-musllinux_1_2_x86_64.whl"",
    ""project"": ""duckdb"",
    ""version"": ""1.1.3"",
    ""type"": ""bdist_wheel""
  }
}","{
  ""details"": {
    ""installer"": {
      ""name"": ""Bazel"",
      ""version"": ""9.2.0- (@non-git)"",
      ""subcommand"": null
    },
    ""python"": null,
    ""implementation"": null,
    ""distro"": null,
    ""system"": null,
    ""cpu"": null,
    ""openssl_version"": null,
    ""setuptools_version"": null,
    ""rustc_version"": null,
    ""ci"": null
  }
}",TLSv1.3,TLS_AES_128_GCM_SHA256,"{
  ""http"": null
}"
2026-08-31 18:07:49.000000 UTC,US,/packages/8e/7e/10310b754b7ec3349c411a0a88ecbf327c49b5714e3d35200e69c13fb093/duckdb-1.1.3-cp313-cp313-musllinux_1_2_x86_64.whl,duckdb,"{
  ""file"": {
    ""filename"": ""duckdb-1.1.3-cp313-cp313-musllinux_1_2_x86_64.whl"",
    ""project"": ""duckdb"",
    ""version"": ""1.1.3"",
    ""type"": ""bdist_wheel""
  }
}","{
  ""details"": {
    ""installer"": {
      ""name"": ""Bazel"",
      ""version"": ""9.2.0- (@non-git)"",
      ""subcommand"": null
    },
    ""python"": null,
    ""implementation"": null,
    ""distro"": null,
    ""system"": null,
    ""cpu"": null,
    ""openssl_version"": null,
    ""setuptools_version"": null,
    ""rustc_version"": null,
    ""ci"": null
  }
}",TLSv1.3,TLS_AES_128_GCM_SHA256,"{
  ""http"": null
}"
2026-08-31 18:05:07.000000 UTC,US,/packages/8e/7e/10310b754b7ec3349c411a0a88ecbf327c49b5714e3d35200e69c13fb093/duckdb-1.1.3-cp313-cp313-musllinux_1_2_x86_64.whl,duckdb,"{
  ""file"": {
    ""filename"": ""duckdb-1.1.3-cp313-cp313-musllinux_1_2_x86_64.whl"",
    ""project"": ""duckdb"",
    ""version"": ""1.1.3"",
    ""type"": ""bdist_wheel""
  }
}","{
  ""details"": {
    ""installer"": {
      ""name"": ""Bazel"",
      ""version"": ""9.2.0- (@non-git)"",
      ""subcommand"": null
    },
    ""python"": null,
    ""implementation"": null,
    ""distro"": null,
    ""system"": null,
    ""cpu"": null,
    ""openssl_version"": null,
    ""setuptools_version"": null,
    ""rustc_version"": null,
    ""ci"": null
  }
}",TLSv1.3,TLS_AES_128_GCM_SHA256,"{
  ""http"": null
}"
2026-08-31 18:08:47.000000 UTC,US,/packages/8e/7e/10310b754b7ec3349c411a0a88ecbf327c49b5714e3d35200e69c13fb093/duckdb-1.1.3-cp313-cp313-musllinux_1_2_x86_64.whl,duckdb,"{
  ""file"": {
    ""filename"": ""duckdb-1.1.3-cp313-cp313-musllinux_1_2_x86_64.whl"",
    ""project"": ""duckdb"",
    ""version"": ""1.1.3"",
    ""type"": ""bdist_wheel""
  }
}","{
  ""details"": {
    ""installer"": {
      ""name"": ""Bazel"",
      ""version"": ""9.2.0- (@non-git)"",
      ""subcommand"": null
    },
    ""python"": null,
    ""implementation"": null,
    ""distro"": null,
    ""system"": null,
    ""cpu"": null,
    ""openssl_version"": null,
    ""setuptools_version"": null,
    ""rustc_version"": null,
    ""ci"": null
  }
}",TLSv1.3,TLS_AES_128_GCM_SHA256,"{
  ""http"": null
}"
2026-08-31 18:00:23.000000 UTC,US,/packages/8e/7e/10310b754b7ec3349c411a0a88ecbf327c49b5714e3d35200e69c13fb093/duckdb-1.1.3-cp313-cp313-musllinux_1_2_x86_64.whl,duckdb,"{
  ""file"": {
    ""filename"": ""duckdb-1.1.3-cp313-cp313-musllinux_1_2_x86_64.whl"",
    ""project"": ""duckdb"",
    ""version"": ""1.1.3"",
    ""type"": ""bdist_wheel""
  }
}","{
  ""details"": {
    ""installer"": {
      ""name"": ""Bazel"",
      ""version"": ""9.2.0- (@non-git)"",
      ""subcommand"": null
    },
    ""python"": null,
    ""implementation"": null,
    ""distro"": null,
    ""system"": null,
    ""cpu"": null,
    ""openssl_version"": null,
    ""setuptools_version"": null,
    ""rustc_version"": null,
    ""ci"": null
  }
}",TLSv1.3,TLS_AES_128_GCM_SHA256,"{
  ""http"": null
}"
2026-08-31 18:05:13.000000 UTC,US,/packages/8e/7e/10310b754b7ec3349c411a0a88ecbf327c49b5714e3d35200e69c13fb093/duckdb-1.1.3-cp313-cp313-musllinux_1_2_x86_64.whl,duckdb,"{
  ""file"": {
    ""filename"": ""duckdb-1.1.3-cp313-cp313-musllinux_1_2_x86_64.whl"",
    ""project"": ""duckdb"",
    ""version"": ""1.1.3"",
    ""type"": ""bdist_wheel""
  }
}","{
  ""details"": {
    ""installer"": {
      ""name"": ""Bazel"",
      ""version"": ""9.2.0- (@non-git)"",
      ""subcommand"": null
    },
    ""python"": null,
    ""implementation"": null,
    ""distro"": null,
    ""system"": null,
    ""cpu"": null,
    ""openssl_version"": null,
    ""setuptools_version"": null,
    ""rustc_version"": null,
    ""ci"": null
  }
}",TLSv1.3,TLS_AES_128_GCM_SHA256,"{
  ""http"": null
}"
2026-08-31 18:06:34.000000 UTC,US,/packages/8e/7e/10310b754b7ec3349c411a0a88ecbf327c49b5714e3d35200e69c13fb093/duckdb-1.1.3-cp313-cp313-musllinux_1_2_x86_64.whl,duckdb,"{
  ""file"": {
    ""filename"": ""duckdb-1.1.3-cp313-cp313-musllinux_1_2_x86_64.whl"",
    ""project"": ""duckdb"",
    ""version"": ""1.1.3"",
    ""type"": ""bdist_wheel""
  }
}","{
  ""details"": {
    ""installer"": {
      ""name"": ""Bazel"",
      ""version"": ""9.2.0- (@non-git)"",
      ""subcommand"": null
    },
    ""python"": null,
    ""implementation"": null,
    ""distro"": null,
    ""system"": null,
    ""cpu"": null,
    ""openssl_version"": null,
    ""setuptools_version"": null,
    ""rustc_version"": null,
    ""ci"": null
  }
}",TLSv1.3,TLS_AES_128_GCM_SHA256,"{
  ""http"": null
}"
2026-08-31 18:05:13.000000 UTC,US,/packages/8e/7e/10310b754b7ec3349c411a0a88ecbf327c49b5714e3d35200e69c13fb093/duckdb-1.1.3-cp313-cp313-musllinux_1_2_x86_64.whl,duckdb,"{
  ""file"": {
    ""filename"": ""duckdb-1.1.3-cp313-cp313-musllinux_1_2_x86_64.whl"",
    ""project"": ""duckdb"",
    ""version"": ""1.1.3"",
    ""type"": ""bdist_wheel""
  }
}","{
  ""details"": {
    ""installer"": {
      ""name"": ""Bazel"",
      ""version"": ""9.2.0- (@non-git)"",
      ""subcommand"": null
    },
    ""python"": null,
    ""implementation"": null,
    ""distro"": null,
    ""system"": null,
    ""cpu"": null,
    ""openssl_version"": null,
    ""setuptools_version"": null,
    ""rustc_version"": null,
    ""ci"": null
  }
}",TLSv1.3,TLS_AES_128_GCM_SHA256,"{
  ""http"": null
}"
2026-08-31 18:05:59.000000 UTC,US,/packages/8e/7e/10310b754b7ec3349c411a0a88ecbf327c49b5714e3d35200e69c13fb093/duckdb-1.1.3-cp313-cp313-musllinux_1_2_x86_64.whl,duckdb,"{
  ""file"": {
    ""filename"": ""duckdb-1.1.3-cp313-cp313-musllinux_1_2_x86_64.whl"",
    ""project"": ""duckdb"",
    ""version"": ""1.1.3"",
    ""type"": ""bdist_wheel""
  }
}","{
  ""details"": {
    ""installer"": {
      ""name"": ""Bazel"",
      ""version"": ""9.2.0- (@non-git)"",
      ""subcommand"": null
    },
    ""python"": null,
    ""implementation"": null,
    ""distro"": null,
    ""system"": null,
    ""cpu"": null,
    ""openssl_version"": null,
    ""setuptools_version"": null,
    ""rustc_version"": null,
    ""ci"": null
  }
}",TLSv1.3,TLS_AES_128_GCM_SHA256,"{
  ""http"": null
}"
2026-08-31 18:05:04.000000 UTC,US,/packages/8e/7e/10310b754b7ec3349c411a0a88ecbf327c49b5714e3d35200e69c13fb093/duckdb-1.1.3-cp313-cp313-musllinux_1_2_x86_64.whl,duckdb,"{
  ""file"": {
    ""filename"": ""duckdb-1.1.3-cp313-cp313-musllinux_1_2_x86_64.whl"",
    ""project"": ""duckdb"",
    ""version"": ""1.1.3"",
    ""type"": ""bdist_wheel""
  }
}","{
  ""details"": {
    ""installer"": {
      ""name"": ""Bazel"",
      ""version"": ""9.2.0- (@non-git)"",
      ""subcommand"": null
    },
    ""python"": null,
    ""implementation"": null,
    ""distro"": null,
    ""system"": null,
    ""cpu"": null,
    ""openssl_version"": null,
    ""setuptools_version"": null,
    ""rustc_version"": null,
    ""ci"": null
  }
}",TLSv1.3,TLS_AES_128_GCM_SHA256,"{
  ""http"": null
}"
2026-08-31 18:04:59.000000 UTC,US,/packages/8e/7e/10310b754b7ec3349c411a0a88ecbf327c49b5714e3d35200e69c13fb093/duckdb-1.1.3-cp313-cp313-musllinux_1_2_x86_64.whl,duckdb,"{
  ""file"": {
    ""filename"": ""duckdb-1.1.3-cp313-cp313-musllinux_1_2_x86_64.whl"",
    ""project"": ""duckdb"",
    ""version"": ""1.1.3"",
    ""type"": ""bdist_wheel""
  }
}","{
  ""details"": {
    ""installer"": {
      ""name"": ""Bazel"",
      ""version"": ""9.2.0- (@non-git)"",
      ""subcommand"": null
    },
    ""python"": null,
    ""implementation"": null,
    ""distro"": null,
    ""system"": null,
    ""cpu"": null,
    ""openssl_version"": null,
    ""setuptools_version"": null,
    ""rustc_version"": null,
    ""ci"": null
  }
}",TLSv1.3,TLS_AES_128_GCM_SHA256,"{
  ""http"": null
}"
2026-08-31 18:05:25.000000 UTC,US,/packages/8e/7e/10310b754b7ec3349c411a0a88ecbf327c49b5714e3d35200e69c13fb093/duckdb-1.1.3-cp313-cp313-musllinux_1_2_x86_64.whl,duckdb,"{
  ""file"": {
    ""filename"": ""duckdb-1.1.3-cp313-cp313-musllinux_1_2_x86_64.whl"",
    ""project"": ""duckdb"",
    ""version"": ""1.1.3"",
    ""type"": ""bdist_wheel""
  }
}","{
  ""details"": {
    ""installer"": {
      ""name"": ""Bazel"",
      ""version"": ""9.2.0- (@non-git)"",
      ""subcommand"": null
    },
    ""python"": null,
    ""implementation"": null,
    ""distro"": null,
    ""system"": null,
    ""cpu"": null,
    ""openssl_version"": null,
    ""setuptools_version"": null,
    ""rustc_version"": null,
    ""ci"": null
  }
}",TLSv1.3,TLS_AES_128_GCM_SHA256,"{
  ""http"": null
}"
2026-08-31 18:05:15.000000 UTC,US,/packages/8e/7e/10310b754b7ec3349c411a0a88ecbf327c49b5714e3d35200e69c13fb093/duckdb-1.1.3-cp313-cp313-musllinux_1_2_x86_64.whl,duckdb,"{
  ""file"": {
    ""filename"": ""duckdb-1.1.3-cp313-cp313-musllinux_1_2_x86_64.whl"",
    ""project"": ""duckdb"",
    ""version"": ""1.1.3"",
    ""type"": ""bdist_wheel""
  }
}","{
  ""details"": {
    ""installer"": {
      ""name"": ""Bazel"",
      ""version"": ""9.2.0- (@non-git)"",
      ""subcommand"": null
    },
    ""python"": null,
    ""implementation"": null,
    ""distro"": null,
    ""system"": null,
    ""cpu"": null,
    ""openssl_version"": null,
    ""setuptools_version"": null,
    ""rustc_version"": null,
    ""ci"": null
  }
}",TLSv1.3,TLS_AES_128_GCM_SHA256,"{
  ""http"": null
}"
2026-08-31 18:08:29.000000 UTC,US,/packages/8e/7e/10310b754b7ec3349c411a0a88ecbf327c49b5714e3d35200e69c13fb093/duckdb-1.1.3-cp313-cp313-musllinux_1_2_x86_64.whl,duckdb,"{
  ""file"": {
    ""filename"": ""duckdb-1.1.3-cp313-cp313-musllinux_1_2_x86_64.whl"",
    ""project"": ""duckdb"",
    ""version"": ""1.1.3"",
    ""type"": ""bdist_wheel""
  }
}","{
  ""details"": {
    ""installer"": {
      ""name"": ""Bazel"",
      ""version"": ""9.2.0- (@non-git)"",
      ""subcommand"": null
    },
    ""python"": null,
    ""implementation"": null,
    ""distro"": null,
    ""system"": null,
    ""cpu"": null,
    ""openssl_version"": null,
    ""setuptools_version"": null,
    ""rustc_version"": null,
    ""ci"": null
  }
}",TLSv1.3,TLS_AES_128_GCM_SHA256,"{
  ""http"": null
}"
2026-08-31 18:09:55.000000 UTC,US,/packages/8e/7e/10310b754b7ec3349c411a0a88ecbf327c49b5714e3d35200e69c13fb093/duckdb-1.1.3-cp313-cp313-musllinux_1_2_x86_64.whl,duckdb,"{
  ""file"": {
    ""filename"": ""duckdb-1.1.3-cp313-cp313-musllinux_1_2_x86_64.whl"",
    ""project"": ""duckdb"",
    ""version"": ""1.1.3"",
    ""type"": ""bdist_wheel""
  }
}","{
  ""details"": {
    ""installer"": {
      ""name"": ""Bazel"",
      ""version"": ""9.2.0- (@non-git)"",
      ""subcommand"": null
    },
    ""python"": null,
    ""implementation"": null,
    ""distro"": null,
    ""system"": null,
    ""cpu"": null,
    ""openssl_version"": null,
    ""setuptools_version"": null,
    ""rustc_version"": null,
    ""ci"": null
  }
}",TLSv1.3,TLS_AES_128_GCM_SHA256,"{
  ""http"": null
}"
2026-08-31 18:05:27.000000 UTC,US,/packages/8e/7e/10310b754b7ec3349c411a0a88ecbf327c49b5714e3d35200e69c13fb093/duckdb-1.1.3-cp313-cp313-musllinux_1_2_x86_64.whl,duckdb,"{
  ""file"": {
    ""filename"": ""duckdb-1.1.3-cp313-cp313-musllinux_1_2_x86_64.whl"",
    ""project"": ""duckdb"",
    ""version"": ""1.1.3"",
    ""type"": ""bdist_wheel""
  }
}","{
  ""details"": {
    ""installer"": {
      ""name"": ""Bazel"",
      ""version"": ""9.2.0- (@non-git)"",
      ""subcommand"": null
    },
    ""python"": null,
    ""implementation"": null,
    ""distro"": null,
    ""system"": null,
    ""cpu"": null,
    ""openssl_version"": null,
    ""setuptools_version"": null,
    ""rustc_version"": null,
    ""ci"": null
  }
}",TLSv1.3,TLS_AES_128_GCM_SHA256,"{
  ""http"": null
}"
2026-08-31 18:05:05.000000 UTC,US,/packages/8e/7e/10310b754b7ec3349c411a0a88ecbf327c49b5714e3d35200e69c13fb093/duckdb-1.1.3-cp313-cp313-musllinux_1_2_x86_64.whl,duckdb,"{
  ""file"": {
    ""filename"": ""duckdb-1.1.3-cp313-cp313-musllinux_1_2_x86_64.whl"",
    ""project"": ""duckdb"",
    ""version"": ""1.1.3"",
    ""type"": ""bdist_wheel""
  }
}","{
  ""details"": {
    ""installer"": {
      ""name"": ""Bazel"",
      ""version"": ""9.2.0- (@non-git)"",
      ""subcommand"": null
    },
    ""python"": null,
    ""implementation"": null,
    ""distro"": null,
    ""system"": null,
    ""cpu"": null,
    ""openssl_version"": null,
    ""setuptools_version"": null,
    ""rustc_version"": null,
    ""ci"": null
  }
}",TLSv1.3,TLS_AES_128_GCM_SHA256,"{
  ""http"": null
}"
2026-08-31 18:05:17.000000 UTC,US,/packages/8e/7e/10310b754b7ec3349c411a0a88ecbf327c49b5714e3d35200e69c13fb093/duckdb-1.1.3-cp313-cp313-musllinux_1_2_x86_64.whl,duckdb,"{
  ""file"": {
    ""filename"": ""duckdb-1.1.3-cp313-cp313-musllinux_1_2_x86_64.whl"",
    ""project"": ""duckdb"",
    ""version"": ""1.1.3"",
    ""type"": ""bdist_wheel""
  }
}","{
  ""details"": {
    ""installer"": {
      ""name"": ""Bazel"",
      ""version"": ""9.2.0- (@non-git)"",
      ""subcommand"": null
    },
    ""python"": null,
    ""implementation"": null,
    ""distro"": null,
    ""system"": null,
    ""cpu"": null,
    ""openssl_version"": null,
    ""setuptools_version"": null,
    ""rustc_version"": null,
    ""ci"": null
  }
}",TLSv1.3,TLS_AES_128_GCM_SHA256,"{
  ""http"": null
}"
2026-08-31 18:05:42.000000 UTC,US,/packages/8e/7e/10310b754b7ec3349c411a0a88ecbf327c49b5714e3d35200e69c13fb093/duckdb-1.1.3-cp313-cp313-musllinux_1_2_x86_64.whl,duckdb,"{
  ""file"": {
    ""filename"": ""duckdb-1.1.3-cp313-cp313-musllinux_1_2_x86_64.whl"",
    ""project"": ""duckdb"",
    ""version"": ""1.1.3"",
    ""type"": ""bdist_wheel""
  }
}","{
  ""details"": {
    ""installer"": {
      ""name"": ""Bazel"",
      ""version"": ""9.2.0- (@non-git)"",
      ""subcommand"": null
    },
    ""python"": null,
    ""implementation"": null,
    ""distro"": null,
    ""system"": null,
    ""cpu"": null,
    ""openssl_version"": null,
    ""setuptools_version"": null,
    ""rustc_version"": null,
    ""ci"": null
  }
}",TLSv1.3,TLS_AES_128_GCM_SHA256,"{
  ""http"": null
}"
2026-08-31 18:08:55.000000 UTC,US,/packages/8e/7e/10310b754b7ec3349c411a0a88ecbf327c49b5714e3d35200e69c13fb093/duckdb-1.1.3-cp313-cp313-musllinux_1_2_x86_64.whl,duckdb,"{
  ""file"": {
    ""filename"": ""duckdb-1.1.3-cp313-cp313-musllinux_1_2_x86_64.whl"",
    ""project"": ""duckdb"",
    ""version"": ""1.1.3"",
    ""type"": ""bdist_wheel""
  }
}","{
  ""details"": {
    ""installer"": {
      ""name"": ""Bazel"",
      ""version"": ""9.2.0- (@non-git)"",
      ""subcommand"": null
    },
    ""python"": null,
    ""implementation"": null,
    ""distro"": null,
    ""system"": null,
    ""cpu"": null,
    ""openssl_version"": null,
    ""setuptools_version"": null,
    ""rustc_version"": null,
    ""ci"": null
  }
}",TLSv1.3,TLS_AES_128_GCM_SHA256,"{
  ""http"": null
}"
2026-08-31 18:01:56.000000 UTC,US,/packages/8e/7e/10310b754b7ec3349c411a0a88ecbf327c49b5714e3d35200e69c13fb093/duckdb-1.1.3-cp313-cp313-musllinux_1_2_x86_64.whl,duckdb,"{
  ""file"": {
    ""filename"": ""duckdb-1.1.3-cp313-cp313-musllinux_1_2_x86_64.whl"",
    ""project"": ""duckdb"",
    ""version"": ""1.1.3"",
    ""type"": ""bdist_wheel""
  }
}","{
  ""details"": {
    ""installer"": {
      ""name"": ""Bazel"",
      ""version"": ""9.2.0- (@non-git)"",
      ""subcommand"": null
    },
    ""python"": null,
    ""implementation"": null,
    ""distro"": null,
    ""system"": null,
    ""cpu"": null,
    ""openssl_version"": null,
    ""setuptools_version"": null,
    ""rustc_version"": null,
    ""ci"": null
  }
}",TLSv1.3,TLS_AES_128_GCM_SHA256,"{
  ""http"": null
}"
2026-08-31 18:06:24.000000 UTC,US,/packages/8e/7e/10310b754b7ec3349c411a0a88ecbf327c49b5714e3d35200e69c13fb093/duckdb-1.1.3-cp313-cp313-musllinux_1_2_x86_64.whl,duckdb,"{
  ""file"": {
    ""filename"": ""duckdb-1.1.3-cp313-cp313-musllinux_1_2_x86_64.whl"",
    ""project"": ""duckdb"",
    ""version"": ""1.1.3"",
    ""type"": ""bdist_wheel""
  }
}","{
  ""details"": {
    ""installer"": {
      ""name"": ""Bazel"",
      ""version"": ""9.2.0- (@non-git)"",
      ""subcommand"": null
    },
    ""python"": null,
    ""implementation"": null,
    ""distro"": null,
    ""system"": null,
    ""cpu"": null,
    ""openssl_version"": null,
    ""setuptools_version"": null,
    ""rustc_version"": null,
    ""ci"": null
  }
}",TLSv1.3,TLS_AES_128_GCM_SHA256,"{
  ""http"": null
}"
2026-08-31 18:06:44.000000 UTC,US,/packages/8e/7e/10310b754b7ec3349c411a0a88ecbf327c49b5714e3d35200e69c13fb093/duckdb-1.1.3-cp313-cp313-musllinux_1_2_x86_64.whl,duckdb,"{
  ""file"": {
    ""filename"": ""duckdb-1.1.3-cp313-cp313-musllinux_1_2_x86_64.whl"",
    ""project"": ""duckdb"",
    ""version"": ""1.1.3"",
    ""type"": ""bdist_wheel""
  }
}","{
  ""details"": {
    ""installer"": {
      ""name"": ""Bazel"",
      ""version"": ""9.2.0- (@non-git)"",
      ""subcommand"": null
    },
    ""python"": null,
    ""implementation"": null,
    ""distro"": null,
    ""system"": null,
    ""cpu"": null,
    ""openssl_version"": null,
    ""setuptools_version"": null,
    ""rustc_version"": null,
    ""ci"": null
  }
}",TLSv1.3,TLS_AES_128_GCM_SHA256,"{
  ""http"": null
}"
2026-08-31 18:06:53.000000 UTC,US,/packages/8e/7e/10310b754b7ec3349c411a0a88ecbf327c49b5714e3d35200e69c13fb093/duckdb-1.1.3-cp313-cp313-musllinux_1_2_x86_64.whl,duckdb,"{
  ""file"": {
    ""filename"": ""duckdb-1.1.3-cp313-cp313-musllinux_1_2_x86_64.whl"",
    ""project"": ""duckdb"",
    ""version"": ""1.1.3"",
    ""type"": ""bdist_wheel""
  }
}","{
  ""details"": {
    ""installer"": {
      ""name"": ""Bazel"",
      ""version"": ""9.2.0- (@non-git)"",
      ""subcommand"": null
    },
    ""python"": null,
    ""implementation"": null,
    ""distro"": null,
    ""system"": null,
    ""cpu"": null,
    ""openssl_version"": null,
    ""setuptools_version"": null,
    ""rustc_version"": null,
    ""ci"": null
  }
}",TLSv1.3,TLS_AES_128_GCM_SHA256,"{
  ""http"": null
}"
2026-08-31 18:05:31.000000 UTC,US,/packages/8e/7e/10310b754b7ec3349c411a0a88ecbf327c49b5714e3d35200e69c13fb093/duckdb-1.1.3-cp313-cp313-musllinux_1_2_x86_64.whl,duckdb,"{
  ""file"": {
    ""filename"": ""duckdb-1.1.3-cp313-cp313-musllinux_1_2_x86_64.whl"",
    ""project"": ""duckdb"",
    ""version"": ""1.1.3"",
    ""type"": ""bdist_wheel""
  }
}","{
  ""details"": {
    ""installer"": {
      ""name"": ""Bazel"",
      ""version"": ""9.2.0- (@non-git)"",
      ""subcommand"": null
    },
    ""python"": null,
    ""implementation"": null,
    ""distro"": null,
    ""system"": null,
    ""cpu"": null,
    ""openssl_version"": null,
    ""setuptools_version"": null,
    ""rustc_version"": null,
    ""ci"": null
  }
}",TLSv1.3,TLS_AES_128_GCM_SHA256,"{
  ""http"": null
}"
2026-08-31 18:00:23.000000 UTC,US,/packages/83/be/46c0b89c9d4e1ba90af9bc184e88672c04d420d41342e4dc359c78d05981/duckdb-1.1.3-cp313-cp313-win_amd64.whl,duckdb,"{
  ""file"": {
    ""filename"": ""duckdb-1.1.3-cp313-cp313-win_amd64.whl"",
    ""project"": ""duckdb"",
    ""version"": ""1.1.3"",
    ""type"": ""bdist_wheel""
  }
}","{
  ""details"": {
    ""installer"": {
      ""name"": ""Bazel"",
      ""version"": ""9.2.0- (@non-git)"",
      ""subcommand"": null
    },
    ""python"": null,
    ""implementation"": null,
    ""distro"": null,
    ""system"": null,
    ""cpu"": null,
    ""openssl_version"": null,
    ""setuptools_version"": null,
    ""rustc_version"": null,
    ""ci"": null
  }
}",TLSv1.3,TLS_AES_128_GCM_SHA256,"{
  ""http"": null
}"
2026-08-31 18:08:29.000000 UTC,US,/packages/83/be/46c0b89c9d4e1ba90af9bc184e88672c04d420d41342e4dc359c78d05981/duckdb-1.1.3-cp313-cp313-win_amd64.whl,duckdb,"{
  ""file"": {
    ""filename"": ""duckdb-1.1.3-cp313-cp313-win_amd64.whl"",
    ""project"": ""duckdb"",
    ""version"": ""1.1.3"",
    ""type"": ""bdist_wheel""
  }
}","{
  ""details"": {
    ""installer"": {
      ""name"": ""Bazel"",
      ""version"": ""9.2.0- (@non-git)"",
      ""subcommand"": null
    },
    ""python"": null,
    ""implementation"": null,
    ""distro"": null,
    ""system"": null,
    ""cpu"": null,
    ""openssl_version"": null,
    ""setuptools_version"": null,
    ""rustc_version"": null,
    ""ci"": null
  }
}",TLSv1.3,TLS_AES_128_GCM_SHA256,"{
  ""http"": null
}"
2026-08-31 18:05:28.000000 UTC,US,/packages/83/be/46c0b89c9d4e1ba90af9bc184e88672c04d420d41342e4dc359c78d05981/duckdb-1.1.3-cp313-cp313-win_amd64.whl,duckdb,"{
  ""file"": {
    ""filename"": ""duckdb-1.1.3-cp313-cp313-win_amd64.whl"",
    ""project"": ""duckdb"",
    ""version"": ""1.1.3"",
    ""type"": ""bdist_wheel""
  }
}","{
  ""details"": {
    ""installer"": {
      ""name"": ""Bazel"",
      ""version"": ""9.2.0- (@non-git)"",
      ""subcommand"": null
    },
    ""python"": null,
    ""implementation"": null,
    ""distro"": null,
    ""system"": null,
    ""cpu"": null,
    ""openssl_version"": null,
    ""setuptools_version"": null,
    ""rustc_version"": null,
    ""ci"": null
  }
}",TLSv1.3,TLS_AES_128_GCM_SHA256,"{
  ""http"": null
}"
2026-08-31 18:06:24.000000 UTC,US,/packages/83/be/46c0b89c9d4e1ba90af9bc184e88672c04d420d41342e4dc359c78d05981/duckdb-1.1.3-cp313-cp313-win_amd64.whl,duckdb,"{
  ""file"": {
    ""filename"": ""duckdb-1.1.3-cp313-cp313-win_amd64.whl"",
    ""project"": ""duckdb"",
    ""version"": ""1.1.3"",
    ""type"": ""bdist_wheel""
  }
}","{
  ""details"": {
    ""installer"": {
      ""name"": ""Bazel"",
      ""version"": ""9.2.0- (@non-git)"",
      ""subcommand"": null
    },
    ""python"": null,
    ""implementation"": null,
    ""distro"": null,
    ""system"": null,
    ""cpu"": null,
    ""openssl_version"": null,
    ""setuptools_version"": null,
    ""rustc_version"": null,
    ""ci"": null
  }
}",TLSv1.3,TLS_AES_128_GCM_SHA256,"{
  ""http"": null
}"
2026-08-31 18:08:55.000000 UTC,US,/packages/83/be/46c0b89c9d4e1ba90af9bc184e88672c04d420d41342e4dc359c78d05981/duckdb-1.1.3-cp313-cp313-win_amd64.whl,duckdb,"{
  ""file"": {
    ""filename"": ""duckdb-1.1.3-cp313-cp313-win_amd64.whl"",
    ""project"": ""duckdb"",
    ""version"": ""1.1.3"",
    ""type"": ""bdist_wheel""
  }
}","{
  ""details"": {
    ""installer"": {
      ""name"": ""Bazel"",
      ""version"": ""9.2.0- (@non-git)"",
      ""subcommand"": null
    },
    ""python"": null,
    ""implementation"": null,
    ""distro"": null,
    ""system"": null,
    ""cpu"": null,
    ""openssl_version"": null,
    ""setuptools_version"": null,
    ""rustc_version"": null,
    ""ci"": null
  }
}",TLSv1.3,TLS_AES_128_GCM_SHA256,"{
  ""http"": null
}"
2026-08-31 18:00:47.000000 UTC,US,/packages/83/be/46c0b89c9d4e1ba90af9bc184e88672c04d420d41342e4dc359c78d05981/duckdb-1.1.3-cp313-cp313-win_amd64.whl,duckdb,"{
  ""file"": {
    ""filename"": ""duckdb-1.1.3-cp313-cp313-win_amd64.whl"",
    ""project"": ""duckdb"",
    ""version"": ""1.1.3"",
    ""type"": ""bdist_wheel""
  }
}","{
  ""details"": {
    ""installer"": {
      ""name"": ""Bazel"",
      ""version"": ""9.2.0- (@non-git)"",
      ""subcommand"": null
    },
    ""python"": null,
    ""implementation"": null,
    ""distro"": null,
    ""system"": null,
    ""cpu"": null,
    ""openssl_version"": null,
    ""setuptools_version"": null,
    ""rustc_version"": null,
    ""ci"": null
  }
}",TLSv1.3,TLS_AES_128_GCM_SHA256,"{
  ""http"": null
}"
2026-08-31 18:05:18.000000 UTC,US,/packages/83/be/46c0b89c9d4e1ba90af9bc184e88672c04d420d41342e4dc359c78d05981/duckdb-1.1.3-cp313-cp313-win_amd64.whl,duckdb,"{
  ""file"": {
    ""filename"": ""duckdb-1.1.3-cp313-cp313-win_amd64.whl"",
    ""project"": ""duckdb"",
    ""version"": ""1.1.3"",
    ""type"": ""bdist_wheel""
  }
}","{
  ""details"": {
    ""installer"": {
      ""name"": ""Bazel"",
      ""version"": ""9.2.0- (@non-git)"",
      ""subcommand"": null
    },
    ""python"": null,
    ""implementation"": null,
    ""distro"": null,
    ""system"": null,
    ""cpu"": null,
    ""openssl_version"": null,
    ""setuptools_version"": null,
    ""rustc_version"": null,
    ""ci"": null
  }
}",TLSv1.3,TLS_AES_128_GCM_SHA256,"{
  ""http"": null
}"
2026-08-31 18:06:00.000000 UTC,US,/packages/83/be/46c0b89c9d4e1ba90af9bc184e88672c04d420d41342e4dc359c78d05981/duckdb-1.1.3-cp313-cp313-win_amd64.whl,duckdb,"{
  ""file"": {
    ""filename"": ""duckdb-1.1.3-cp313-cp313-win_amd64.whl"",
    ""project"": ""duckdb"",
    ""version"": ""1.1.3"",
    ""type"": ""bdist_wheel""
  }
}","{
  ""details"": {
    ""installer"": {
      ""name"": ""Bazel"",
      ""version"": ""9.2.0- (@non-git)"",
      ""subcommand"": null
    },
    ""python"": null,
    ""implementation"": null,
    ""distro"": null,
    ""system"": null,
    ""cpu"": null,
    ""openssl_version"": null,
    ""setuptools_version"": null,
    ""rustc_version"": null,
    ""ci"": null
  }
}",TLSv1.3,TLS_AES_128_GCM_SHA256,"{
  ""http"": null
}"
2026-08-31 18:05:04.000000 UTC,US,/packages/83/be/46c0b89c9d4e1ba90af9bc184e88672c04d420d41342e4dc359c78d05981/duckdb-1.1.3-cp313-cp313-win_amd64.whl,duckdb,"{
  ""file"": {
    ""filename"": ""duckdb-1.1.3-cp313-cp313-win_amd64.whl"",
    ""project"": ""duckdb"",
    ""version"": ""1.1.3"",
    ""type"": ""bdist_wheel""
  }
}","{
  ""details"": {
    ""installer"": {
      ""name"": ""Bazel"",
      ""version"": ""9.2.0- (@non-git)"",
      ""subcommand"": null
    },
    ""python"": null,
    ""implementation"": null,
    ""distro"": null,
    ""system"": null,
    ""cpu"": null,
    ""openssl_version"": null,
    ""setuptools_version"": null,
    ""rustc_version"": null,
    ""ci"": null
  }
}",TLSv1.3,TLS_AES_128_GCM_SHA256,"{
  ""http"": null
}"
2026-08-31 18:01:57.000000 UTC,US,/packages/83/be/46c0b89c9d4e1ba90af9bc184e88672c04d420d41342e4dc359c78d05981/duckdb-1.1.3-cp313-cp313-win_amd64.whl,duckdb,"{
  ""file"": {
    ""filename"": ""duckdb-1.1.3-cp313-cp313-win_amd64.whl"",
    ""project"": ""duckdb"",
    ""version"": ""1.1.3"",
    ""type"": ""bdist_wheel""
  }
}","{
  ""details"": {
    ""installer"": {
      ""name"": ""Bazel"",
      ""version"": ""9.2.0- (@non-git)"",
      ""subcommand"": null
    },
    ""python"": null,
    ""implementation"": null,
    ""distro"": null,
    ""system"": null,
    ""cpu"": null,
    ""openssl_version"": null,
    ""setuptools_version"": null,
    ""rustc_version"": null,
    ""ci"": null
  }
}",TLSv1.3,TLS_AES_128_GCM_SHA256,"{
  ""http"": null
}"
2026-08-31 18:06:34.000000 UTC,US,/packages/83/be/46c0b89c9d4e1ba90af9bc184e88672c04d420d41342e4dc359c78d05981/duckdb-1.1.3-cp313-cp313-win_amd64.whl,duckdb,"{
  ""file"": {
    ""filename"": ""duckdb-1.1.3-cp313-cp313-win_amd64.whl"",
    ""project"": ""duckdb"",
    ""version"": ""1.1.3"",
    ""type"": ""bdist_wheel""
  }
}","{
  ""details"": {
    ""installer"": {
      ""name"": ""Bazel"",
      ""version"": ""9.2.0- (@non-git)"",
      ""subcommand"": null
    },
    ""python"": null,
    ""implementation"": null,
    ""distro"": null,
    ""system"": null,
    ""cpu"": null,
    ""openssl_version"": null,
    ""setuptools_version"": null,
    ""rustc_version"": null,
    ""ci"": null
  }
}",TLSv1.3,TLS_AES_128_GCM_SHA256,"{
  ""http"": null
}"
2026-08-31 18:05:07.000000 UTC,US,/packages/83/be/46c0b89c9d4e1ba90af9bc184e88672c04d420d41342e4dc359c78d05981/duckdb-1.1.3-cp313-cp313-win_amd64.whl,duckdb,"{
  ""file"": {
    ""filename"": ""duckdb-1.1.3-cp313-cp313-win_amd64.whl"",
    ""project"": ""duckdb"",
    ""version"": ""1.1.3"",
    ""type"": ""bdist_wheel""
  }
}","{
  ""details"": {
    ""installer"": {
      ""name"": ""Bazel"",
      ""version"": ""9.2.0- (@non-git)"",
      ""subcommand"": null
    },
    ""python"": null,
    ""implementation"": null,
    ""distro"": null,
    ""system"": null,
    ""cpu"": null,
    ""openssl_version"": null,
    ""setuptools_version"": null,
    ""rustc_version"": null,
    ""ci"": null
  }
}",TLSv1.3,TLS_AES_128_GCM_SHA256,"{
  ""http"": null
}"
2026-08-31 18:07:49.000000 UTC,US,/packages/83/be/46c0b89c9d4e1ba90af9bc184e88672c04d420d41342e4dc359c78d05981/duckdb-1.1.3-cp313-cp313-win_amd64.whl,duckdb,"{
  ""file"": {
    ""filename"": ""duckdb-1.1.3-cp313-cp313-win_amd64.whl"",
    ""project"": ""duckdb"",
    ""version"": ""1.1.3"",
    ""type"": ""bdist_wheel""
  }
}","{
  ""details"": {
    ""installer"": {
      ""name"": ""Bazel"",
      ""version"": ""9.2.0- (@non-git)"",
      ""subcommand"": null
    },
    ""python"": null,
    ""implementation"": null,
    ""distro"": null,
    ""system"": null,
    ""cpu"": null,
    ""openssl_version"": null,
    ""setuptools_version"": null,
    ""rustc_version"": null,
    ""ci"": null
  }
}",TLSv1.3,TLS_AES_128_GCM_SHA256,"{
  ""http"": null
}"
2026-08-31 18:08:40.000000 UTC,US,/packages/83/be/46c0b89c9d4e1ba90af9bc184e88672c04d420d41342e4dc359c78d05981/duckdb-1.1.3-cp313-cp313-win_amd64.whl,duckdb,"{
  ""file"": {
    ""filename"": ""duckdb-1.1.3-cp313-cp313-win_amd64.whl"",
    ""project"": ""duckdb"",
    ""version"": ""1.1.3"",
    ""type"": ""bdist_wheel""
  }
}","{
  ""details"": {
    ""installer"": {
      ""name"": ""Bazel"",
      ""version"": ""9.2.0- (@non-git)"",
      ""subcommand"": null
    },
    ""python"": null,
    ""implementation"": null,
    ""distro"": null,
    ""system"": null,
    ""cpu"": null,
    ""openssl_version"": null,
    ""setuptools_version"": null,
    ""rustc_version"": null,
    ""ci"": null
  }
}",TLSv1.3,TLS_AES_128_GCM_SHA256,"{
  ""http"": null
}"
2026-08-31 18:04:59.000000 UTC,US,/packages/83/be/46c0b89c9d4e1ba90af9bc184e88672c04d420d41342e4dc359c78d05981/duckdb-1.1.3-cp313-cp313-win_amd64.whl,duckdb,"{
  ""file"": {
    ""filename"": ""duckdb-1.1.3-cp313-cp313-win_amd64.whl"",
    ""project"": ""duckdb"",
    ""version"": ""1.1.3"",
    ""type"": ""bdist_wheel""
  }
}","{
  ""details"": {
    ""installer"": {
      ""name"": ""Bazel"",
      ""version"": ""9.2.0- (@non-git)"",
      ""subcommand"": null
    },
    ""python"": null,
    ""implementation"": null,
    ""distro"": null,
    ""system"": null,
    ""cpu"": null,
    ""openssl_version"": null,
    ""setuptools_version"": null,
    ""rustc_version"": null,
    ""ci"": null
  }
}",TLSv1.3,TLS_AES_128_GCM_SHA256,"{
  ""http"": null
}"
2026-08-31 18:09:55.000000 UTC,US,/packages/83/be/46c0b89c9d4e1ba90af9bc184e88672c04d420d41342e4dc359c78d05981/duckdb-1.1.3-cp313-cp313-win_amd64.whl,duckdb,"{
  ""file"": {
    ""filename"": ""duckdb-1.1.3-cp313-cp313-win_amd64.whl"",
    ""project"": ""duckdb"",
    ""version"": ""1.1.3"",
    ""type"": ""bdist_wheel""
  }
}","{
  ""details"": {
    ""installer"": {
      ""name"": ""Bazel"",
      ""version"": ""9.2.0- (@non-git)"",
      ""subcommand"": null
    },
    ""python"": null,
    ""implementation"": null,
    ""distro"": null,
    ""system"": null,
    ""cpu"": null,
    ""openssl_version"": null,
    ""setuptools_version"": null,
    ""rustc_version"": null,
    ""ci"": null
  }
}",TLSv1.3,TLS_AES_128_GCM_SHA256,"{
  ""http"": null
}"
2026-08-31 18:05:43.000000 UTC,US,/packages/83/be/46c0b89c9d4e1ba90af9bc184e88672c04d420d41342e4dc359c78d05981/duckdb-1.1.3-cp313-cp313-win_amd64.whl,duckdb,"{
  ""file"": {
    ""filename"": ""duckdb-1.1.3-cp313-cp313-win_amd64.whl"",
    ""project"": ""duckdb"",
    ""version"": ""1.1.3"",
    ""type"": ""bdist_wheel""
  }
}","{
  ""details"": {
    ""installer"": {
      ""name"": ""Bazel"",
      ""version"": ""9.2.0- (@non-git)"",
      ""subcommand"": null
    },
    ""python"": null,
    ""implementation"": null,
    ""distro"": null,
    ""system"": null,
    ""cpu"": null,
    ""openssl_version"": null,
    ""setuptools_version"": null,
    ""rustc_version"": null,
    ""ci"": null
  }
}",TLSv1.3,TLS_AES_128_GCM_SHA256,"{
  ""http"": null
}"
2026-08-31 18:06:44.000000 UTC,US,/packages/83/be/46c0b89c9d4e1ba90af9bc184e88672c04d420d41342e4dc359c78d05981/duckdb-1.1.3-cp313-cp313-win_amd64.whl,duckdb,"{
  ""file"": {
    ""filename"": ""duckdb-1.1.3-cp313-cp313-win_amd64.whl"",
    ""project"": ""duckdb"",
    ""version"": ""1.1.3"",
    ""type"": ""bdist_wheel""
  }
}","{
  ""details"": {
    ""installer"": {
      ""name"": ""Bazel"",
      ""version"": ""9.2.0- (@non-git)"",
      ""subcommand"": null
    },
    ""python"": null,
    ""implementation"": null,
    ""distro"": null,
    ""system"": null,
    ""cpu"": null,
    ""openssl_version"": null,
    ""setuptools_version"": null,
    ""rustc_version"": null,
    ""ci"": null
  }
}",TLSv1.3,TLS_AES_128_GCM_SHA256,"{
  ""http"": null
}"
2026-08-31 18:05:14.000000 UTC,US,/packages/83/be/46c0b89c9d4e1ba90af9bc184e88672c04d420d41342e4dc359c78d05981/duckdb-1.1.3-cp313-cp313-win_amd64.whl,duckdb,"{
  ""file"": {
    ""filename"": ""duckdb-1.1.3-cp313-cp313-win_amd64.whl"",
    ""project"": ""duckdb"",
    ""version"": ""1.1.3"",
    ""type"": ""bdist_wheel""
  }
}","{
  ""details"": {
    ""installer"": {
      ""name"": ""Bazel"",
      ""version"": ""9.2.0- (@non-git)"",
      ""subcommand"": null
    },
    ""python"": null,
    ""implementation"": null,
    ""distro"": null,
    ""system"": null,
    ""cpu"": null,
    ""openssl_version"": null,
    ""setuptools_version"": null,
    ""rustc_version"": null,
    ""ci"": null
  }
}",TLSv1.3,TLS_AES_128_GCM_SHA256,"{
  ""http"": null
}"
2026-08-31 18:05:05.000000 UTC,US,/packages/83/be/46c0b89c9d4e1ba90af9bc184e88672c04d420d41342e4dc359c78d05981/duckdb-1.1.3-cp313-cp313-win_amd64.whl,duckdb,"{
  ""file"": {
    ""filename"": ""duckdb-1.1.3-cp313-cp313-win_amd64.whl"",
    ""project"": ""duckdb"",
    ""version"": ""1.1.3"",
    ""type"": ""bdist_wheel""
  }
}","{
  ""details"": {
    ""installer"": {
      ""name"": ""Bazel"",
      ""version"": ""9.2.0- (@non-git)"",
      ""subcommand"": null
    },
    ""python"": null,
    ""implementation"": null,
    ""distro"": null,
    ""system"": null,
    ""cpu"": null,
    ""openssl_version"": null,
    ""setuptools_version"": null,
    ""rustc_version"": null,
    ""ci"": null
  }
}",TLSv1.3,TLS_AES_128_GCM_SHA256,"{
  ""http"": null
}"
2026-08-31 18:06:53.000000 UTC,US,/packages/83/be/46c0b89c9d4e1ba90af9bc184e88672c04d420d41342e4dc359c78d05981/duckdb-1.1.3-cp313-cp313-win_amd64.whl,duckdb,"{
  ""file"": {
    ""filename"": ""duckdb-1.1.3-cp313-cp313-win_amd64.whl"",
    ""project"": ""duckdb"",
    ""version"": ""1.1.3"",
    ""type"": ""bdist_wheel""
  }
}","{
  ""details"": {
    ""installer"": {
      ""name"": ""Bazel"",
      ""version"": ""9.2.0- (@non-git)"",
      ""subcommand"": null
    },
    ""python"": null,
    ""implementation"": null,
    ""distro"": null,
    ""system"": null,
    ""cpu"": null,
    ""openssl_version"": null,
    ""setuptools_version"": null,
    ""rustc_version"": null,
    ""ci"": null
  }
}",TLSv1.3,TLS_AES_128_GCM_SHA256,"{
  ""http"": null
}"
2026-08-31 18:05:13.000000 UTC,US,/packages/83/be/46c0b89c9d4e1ba90af9bc184e88672c04d420d41342e4dc359c78d05981/duckdb-1.1.3-cp313-cp313-win_amd64.whl,duckdb,"{
  ""file"": {
    ""filename"": ""duckdb-1.1.3-cp313-cp313-win_amd64.whl"",
    ""project"": ""duckdb"",
    ""version"": ""1.1.3"",
    ""type"": ""bdist_wheel""
  }
}","{
  ""details"": {
    ""installer"": {
      ""name"": ""Bazel"",
      ""version"": ""9.2.0- (@non-git)"",
      ""subcommand"": null
    },
    ""python"": null,
    ""implementation"": null,
    ""distro"": null,
    ""system"": null,
    ""cpu"": null,
    ""openssl_version"": null,
    ""setuptools_version"": null,
    ""rustc_version"": null,
    ""ci"": null
  }
}",TLSv1.3,TLS_AES_128_GCM_SHA256,"{
  ""http"": null
}"
2026-08-31 18:08:48.000000 UTC,US,/packages/83/be/46c0b89c9d4e1ba90af9bc184e88672c04d420d41342e4dc359c78d05981/duckdb-1.1.3-cp313-cp313-win_amd64.whl,duckdb,"{
  ""file"": {
    ""filename"": ""duckdb-1.1.3-cp313-cp313-win_amd64.whl"",
    ""project"": ""duckdb"",
    ""version"": ""1.1.3"",
    ""type"": ""bdist_wheel""
  }
}","{
  ""details"": {
    ""installer"": {
      ""name"": ""Bazel"",
      ""version"": ""9.2.0- (@non-git)"",
      ""subcommand"": null
    },
    ""python"": null,
    ""implementation"": null,
    ""distro"": null,
    ""system"": null,
    ""cpu"": null,
    ""openssl_version"": null,
    ""setuptools_version"": null,
    ""rustc_version"": null,
    ""ci"": null
  }
}",TLSv1.3,TLS_AES_128_GCM_SHA256,"{
  ""http"": null
}"
2026-08-31 18:05:32.000000 UTC,US,/packages/83/be/46c0b89c9d4e1ba90af9bc184e88672c04d420d41342e4dc359c78d05981/duckdb-1.1.3-cp313-cp313-win_amd64.whl,duckdb,"{
  ""file"": {
    ""filename"": ""duckdb-1.1.3-cp313-cp313-win_amd64.whl"",
    ""project"": ""duckdb"",
    ""version"": ""1.1.3"",
    ""type"": ""bdist_wheel""
  }
}","{
  ""details"": {
    ""installer"": {
      ""name"": ""Bazel"",
      ""version"": ""9.2.0- (@non-git)"",
      ""subcommand"": null
    },
    ""python"": null,
    ""implementation"": null,
    ""distro"": null,
    ""system"": null,
    ""cpu"": null,
    ""openssl_version"": null,
    ""setuptools_version"": null,
    ""rustc_version"": null,
    ""ci"": null
  }
}",TLSv1.3,TLS_AES_128_GCM_SHA256,"{
  ""http"": null
}"
2026-08-31 18:05:25.000000 UTC,US,/packages/83/be/46c0b89c9d4e1ba90af9bc184e88672c04d420d41342e4dc359c78d05981/duckdb-1.1.3-cp313-cp313-win_amd64.whl,duckdb,"{
  ""file"": {
    ""filename"": ""duckdb-1.1.3-cp313-cp313-win_amd64.whl"",
    ""project"": ""duckdb"",
    ""version"": ""1.1.3"",
    ""type"": ""bdist_wheel""
  }
}","{
  ""details"": {
    ""installer"": {
      ""name"": ""Bazel"",
      ""version"": ""9.2.0- (@non-git)"",
      ""subcommand"": null
    },
    ""python"": null,
    ""implementation"": null,
    ""distro"": null,
    ""system"": null,
    ""cpu"": null,
    ""openssl_version"": null,
    ""setuptools_version"": null,
    ""rustc_version"": null,
    ""ci"": null
  }
}",TLSv1.3,TLS_AES_128_GCM_SHA256,"{
  ""http"": null
}"
2026-08-31 18:05:15.000000 UTC,US,/packages/83/be/46c0b89c9d4e1ba90af9bc184e88672c04d420d41342e4dc359c78d05981/duckdb-1.1.3-cp313-cp313-win_amd64.whl,duckdb,"{
  ""file"": {
    ""filename"": ""duckdb-1.1.3-cp313-cp313-win_amd64.whl"",
    ""project"": ""duckdb"",
    ""version"": ""1.1.3"",
    ""type"": ""bdist_wheel""
  }
}","{
  ""details"": {
    ""installer"": {
      ""name"": ""Bazel"",
      ""version"": ""9.2.0- (@non-git)"",
      ""subcommand"": null
    },
    ""python"": null,
    ""implementation"": null,
    ""distro"": null,
    ""system"": null,
    ""cpu"": null,
    ""openssl_version"": null,
    ""setuptools_version"": null,
    ""rustc_version"": null,
    ""ci"": null
  }
}",TLSv1.3,TLS_AES_128_GCM_SHA256,"{
  ""http"": null
}"
2026-08-31 18:01:45.000000 UTC,US,/packages/e3/9e/e3995491d4c3bc6b3e3e0f3bad55902225c09f571e296c1eb093f33c5c75/duckdb-1.1.3-cp39-cp39-manylinux_2_17_x86_64.manylinux2014_x86_64.whl,duckdb,"{
  ""file"": {
    ""filename"": ""duckdb-1.1.3-cp39-cp39-manylinux_2_17_x86_64.manylinux2014_x86_64.whl"",
    ""project"": ""duckdb"",
    ""version"": ""1.1.3"",
    ""type"": ""bdist_wheel""
  }
}","{
  ""details"": {
    ""installer"": {
      ""name"": ""poetry"",
      ""version"": ""1.8.2"",
      ""subcommand"": null
    },
    ""python"": null,
    ""implementation"": {
      ""name"": ""CPython"",
      ""version"": ""3.9.21""
    },
    ""distro"": null,
    ""system"": {
      ""name"": ""Linux"",
      ""release"": ""6.12.94+""
    },
    ""cpu"": null,
    ""openssl_version"": null,
    ""setuptools_version"": null,
    ""rustc_version"": null,
    ""ci"": null
  }
}",TLSv1.3,TLS_AES_128_GCM_SHA256,"{
  ""http"": null
}"
2026-08-31 18:06:21.000000 UTC,US,/packages/e3/9e/e3995491d4c3bc6b3e3e0f3bad55902225c09f571e296c1eb093f33c5c75/duckdb-1.1.3-cp39-cp39-manylinux_2_17_x86_64.manylinux2014_x86_64.whl,duckdb,"{
  ""file"": {
    ""filename"": ""duckdb-1.1.3-cp39-cp39-manylinux_2_17_x86_64.manylinux2014_x86_64.whl"",
    ""project"": ""duckdb"",
    ""version"": ""1.1.3"",
    ""type"": ""bdist_wheel""
  }
}","{
  ""details"": {
    ""installer"": {
      ""name"": ""poetry"",
      ""version"": ""1.8.2"",
      ""subcommand"": null
    },
    ""python"": null,
    ""implementation"": {
      ""name"": ""CPython"",
      ""version"": ""3.9.21""
    },
    ""distro"": null,
    ""system"": {
      ""name"": ""Linux"",
      ""release"": ""6.12.94+""
    },
    ""cpu"": null,
    ""openssl_version"": null,
    ""setuptools_version"": null,
    ""rustc_version"": null,
    ""ci"": null
  }
}",TLSv1.3,TLS_AES_128_GCM_SHA256,"{
  ""http"": null
}"
2026-08-31 17:58:24.000000 UTC,US,/packages/d4/5f/7b511dcaa772f9ae20c7f3fe05dd88174729fbcb67e15b349b72a3855712/duckdb-1.2.1-cp312-cp312-manylinux_2_17_x86_64.manylinux2014_x86_64.whl,duckdb,"{
  ""file"": {
    ""filename"": ""duckdb-1.2.1-cp312-cp312-manylinux_2_17_x86_64.manylinux2014_x86_64.whl"",
    ""project"": ""duckdb"",
    ""version"": ""1.2.1"",
    ""type"": ""bdist_wheel""
  }
}","{
  ""details"": {
    ""installer"": {
      ""name"": ""poetry"",
      ""version"": ""1.8.3"",
      ""subcommand"": null
    },
    ""python"": null,
    ""implementation"": {
      ""name"": ""CPython"",
      ""version"": ""3.12.14""
    },
    ""distro"": null,
    ""system"": {
      ""name"": ""Linux"",
      ""release"": ""6.17.0-1022-azure""
    },
    ""cpu"": null,
    ""openssl_version"": null,
    ""setuptools_version"": null,
    ""rustc_version"": null,
    ""ci"": null
  }
}",TLSv1.3,TLS_AES_128_GCM_SHA256,"{
  ""http"": null
}"
2026-08-31 18:09:09.000000 UTC,US,/packages/d4/5f/7b511dcaa772f9ae20c7f3fe05dd88174729fbcb67e15b349b72a3855712/duckdb-1.2.1-cp312-cp312-manylinux_2_17_x86_64.manylinux2014_x86_64.whl,duckdb,"{
  ""file"": {
    ""filename"": ""duckdb-1.2.1-cp312-cp312-manylinux_2_17_x86_64.manylinux2014_x86_64.whl"",
    ""project"": ""duckdb"",
    ""version"": ""1.2.1"",
    ""type"": ""bdist_wheel""
  }
}","{
  ""details"": {
    ""installer"": {
      ""name"": ""poetry"",
      ""version"": ""1.8.3"",
      ""subcommand"": null
    },
    ""python"": null,
    ""implementation"": {
      ""name"": ""CPython"",
      ""version"": ""3.12.14""
    },
    ""distro"": null,
    ""system"": {
      ""name"": ""Linux"",
      ""release"": ""6.17.0-1022-azure""
    },
    ""cpu"": null,
    ""openssl_version"": null,
    ""setuptools_version"": null,
    ""rustc_version"": null,
    ""ci"": null
  }
}",TLSv1.3,TLS_AES_128_GCM_SHA256,"{
  ""http"": null
}"
2026-08-31 18:02:50.000000 UTC,US,/packages/d4/5f/7b511dcaa772f9ae20c7f3fe05dd88174729fbcb67e15b349b72a3855712/duckdb-1.2.1-cp312-cp312-manylinux_2_17_x86_64.manylinux2014_x86_64.whl,duckdb,"{
  ""file"": {
    ""filename"": ""duckdb-1.2.1-cp312-cp312-manylinux_2_17_x86_64.manylinux2014_x86_64.whl"",
    ""project"": ""duckdb"",
    ""version"": ""1.2.1"",
    ""type"": ""bdist_wheel""
  }
}","{
  ""details"": {
    ""installer"": {
      ""name"": ""poetry"",
      ""version"": ""1.8.3"",
      ""subcommand"": null
    },
    ""python"": null,
    ""implementation"": {
      ""name"": ""CPython"",
      ""version"": ""3.12.14""
    },
    ""distro"": null,
    ""system"": {
      ""name"": ""Linux"",
      ""release"": ""6.17.0-1022-azure""
    },
    ""cpu"": null,
    ""openssl_version"": null,
    ""setuptools_version"": null,
    ""rustc_version"": null,
    ""ci"": null
  }
}",TLSv1.3,TLS_AES_128_GCM_SHA256,"{
  ""http"": null
}"
2026-08-31 18:01:49.000000 UTC,US,/packages/d4/5f/7b511dcaa772f9ae20c7f3fe05dd88174729fbcb67e15b349b72a3855712/duckdb-1.2.1-cp312-cp312-manylinux_2_17_x86_64.manylinux2014_x86_64.whl,duckdb,"{
  ""file"": {
    ""filename"": ""duckdb-1.2.1-cp312-cp312-manylinux_2_17_x86_64.manylinux2014_x86_64.whl"",
    ""project"": ""duckdb"",
    ""version"": ""1.2.1"",
    ""type"": ""bdist_wheel""
  }
}","{
  ""details"": {
    ""installer"": {
      ""name"": ""poetry"",
      ""version"": ""1.8.3"",
      ""subcommand"": null
    },
    ""python"": null,
    ""implementation"": {
      ""name"": ""CPython"",
      ""version"": ""3.12.14""
    },
    ""distro"": null,
    ""system"": {
      ""name"": ""Linux"",
      ""release"": ""6.17.0-1022-azure""
    },
    ""cpu"": null,
    ""openssl_version"": null,
    ""setuptools_version"": null,
    ""rustc_version"": null,
    ""ci"": null
  }
}",TLSv1.3,TLS_AES_128_GCM_SHA256,"{
  ""http"": null
}"
2026-08-31 17:58:05.000000 UTC,US,/packages/d4/5f/7b511dcaa772f9ae20c7f3fe05dd88174729fbcb67e15b349b72a3855712/duckdb-1.2.1-cp312-cp312-manylinux_2_17_x86_64.manylinux2014_x86_64.whl,duckdb,"{
  ""file"": {
    ""filename"": ""duckdb-1.2.1-cp312-cp312-manylinux_2_17_x86_64.manylinux2014_x86_64.whl"",
    ""project"": ""duckdb"",
    ""version"": ""1.2.1"",
    ""type"": ""bdist_wheel""
  }
}","{
  ""details"": {
    ""installer"": {
      ""name"": ""poetry"",
      ""version"": ""1.8.3"",
      ""subcommand"": null
    },
    ""python"": null,
    ""implementation"": {
      ""name"": ""CPython"",
      ""version"": ""3.12.14""
    },
    ""distro"": null,
    ""system"": {
      ""name"": ""Linux"",
      ""release"": ""6.17.0-1022-azure""
    },
    ""cpu"": null,
    ""openssl_version"": null,
    ""setuptools_version"": null,
    ""rustc_version"": null,
    ""ci"": null
  }
}",TLSv1.3,TLS_AES_128_GCM_SHA256,"{
  ""http"": null
}"
2026-08-31 17:59:34.000000 UTC,US,/packages/d4/5f/7b511dcaa772f9ae20c7f3fe05dd88174729fbcb67e15b349b72a3855712/duckdb-1.2.1-cp312-cp312-manylinux_2_17_x86_64.manylinux2014_x86_64.whl,duckdb,"{
  ""file"": {
    ""filename"": ""duckdb-1.2.1-cp312-cp312-manylinux_2_17_x86_64.manylinux2014_x86_64.whl"",
    ""project"": ""duckdb"",
    ""version"": ""1.2.1"",
    ""type"": ""bdist_wheel""
  }
}","{
  ""details"": {
    ""installer"": {
      ""name"": ""poetry"",
      ""version"": ""1.8.3"",
      ""subcommand"": null
    },
    ""python"": null,
    ""implementation"": {
      ""name"": ""CPython"",
      ""version"": ""3.12.14""
    },
    ""distro"": null,
    ""system"": {
      ""name"": ""Linux"",
      ""release"": ""6.17.0-1022-azure""
    },
    ""cpu"": null,
    ""openssl_version"": null,
    ""setuptools_version"": null,
    ""rustc_version"": null,
    ""ci"": null
  }
}",TLSv1.3,TLS_AES_128_GCM_SHA256,"{
  ""http"": null
}"
2026-08-31 18:02:52.000000 UTC,US,/packages/d4/5f/7b511dcaa772f9ae20c7f3fe05dd88174729fbcb67e15b349b72a3855712/duckdb-1.2.1-cp312-cp312-manylinux_2_17_x86_64.manylinux2014_x86_64.whl,duckdb,"{
  ""file"": {
    ""filename"": ""duckdb-1.2.1-cp312-cp312-manylinux_2_17_x86_64.manylinux2014_x86_64.whl"",
    ""project"": ""duckdb"",
    ""version"": ""1.2.1"",
    ""type"": ""bdist_wheel""
  }
}","{
  ""details"": {
    ""installer"": {
      ""name"": ""poetry"",
      ""version"": ""1.8.3"",
      ""subcommand"": null
    },
    ""python"": null,
    ""implementation"": {
      ""name"": ""CPython"",
      ""version"": ""3.12.14""
    },
    ""distro"": null,
    ""system"": {
      ""name"": ""Linux"",
      ""release"": ""6.17.0-1022-azure""
    },
    ""cpu"": null,
    ""openssl_version"": null,
    ""setuptools_version"": null,
    ""rustc_version"": null,
    ""ci"": null
  }
}",TLSv1.3,TLS_AES_128_GCM_SHA256,"{
  ""http"": null
}"
2026-08-31 17:58:22.000000 UTC,US,/packages/d4/5f/7b511dcaa772f9ae20c7f3fe05dd88174729fbcb67e15b349b72a3855712/duckdb-1.2.1-cp312-cp312-manylinux_2_17_x86_64.manylinux2014_x86_64.whl,duckdb,"{
  ""file"": {
    ""filename"": ""duckdb-1.2.1-cp312-cp312-manylinux_2_17_x86_64.manylinux2014_x86_64.whl"",
    ""project"": ""duckdb"",
    ""version"": ""1.2.1"",
    ""type"": ""bdist_wheel""
  }
}","{
  ""details"": {
    ""installer"": {
      ""name"": ""poetry"",
      ""version"": ""1.8.3"",
      ""subcommand"": null
    },
    ""python"": null,
    ""implementation"": {
      ""name"": ""CPython"",
      ""version"": ""3.12.14""
    },
    ""distro"": null,
    ""system"": {
      ""name"": ""Linux"",
      ""release"": ""6.17.0-1022-azure""
    },
    ""cpu"": null,
    ""openssl_version"": null,
    ""setuptools_version"": null,
    ""rustc_version"": null,
    ""ci"": null
  }
}",TLSv1.3,TLS_AES_128_GCM_SHA256,"{
  ""http"": null
}"
2026-08-31 18:07:17.000000 UTC,US,/packages/d4/5f/7b511dcaa772f9ae20c7f3fe05dd88174729fbcb67e15b349b72a3855712/duckdb-1.2.1-cp312-cp312-manylinux_2_17_x86_64.manylinux2014_x86_64.whl,duckdb,"{
  ""file"": {
    ""filename"": ""duckdb-1.2.1-cp312-cp312-manylinux_2_17_x86_64.manylinux2014_x86_64.whl"",
    ""project"": ""duckdb"",
    ""version"": ""1.2.1"",
    ""type"": ""bdist_wheel""
  }
}","{
  ""details"": {
    ""installer"": {
      ""name"": ""poetry"",
      ""version"": ""1.8.3"",
      ""subcommand"": null
    },
    ""python"": null,
    ""implementation"": {
      ""name"": ""CPython"",
      ""version"": ""3.12.14""
    },
    ""distro"": null,
    ""system"": {
      ""name"": ""Linux"",
      ""release"": ""6.17.0-1022-azure""
    },
    ""cpu"": null,
    ""openssl_version"": null,
    ""setuptools_version"": null,
    ""rustc_version"": null,
    ""ci"": null
  }
}",TLSv1.3,TLS_AES_128_GCM_SHA256,"{
  ""http"": null
}"
2026-08-31 18:00:38.000000 UTC,US,/packages/d4/5f/7b511dcaa772f9ae20c7f3fe05dd88174729fbcb67e15b349b72a3855712/duckdb-1.2.1-cp312-cp312-manylinux_2_17_x86_64.manylinux2014_x86_64.whl,duckdb,"{
  ""file"": {
    ""filename"": ""duckdb-1.2.1-cp312-cp312-manylinux_2_17_x86_64.manylinux2014_x86_64.whl"",
    ""project"": ""duckdb"",
    ""version"": ""1.2.1"",
    ""type"": ""bdist_wheel""
  }
}","{
  ""details"": {
    ""installer"": {
      ""name"": ""poetry"",
      ""version"": ""1.8.3"",
      ""subcommand"": null
    },
    ""python"": null,
    ""implementation"": {
      ""name"": ""CPython"",
      ""version"": ""3.12.14""
    },
    ""distro"": null,
    ""system"": {
      ""name"": ""Linux"",
      ""release"": ""6.17.0-1022-azure""
    },
    ""cpu"": null,
    ""openssl_version"": null,
    ""setuptools_version"": null,
    ""rustc_version"": null,
    ""ci"": null
  }
}",TLSv1.3,TLS_AES_128_GCM_SHA256,"{
  ""http"": null
}"
2026-08-31 18:07:13.000000 UTC,US,/packages/d4/5f/7b511dcaa772f9ae20c7f3fe05dd88174729fbcb67e15b349b72a3855712/duckdb-1.2.1-cp312-cp312-manylinux_2_17_x86_64.manylinux2014_x86_64.whl,duckdb,"{
  ""file"": {
    ""filename"": ""duckdb-1.2.1-cp312-cp312-manylinux_2_17_x86_64.manylinux2014_x86_64.whl"",
    ""project"": ""duckdb"",
    ""version"": ""1.2.1"",
    ""type"": ""bdist_wheel""
  }
}","{
  ""details"": {
    ""installer"": {
      ""name"": ""poetry"",
      ""version"": ""1.8.3"",
      ""subcommand"": null
    },
    ""python"": null,
    ""implementation"": {
      ""name"": ""CPython"",
      ""version"": ""3.12.14""
    },
    ""distro"": null,
    ""system"": {
      ""name"": ""Linux"",
      ""release"": ""6.17.0-1022-azure""
    },
    ""cpu"": null,
    ""openssl_version"": null,
    ""setuptools_version"": null,
    ""rustc_version"": null,
    ""ci"": null
  }
}",TLSv1.3,TLS_AES_128_GCM_SHA256,"{
  ""http"": null
}"
2026-08-31 17:57:17.000000 UTC,US,/packages/d4/5f/7b511dcaa772f9ae20c7f3fe05dd88174729fbcb67e15b349b72a3855712/duckdb-1.2.1-cp312-cp312-manylinux_2_17_x86_64.manylinux2014_x86_64.whl,duckdb,"{
  ""file"": {
    ""filename"": ""duckdb-1.2.1-cp312-cp312-manylinux_2_17_x86_64.manylinux2014_x86_64.whl"",
    ""project"": ""duckdb"",
    ""version"": ""1.2.1"",
    ""type"": ""bdist_wheel""
  }
}","{
  ""details"": {
    ""installer"": {
      ""name"": ""poetry"",
      ""version"": ""1.8.3"",
      ""subcommand"": null
    },
    ""python"": null,
    ""implementation"": {
      ""name"": ""CPython"",
      ""version"": ""3.12.14""
    },
    ""distro"": null,
    ""system"": {
      ""name"": ""Linux"",
      ""release"": ""6.17.0-1022-azure""
    },
    ""cpu"": null,
    ""openssl_version"": null,
    ""setuptools_version"": null,
    ""rustc_version"": null,
    ""ci"": null
  }
}",TLSv1.3,TLS_AES_128_GCM_SHA256,"{
  ""http"": null
}"
2026-08-31 17:58:29.000000 UTC,US,/packages/6d/66/6b2a433d042a3a5109c1a62a4daaea40b908e7876756aed2837adaf0ca26/duckdb-1.2.2-cp310-cp310-manylinux_2_17_x86_64.manylinux2014_x86_64.whl,duckdb,"{
  ""file"": {
    ""filename"": ""duckdb-1.2.2-cp310-cp310-manylinux_2_17_x86_64.manylinux2014_x86_64.whl"",
    ""project"": ""duckdb"",
    ""version"": ""1.2.2"",
    ""type"": ""bdist_wheel""
  }
}","{
  ""details"": {
    ""installer"": {
      ""name"": ""requests"",
      ""version"": ""2.34.2"",
      ""subcommand"": null
    },
    ""python"": null,
    ""implementation"": null,
    ""distro"": null,
    ""system"": null,
    ""cpu"": null,
    ""openssl_version"": null,
    ""setuptools_version"": null,
    ""rustc_version"": null,
    ""ci"": null
  }
}",TLSv1.3,TLS_AES_128_GCM_SHA256,"{
  ""http"": null
}"
2026-08-31 18:01:58.000000 UTC,AU,/packages/97/ce/f27a7b735a8abb04e2c1efcc05178e25e455539c74d70f76c2845bae8473/duckdb-1.2.2-cp311-cp311-manylinux_2_24_aarch64.manylinux_2_28_aarch64.whl,duckdb,"{
  ""file"": {
    ""filename"": ""duckdb-1.2.2-cp311-cp311-manylinux_2_24_aarch64.manylinux_2_28_aarch64.whl"",
    ""project"": ""duckdb"",
    ""version"": ""1.2.2"",
    ""type"": ""bdist_wheel""
  }
}","{
  ""details"": {
    ""installer"": {
      ""name"": ""poetry"",
      ""version"": ""2.1.1"",
      ""subcommand"": null
    },
    ""python"": null,
    ""implementation"": {
      ""name"": ""CPython"",
      ""version"": ""3.11.11""
    },
    ""distro"": null,
    ""system"": {
      ""name"": ""Linux"",
      ""release"": ""6.6.143.1-1.azl3""
    },
    ""cpu"": null,
    ""openssl_version"": null,
    ""setuptools_version"": null,
    ""rustc_version"": null,
    ""ci"": null
  }
}",TLSv1.3,TLS_AES_128_GCM_SHA256,"{
  ""http"": null
}"
2026-08-31 18:00:57.000000 UTC,US,/packages/97/ce/f27a7b735a8abb04e2c1efcc05178e25e455539c74d70f76c2845bae8473/duckdb-1.2.2-cp311-cp311-manylinux_2_24_aarch64.manylinux_2_28_aarch64.whl,duckdb,"{
  ""file"": {
    ""filename"": ""duckdb-1.2.2-cp311-cp311-manylinux_2_24_aarch64.manylinux_2_28_aarch64.whl"",
    ""project"": ""duckdb"",
    ""version"": ""1.2.2"",
    ""type"": ""bdist_wheel""
  }
}","{
  ""details"": {
    ""installer"": {
      ""name"": ""poetry"",
      ""version"": ""2.1.1"",
      ""subcommand"": null
    },
    ""python"": null,
    ""implementation"": {
      ""name"": ""CPython"",
      ""version"": ""3.11.11""
    },
    ""distro"": null,
    ""system"": {
      ""name"": ""Linux"",
      ""release"": ""6.6.141.1-1.azl3""
    },
    ""cpu"": null,
    ""openssl_version"": null,
    ""setuptools_version"": null,
    ""rustc_version"": null,
    ""ci"": null
  }
}",TLSv1.3,TLS_AES_128_GCM_SHA256,"{
  ""http"": null
}"
2026-08-31 18:01:01.000000 UTC,US,/packages/97/ce/f27a7b735a8abb04e2c1efcc05178e25e455539c74d70f76c2845bae8473/duckdb-1.2.2-cp311-cp311-manylinux_2_24_aarch64.manylinux_2_28_aarch64.whl,duckdb,"{
  ""file"": {
    ""filename"": ""duckdb-1.2.2-cp311-cp311-manylinux_2_24_aarch64.manylinux_2_28_aarch64.whl"",
    ""project"": ""duckdb"",
    ""version"": ""1.2.2"",
    ""type"": ""bdist_wheel""
  }
}","{
  ""details"": {
    ""installer"": {
      ""name"": ""poetry"",
      ""version"": ""2.1.1"",
      ""subcommand"": null
    },
    ""python"": null,
    ""implementation"": {
      ""name"": ""CPython"",
      ""version"": ""3.11.11""
    },
    ""distro"": null,
    ""system"": {
      ""name"": ""Linux"",
      ""release"": ""6.6.141.1-1.azl3""
    },
    ""cpu"": null,
    ""openssl_version"": null,
    ""setuptools_version"": null,
    ""rustc_version"": null,
    ""ci"": null
  }
}",TLSv1.3,TLS_AES_128_GCM_SHA256,"{
  ""http"": null
}"
2026-08-31 18:05:50.000000 UTC,AU,/packages/97/ce/f27a7b735a8abb04e2c1efcc05178e25e455539c74d70f76c2845bae8473/duckdb-1.2.2-cp311-cp311-manylinux_2_24_aarch64.manylinux_2_28_aarch64.whl,duckdb,"{
  ""file"": {
    ""filename"": ""duckdb-1.2.2-cp311-cp311-manylinux_2_24_aarch64.manylinux_2_28_aarch64.whl"",
    ""project"": ""duckdb"",
    ""version"": ""1.2.2"",
    ""type"": ""bdist_wheel""
  }
}","{
  ""details"": {
    ""installer"": {
      ""name"": ""poetry"",
      ""version"": ""2.0.1"",
      ""subcommand"": null
    },
    ""python"": null,
    ""implementation"": {
      ""name"": ""CPython"",
      ""version"": ""3.11.11""
    },
    ""distro"": null,
    ""system"": {
      ""name"": ""Linux"",
      ""release"": ""6.6.143.1-1.azl3""
    },
    ""cpu"": null,
    ""openssl_version"": null,
    ""setuptools_version"": null,
    ""rustc_version"": null,
    ""ci"": null
  }
}",TLSv1.3,TLS_AES_128_GCM_SHA256,"{
  ""http"": null
}"
2026-08-31 18:00:55.000000 UTC,US,/packages/97/ce/f27a7b735a8abb04e2c1efcc05178e25e455539c74d70f76c2845bae8473/duckdb-1.2.2-cp311-cp311-manylinux_2_24_aarch64.manylinux_2_28_aarch64.whl,duckdb,"{
  ""file"": {
    ""filename"": ""duckdb-1.2.2-cp311-cp311-manylinux_2_24_aarch64.manylinux_2_28_aarch64.whl"",
    ""project"": ""duckdb"",
    ""version"": ""1.2.2"",
    ""type"": ""bdist_wheel""
  }
}","{
  ""details"": {
    ""installer"": {
      ""name"": ""poetry"",
      ""version"": ""2.1.1"",
      ""subcommand"": null
    },
    ""python"": null,
    ""implementation"": {
      ""name"": ""CPython"",
      ""version"": ""3.11.11""
    },
    ""distro"": null,
    ""system"": {
      ""name"": ""Linux"",
      ""release"": ""6.6.141.1-1.azl3""
    },
    ""cpu"": null,
    ""openssl_version"": null,
    ""setuptools_version"": null,
    ""rustc_version"": null,
    ""ci"": null
  }
}",TLSv1.3,TLS_AES_128_GCM_SHA256,"{
  ""http"": null
}"
2026-08-31 18:00:41.000000 UTC,AU,/packages/97/ce/f27a7b735a8abb04e2c1efcc05178e25e455539c74d70f76c2845bae8473/duckdb-1.2.2-cp311-cp311-manylinux_2_24_aarch64.manylinux_2_28_aarch64.whl,duckdb,"{
  ""file"": {
    ""filename"": ""duckdb-1.2.2-cp311-cp311-manylinux_2_24_aarch64.manylinux_2_28_aarch64.whl"",
    ""project"": ""duckdb"",
    ""version"": ""1.2.2"",
    ""type"": ""bdist_wheel""
  }
}","{
  ""details"": {
    ""installer"": {
      ""name"": ""poetry"",
      ""version"": ""2.0.1"",
      ""subcommand"": null
    },
    ""python"": null,
    ""implementation"": {
      ""name"": ""CPython"",
      ""version"": ""3.11.11""
    },
    ""distro"": null,
    ""system"": {
      ""name"": ""Linux"",
      ""release"": ""6.6.143.1-1.azl3""
    },
    ""cpu"": null,
    ""openssl_version"": null,
    ""setuptools_version"": null,
    ""rustc_version"": null,
    ""ci"": null
  }
}",TLSv1.3,TLS_AES_128_GCM_SHA256,"{
  ""http"": null
}"
2026-08-31 18:00:36.000000 UTC,US,/packages/97/ce/f27a7b735a8abb04e2c1efcc05178e25e455539c74d70f76c2845bae8473/duckdb-1.2.2-cp311-cp311-manylinux_2_24_aarch64.manylinux_2_28_aarch64.whl,duckdb,"{
  ""file"": {
    ""filename"": ""duckdb-1.2.2-cp311-cp311-manylinux_2_24_aarch64.manylinux_2_28_aarch64.whl"",
    ""project"": ""duckdb"",
    ""version"": ""1.2.2"",
    ""type"": ""bdist_wheel""
  }
}","{
  ""details"": {
    ""installer"": {
      ""name"": ""poetry"",
      ""version"": ""2.1.1"",
      ""subcommand"": null
    },
    ""python"": null,
    ""implementation"": {
      ""name"": ""CPython"",
      ""version"": ""3.11.11""
    },
    ""distro"": null,
    ""system"": {
      ""name"": ""Linux"",
      ""release"": ""6.6.141.1-1.azl3""
    },
    ""cpu"": null,
    ""openssl_version"": null,
    ""setuptools_version"": null,
    ""rustc_version"": null,
    ""ci"": null
  }
}",TLSv1.3,TLS_AES_128_GCM_SHA256,"{
  ""http"": null
}"
2026-08-31 18:01:58.000000 UTC,AU,/packages/97/ce/f27a7b735a8abb04e2c1efcc05178e25e455539c74d70f76c2845bae8473/duckdb-1.2.2-cp311-cp311-manylinux_2_24_aarch64.manylinux_2_28_aarch64.whl,duckdb,"{
  ""file"": {
    ""filename"": ""duckdb-1.2.2-cp311-cp311-manylinux_2_24_aarch64.manylinux_2_28_aarch64.whl"",
    ""project"": ""duckdb"",
    ""version"": ""1.2.2"",
    ""type"": ""bdist_wheel""
  }
}","{
  ""details"": {
    ""installer"": {
      ""name"": ""poetry"",
      ""version"": ""2.1.1"",
      ""subcommand"": null
    },
    ""python"": null,
    ""implementation"": {
      ""name"": ""CPython"",
      ""version"": ""3.11.11""
    },
    ""distro"": null,
    ""system"": {
      ""name"": ""Linux"",
      ""release"": ""6.6.143.1-1.azl3""
    },
    ""cpu"": null,
    ""openssl_version"": null,
    ""setuptools_version"": null,
    ""rustc_version"": null,
    ""ci"": null
  }
}",TLSv1.3,TLS_AES_128_GCM_SHA256,"{
  ""http"": null
}"
2026-08-31 18:04:28.000000 UTC,US,/packages/d7/46/4745aa10a1e460f4c8b473eddaffe2c783ac5280e1e5929dd84bd1a1acde/duckdb-1.2.2-cp312-cp312-manylinux_2_17_x86_64.manylinux2014_x86_64.whl,duckdb,"{
  ""file"": {
    ""filename"": ""duckdb-1.2.2-cp312-cp312-manylinux_2_17_x86_64.manylinux2014_x86_64.whl"",
    ""project"": ""duckdb"",
    ""version"": ""1.2.2"",
    ""type"": ""bdist_wheel""
  }
}","{
  ""details"": {
    ""installer"": {
      ""name"": ""poetry"",
      ""version"": ""2.4.2"",
      ""subcommand"": null
    },
    ""python"": null,
    ""implementation"": {
      ""name"": ""CPython"",
      ""version"": ""3.12.14""
    },
    ""distro"": null,
    ""system"": {
      ""name"": ""Linux"",
      ""release"": ""6.17.0-1022-azure""
    },
    ""cpu"": null,
    ""openssl_version"": null,
    ""setuptools_version"": null,
    ""rustc_version"": null,
    ""ci"": null
  }
}",TLSv1.3,TLS_AES_128_GCM_SHA256,"{
  ""http"": null
}"
2026-08-31 18:04:26.000000 UTC,US,/packages/d7/46/4745aa10a1e460f4c8b473eddaffe2c783ac5280e1e5929dd84bd1a1acde/duckdb-1.2.2-cp312-cp312-manylinux_2_17_x86_64.manylinux2014_x86_64.whl,duckdb,"{
  ""file"": {
    ""filename"": ""duckdb-1.2.2-cp312-cp312-manylinux_2_17_x86_64.manylinux2014_x86_64.whl"",
    ""project"": ""duckdb"",
    ""version"": ""1.2.2"",
    ""type"": ""bdist_wheel""
  }
}","{
  ""details"": {
    ""installer"": {
      ""name"": ""poetry"",
      ""version"": ""2.4.2"",
      ""subcommand"": null
    },
    ""python"": null,
    ""implementation"": {
      ""name"": ""CPython"",
      ""version"": ""3.12.14""
    },
    ""distro"": null,
    ""system"": {
      ""name"": ""Linux"",
      ""release"": ""6.17.0-1022-azure""
    },
    ""cpu"": null,
    ""openssl_version"": null,
    ""setuptools_version"": null,
    ""rustc_version"": null,
    ""ci"": null
  }
}",TLSv1.3,TLS_AES_128_GCM_SHA256,"{
  ""http"": null
}"
2026-08-31 18:05:18.000000 UTC,US,/packages/d7/46/4745aa10a1e460f4c8b473eddaffe2c783ac5280e1e5929dd84bd1a1acde/duckdb-1.2.2-cp312-cp312-manylinux_2_17_x86_64.manylinux2014_x86_64.whl,duckdb,"{
  ""file"": {
    ""filename"": ""duckdb-1.2.2-cp312-cp312-manylinux_2_17_x86_64.manylinux2014_x86_64.whl"",
    ""project"": ""duckdb"",
    ""version"": ""1.2.2"",
    ""type"": ""bdist_wheel""
  }
}","{
  ""details"": {
    ""installer"": {
      ""name"": ""poetry"",
      ""version"": ""2.4.2"",
      ""subcommand"": null
    },
    ""python"": null,
    ""implementation"": {
      ""name"": ""CPython"",
      ""version"": ""3.12.14""
    },
    ""distro"": null,
    ""system"": {
      ""name"": ""Linux"",
      ""release"": ""5.10.0-32-cloud-amd64""
    },
    ""cpu"": null,
    ""openssl_version"": null,
    ""setuptools_version"": null,
    ""rustc_version"": null,
    ""ci"": null
  }
}",TLSv1.3,TLS_AES_128_GCM_SHA256,"{
  ""http"": null
}"
2026-08-31 18:05:16.000000 UTC,US,/packages/d7/46/4745aa10a1e460f4c8b473eddaffe2c783ac5280e1e5929dd84bd1a1acde/duckdb-1.2.2-cp312-cp312-manylinux_2_17_x86_64.manylinux2014_x86_64.whl,duckdb,"{
  ""file"": {
    ""filename"": ""duckdb-1.2.2-cp312-cp312-manylinux_2_17_x86_64.manylinux2014_x86_64.whl"",
    ""project"": ""duckdb"",
    ""version"": ""1.2.2"",
    ""type"": ""bdist_wheel""
  }
}","{
  ""details"": {
    ""installer"": {
      ""name"": ""poetry"",
      ""version"": ""2.4.2"",
      ""subcommand"": null
    },
    ""python"": null,
    ""implementation"": {
      ""name"": ""CPython"",
      ""version"": ""3.12.14""
    },
    ""distro"": null,
    ""system"": {
      ""name"": ""Linux"",
      ""release"": ""5.10.0-32-cloud-amd64""
    },
    ""cpu"": null,
    ""openssl_version"": null,
    ""setuptools_version"": null,
    ""rustc_version"": null,
    ""ci"": null
  }
}",TLSv1.3,TLS_AES_128_GCM_SHA256,"{
  ""http"": null
}"
2026-08-31 18:00:58.000000 UTC,US,/packages/d7/46/4745aa10a1e460f4c8b473eddaffe2c783ac5280e1e5929dd84bd1a1acde/duckdb-1.2.2-cp312-cp312-manylinux_2_17_x86_64.manylinux2014_x86_64.whl,duckdb,"{
  ""file"": {
    ""filename"": ""duckdb-1.2.2-cp312-cp312-manylinux_2_17_x86_64.manylinux2014_x86_64.whl"",
    ""project"": ""duckdb"",
    ""version"": ""1.2.2"",
    ""type"": ""bdist_wheel""
  }
}","{
  ""details"": {
    ""installer"": {
      ""name"": ""poetry"",
      ""version"": ""2.4.2"",
      ""subcommand"": null
    },
    ""python"": null,
    ""implementation"": {
      ""name"": ""CPython"",
      ""version"": ""3.12.14""
    },
    ""distro"": null,
    ""system"": {
      ""name"": ""Linux"",
      ""release"": ""7.0.0-28-generic""
    },
    ""cpu"": null,
    ""openssl_version"": null,
    ""setuptools_version"": null,
    ""rustc_version"": null,
    ""ci"": null
  }
}",TLSv1.3,TLS_AES_128_GCM_SHA256,"{
  ""http"": null
}"
2026-08-31 18:05:19.000000 UTC,US,/packages/d7/46/4745aa10a1e460f4c8b473eddaffe2c783ac5280e1e5929dd84bd1a1acde/duckdb-1.2.2-cp312-cp312-manylinux_2_17_x86_64.manylinux2014_x86_64.whl,duckdb,"{
  ""file"": {
    ""filename"": ""duckdb-1.2.2-cp312-cp312-manylinux_2_17_x86_64.manylinux2014_x86_64.whl"",
    ""project"": ""duckdb"",
    ""version"": ""1.2.2"",
    ""type"": ""bdist_wheel""
  }
}","{
  ""details"": {
    ""installer"": {
      ""name"": ""poetry"",
      ""version"": ""2.4.2"",
      ""subcommand"": null
    },
    ""python"": null,
    ""implementation"": {
      ""name"": ""CPython"",
      ""version"": ""3.12.14""
    },
    ""distro"": null,
    ""system"": {
      ""name"": ""Linux"",
      ""release"": ""5.10.0-32-cloud-amd64""
    },
    ""cpu"": null,
    ""openssl_version"": null,
    ""setuptools_version"": null,
    ""rustc_version"": null,
    ""ci"": null
  }
}",TLSv1.3,TLS_AES_128_GCM_SHA256,"{
  ""http"": null
}"
2026-08-31 18:09:32.000000 UTC,US,/packages/d7/46/4745aa10a1e460f4c8b473eddaffe2c783ac5280e1e5929dd84bd1a1acde/duckdb-1.2.2-cp312-cp312-manylinux_2_17_x86_64.manylinux2014_x86_64.whl,duckdb,"{
  ""file"": {
    ""filename"": ""duckdb-1.2.2-cp312-cp312-manylinux_2_17_x86_64.manylinux2014_x86_64.whl"",
    ""project"": ""duckdb"",
    ""version"": ""1.2.2"",
    ""type"": ""bdist_wheel""
  }
}","{
  ""details"": {
    ""installer"": {
      ""name"": ""poetry"",
      ""version"": ""2.4.2"",
      ""subcommand"": null
    },
    ""python"": null,
    ""implementation"": {
      ""name"": ""CPython"",
      ""version"": ""3.12.14""
    },
    ""distro"": null,
    ""system"": {
      ""name"": ""Linux"",
      ""release"": ""5.10.0-32-cloud-amd64""
    },
    ""cpu"": null,
    ""openssl_version"": null,
    ""setuptools_version"": null,
    ""rustc_version"": null,
    ""ci"": null
  }
}",TLSv1.3,TLS_AES_128_GCM_SHA256,"{
  ""http"": null
}"
2026-08-31 18:04:23.000000 UTC,US,/packages/d7/46/4745aa10a1e460f4c8b473eddaffe2c783ac5280e1e5929dd84bd1a1acde/duckdb-1.2.2-cp312-cp312-manylinux_2_17_x86_64.manylinux2014_x86_64.whl,duckdb,"{
  ""file"": {
    ""filename"": ""duckdb-1.2.2-cp312-cp312-manylinux_2_17_x86_64.manylinux2014_x86_64.whl"",
    ""project"": ""duckdb"",
    ""version"": ""1.2.2"",
    ""type"": ""bdist_wheel""
  }
}","{
  ""details"": {
    ""installer"": {
      ""name"": ""poetry"",
      ""version"": ""2.4.2"",
      ""subcommand"": null
    },
    ""python"": null,
    ""implementation"": {
      ""name"": ""CPython"",
      ""version"": ""3.12.14""
    },
    ""distro"": null,
    ""system"": {
      ""name"": ""Linux"",
      ""release"": ""6.17.0-1022-azure""
    },
    ""cpu"": null,
    ""openssl_version"": null,
    ""setuptools_version"": null,
    ""rustc_version"": null,
    ""ci"": null
  }
}",TLSv1.3,TLS_AES_128_GCM_SHA256,"{
  ""http"": null
}"
2026-08-31 18:04:36.000000 UTC,US,/packages/d7/46/4745aa10a1e460f4c8b473eddaffe2c783ac5280e1e5929dd84bd1a1acde/duckdb-1.2.2-cp312-cp312-manylinux_2_17_x86_64.manylinux2014_x86_64.whl,duckdb,"{
  ""file"": {
    ""filename"": ""duckdb-1.2.2-cp312-cp312-manylinux_2_17_x86_64.manylinux2014_x86_64.whl"",
    ""project"": ""duckdb"",
    ""version"": ""1.2.2"",
    ""type"": ""bdist_wheel""
  }
}","{
  ""details"": {
    ""installer"": {
      ""name"": ""poetry"",
      ""version"": ""2.4.2"",
      ""subcommand"": null
    },
    ""python"": null,
    ""implementation"": {
      ""name"": ""CPython"",
      ""version"": ""3.12.14""
    },
    ""distro"": null,
    ""system"": {
      ""name"": ""Linux"",
      ""release"": ""6.17.0-1022-azure""
    },
    ""cpu"": null,
    ""openssl_version"": null,
    ""setuptools_version"": null,
    ""rustc_version"": null,
    ""ci"": null
  }
}",TLSv1.3,TLS_AES_128_GCM_SHA256,"{
  ""http"": null
}"
2026-08-31 18:05:18.000000 UTC,US,/packages/d7/46/4745aa10a1e460f4c8b473eddaffe2c783ac5280e1e5929dd84bd1a1acde/duckdb-1.2.2-cp312-cp312-manylinux_2_17_x86_64.manylinux2014_x86_64.whl,duckdb,"{
  ""file"": {
    ""filename"": ""duckdb-1.2.2-cp312-cp312-manylinux_2_17_x86_64.manylinux2014_x86_64.whl"",
    ""project"": ""duckdb"",
    ""version"": ""1.2.2"",
    ""type"": ""bdist_wheel""
  }
}","{
  ""details"": {
    ""installer"": {
      ""name"": ""poetry"",
      ""version"": ""2.4.2"",
      ""subcommand"": null
    },
    ""python"": null,
    ""implementation"": {
      ""name"": ""CPython"",
      ""version"": ""3.12.14""
    },
    ""distro"": null,
    ""system"": {
      ""name"": ""Linux"",
      ""release"": ""5.10.0-32-cloud-amd64""
    },
    ""cpu"": null,
    ""openssl_version"": null,
    ""setuptools_version"": null,
    ""rustc_version"": null,
    ""ci"": null
  }
}",TLSv1.3,TLS_AES_128_GCM_SHA256,"{
  ""http"": null
}"
2026-08-31 18:01:48.000000 UTC,AU,/packages/43/21/ffe5aeb9d32a49d2de6d368b3fe3e53c2246eccec916375d65c45dc58339/duckdb-1.3.0-cp311-cp311-manylinux_2_27_aarch64.manylinux_2_28_aarch64.whl,duckdb,"{
  ""file"": {
    ""filename"": ""duckdb-1.3.0-cp311-cp311-manylinux_2_27_aarch64.manylinux_2_28_aarch64.whl"",
    ""project"": ""duckdb"",
    ""version"": ""1.3.0"",
    ""type"": ""bdist_wheel""
  }
}","{
  ""details"": {
    ""installer"": {
      ""name"": ""poetry"",
      ""version"": ""2.1.1"",
      ""subcommand"": null
    },
    ""python"": null,
    ""implementation"": {
      ""name"": ""CPython"",
      ""version"": ""3.11.11""
    },
    ""distro"": null,
    ""system"": {
      ""name"": ""Linux"",
      ""release"": ""6.6.143.1-1.azl3""
    },
    ""cpu"": null,
    ""openssl_version"": null,
    ""setuptools_version"": null,
    ""rustc_version"": null,
    ""ci"": null
  }
}",TLSv1.3,TLS_AES_128_GCM_SHA256,"{
  ""http"": null
}"
2026-08-31 18:09:00.000000 UTC,US,/packages/9f/8d/ff3a3f4f8a6b0e8020f1eaa16aa4f50890596e6d7dcdf084cc1f63d79c60/duckdb-1.3.1-cp310-cp310-win_amd64.whl,duckdb,"{
  ""file"": {
    ""filename"": ""duckdb-1.3.1-cp310-cp310-win_amd64.whl"",
    ""project"": ""duckdb"",
    ""version"": ""1.3.1"",
    ""type"": ""bdist_wheel""
  }
}","{
  ""details"": {
    ""installer"": {
      ""name"": ""uv"",
      ""version"": ""0.11.17"",
      ""subcommand"": ""sync""
    },
    ""python"": ""3.10.20"",
    ""implementation"": {
      ""name"": ""CPython"",
      ""version"": ""3.10.20""
    },
    ""distro"": null,
    ""system"": {
      ""name"": ""Windows"",
      ""release"": ""10""
    },
    ""cpu"": ""AMD64"",
    ""openssl_version"": null,
    ""setuptools_version"": null,
    ""rustc_version"": null,
    ""ci"": null
  }
}",TLSv1.3,TLS_AES_128_GCM_SHA256,"{
  ""http"": null
}"
2026-08-31 18:09:22.000000 UTC,US,/packages/da/47/f8c13c3318bb29e22d2b320fcbf07c27d2d3cc1acb54e2dee3478611dce2/duckdb-1.3.1-cp311-cp311-manylinux_2_27_x86_64.manylinux_2_28_x86_64.whl,duckdb,"{
  ""file"": {
    ""filename"": ""duckdb-1.3.1-cp311-cp311-manylinux_2_27_x86_64.manylinux_2_28_x86_64.whl"",
    ""project"": ""duckdb"",
    ""version"": ""1.3.1"",
    ""type"": ""bdist_wheel""
  }
}","{
  ""details"": {
    ""installer"": {
      ""name"": ""poetry"",
      ""version"": ""1.8.3"",
      ""subcommand"": null
    },
    ""python"": null,
    ""implementation"": {
      ""name"": ""CPython"",
      ""version"": ""3.11.9""
    },
    ""distro"": null,
    ""system"": {
      ""name"": ""Linux"",
      ""release"": ""5.15.167.4-microsoft-standard-WSL2""
    },
    ""cpu"": null,
    ""openssl_version"": null,
    ""setuptools_version"": null,
    ""rustc_version"": null,
    ""ci"": null
  }
}",TLSv1.3,TLS_AES_128_GCM_SHA256,"{
  ""http"": null
}"
2026-08-31 18:01:19.000000 UTC,US,/packages/4c/7f/38e518b8f51299410dcad9f1e99f1c99f3592516581467a2da344d3b5951/duckdb-1.3.2-cp311-cp311-manylinux_2_27_aarch64.manylinux_2_28_aarch64.whl,duckdb,"{
  ""file"": {
    ""filename"": ""duckdb-1.3.2-cp311-cp311-manylinux_2_27_aarch64.manylinux_2_28_aarch64.whl"",
    ""project"": ""duckdb"",
    ""version"": ""1.3.2"",
    ""type"": ""bdist_wheel""
  }
}","{
  ""details"": {
    ""installer"": {
      ""name"": ""poetry"",
      ""version"": ""2.1.1"",
      ""subcommand"": null
    },
    ""python"": null,
    ""implementation"": {
      ""name"": ""CPython"",
      ""version"": ""3.11.11""
    },
    ""distro"": null,
    ""system"": {
      ""name"": ""Linux"",
      ""release"": ""6.6.141.1-1.azl3""
    },
    ""cpu"": null,
    ""openssl_version"": null,
    ""setuptools_version"": null,
    ""rustc_version"": null,
    ""ci"": null
  }
}",TLSv1.3,TLS_AES_128_GCM_SHA256,"{
  ""http"": null
}"
2026-08-31 18:01:13.000000 UTC,US,/packages/4c/7f/38e518b8f51299410dcad9f1e99f1c99f3592516581467a2da344d3b5951/duckdb-1.3.2-cp311-cp311-manylinux_2_27_aarch64.manylinux_2_28_aarch64.whl,duckdb,"{
  ""file"": {
    ""filename"": ""duckdb-1.3.2-cp311-cp311-manylinux_2_27_aarch64.manylinux_2_28_aarch64.whl"",
    ""project"": ""duckdb"",
    ""version"": ""1.3.2"",
    ""type"": ""bdist_wheel""
  }
}","{
  ""details"": {
    ""installer"": {
      ""name"": ""poetry"",
      ""version"": ""2.1.1"",
      ""subcommand"": null
    },
    ""python"": null,
    ""implementation"": {
      ""name"": ""CPython"",
      ""version"": ""3.11.11""
    },
    ""distro"": null,
    ""system"": {
      ""name"": ""Linux"",
      ""release"": ""6.6.141.1-1.azl3""
    },
    ""cpu"": null,
    ""openssl_version"": null,
    ""setuptools_version"": null,
    ""rustc_version"": null,
    ""ci"": null
  }
}",TLSv1.3,TLS_AES_128_GCM_SHA256,"{
  ""http"": null
}"
2026-08-31 18:00:42.000000 UTC,IN,/packages/4c/7f/38e518b8f51299410dcad9f1e99f1c99f3592516581467a2da344d3b5951/duckdb-1.3.2-cp311-cp311-manylinux_2_27_aarch64.manylinux_2_28_aarch64.whl,duckdb,"{
  ""file"": {
    ""filename"": ""duckdb-1.3.2-cp311-cp311-manylinux_2_27_aarch64.manylinux_2_28_aarch64.whl"",
    ""project"": ""duckdb"",
    ""version"": ""1.3.2"",
    ""type"": ""bdist_wheel""
  }
}","{
  ""details"": {
    ""installer"": {
      ""name"": ""requests"",
      ""version"": ""2.34.2"",
      ""subcommand"": null
    },
    ""python"": null,
    ""implementation"": null,
    ""distro"": null,
    ""system"": null,
    ""cpu"": null,
    ""openssl_version"": null,
    ""setuptools_version"": null,
    ""rustc_version"": null,
    ""ci"": null
  }
}",TLSv1.3,TLS_AES_128_GCM_SHA256,"{
  ""http"": null
}"
2026-08-31 18:08:25.000000 UTC,US,/packages/90/a3/41f3d42fddd9629846aac328eb295170e76782d8dfc5e58b3584b96fa296/duckdb-1.3.2-cp311-cp311-manylinux_2_27_x86_64.manylinux_2_28_x86_64.whl,duckdb,"{
  ""file"": {
    ""filename"": ""duckdb-1.3.2-cp311-cp311-manylinux_2_27_x86_64.manylinux_2_28_x86_64.whl"",
    ""project"": ""duckdb"",
    ""version"": ""1.3.2"",
    ""type"": ""bdist_wheel""
  }
}","{
  ""details"": {
    ""installer"": {
      ""name"": ""poetry"",
      ""version"": ""2.3.2"",
      ""subcommand"": null
    },
    ""python"": null,
    ""implementation"": {
      ""name"": ""CPython"",
      ""version"": ""3.11.14""
    },
    ""distro"": null,
    ""system"": {
      ""name"": ""Linux"",
      ""release"": ""5.4.0-1109-azure""
    },
    ""cpu"": null,
    ""openssl_version"": null,
    ""setuptools_version"": null,
    ""rustc_version"": null,
    ""ci"": null
  }
}",TLSv1.3,TLS_AES_128_GCM_SHA256,"{
  ""http"": null
}"
2026-08-31 18:08:23.000000 UTC,US,/packages/90/a3/41f3d42fddd9629846aac328eb295170e76782d8dfc5e58b3584b96fa296/duckdb-1.3.2-cp311-cp311-manylinux_2_27_x86_64.manylinux_2_28_x86_64.whl,duckdb,"{
  ""file"": {
    ""filename"": ""duckdb-1.3.2-cp311-cp311-manylinux_2_27_x86_64.manylinux_2_28_x86_64.whl"",
    ""project"": ""duckdb"",
    ""version"": ""1.3.2"",
    ""type"": ""bdist_wheel""
  }
}","{
  ""details"": {
    ""installer"": {
      ""name"": ""poetry"",
      ""version"": ""2.3.2"",
      ""subcommand"": null
    },
    ""python"": null,
    ""implementation"": {
      ""name"": ""CPython"",
      ""version"": ""3.11.14""
    },
    ""distro"": null,
    ""system"": {
      ""name"": ""Linux"",
      ""release"": ""5.4.0-1109-azure""
    },
    ""cpu"": null,
    ""openssl_version"": null,
    ""setuptools_version"": null,
    ""rustc_version"": null,
    ""ci"": null
  }
}",TLSv1.3,TLS_AES_128_GCM_SHA256,"{
  ""http"": null
}"
2026-08-31 18:05:26.000000 UTC,CA,/packages/90/a3/41f3d42fddd9629846aac328eb295170e76782d8dfc5e58b3584b96fa296/duckdb-1.3.2-cp311-cp311-manylinux_2_27_x86_64.manylinux_2_28_x86_64.whl,duckdb,"{
  ""file"": {
    ""filename"": ""duckdb-1.3.2-cp311-cp311-manylinux_2_27_x86_64.manylinux_2_28_x86_64.whl"",
    ""project"": ""duckdb"",
    ""version"": ""1.3.2"",
    ""type"": ""bdist_wheel""
  }
}","{
  ""details"": {
    ""installer"": {
      ""name"": ""poetry"",
      ""version"": ""2.1.4"",
      ""subcommand"": null
    },
    ""python"": null,
    ""implementation"": {
      ""name"": ""CPython"",
      ""version"": ""3.11.2""
    },
    ""distro"": null,
    ""system"": {
      ""name"": ""Linux"",
      ""release"": ""6.12.54-flatcar""
    },
    ""cpu"": null,
    ""openssl_version"": null,
    ""setuptools_version"": null,
    ""rustc_version"": null,
    ""ci"": null
  }
}",TLSv1.3,TLS_AES_128_GCM_SHA256,"{
  ""http"": null
}"
2026-08-31 18:08:29.000000 UTC,US,/packages/90/a3/41f3d42fddd9629846aac328eb295170e76782d8dfc5e58b3584b96fa296/duckdb-1.3.2-cp311-cp311-manylinux_2_27_x86_64.manylinux_2_28_x86_64.whl,duckdb,"{
  ""file"": {
    ""filename"": ""duckdb-1.3.2-cp311-cp311-manylinux_2_27_x86_64.manylinux_2_28_x86_64.whl"",
    ""project"": ""duckdb"",
    ""version"": ""1.3.2"",
    ""type"": ""bdist_wheel""
  }
}","{
  ""details"": {
    ""installer"": {
      ""name"": ""poetry"",
      ""version"": ""2.3.2"",
      ""subcommand"": null
    },
    ""python"": null,
    ""implementation"": {
      ""name"": ""CPython"",
      ""version"": ""3.11.14""
    },
    ""distro"": null,
    ""system"": {
      ""name"": ""Linux"",
      ""release"": ""5.4.0-1109-azure""
    },
    ""cpu"": null,
    ""openssl_version"": null,
    ""setuptools_version"": null,
    ""rustc_version"": null,
    ""ci"": null
  }
}",TLSv1.3,TLS_AES_128_GCM_SHA256,"{
  ""http"": null
}"
2026-08-31 18:09:22.000000 UTC,US,/packages/6c/5d/77f15528857c2b186ebec07778dc199ccc04aafb69fb7b15227af4f19ac9/duckdb-1.3.2-cp312-cp312-macosx_12_0_arm64.whl,duckdb,"{
  ""file"": {
    ""filename"": ""duckdb-1.3.2-cp312-cp312-macosx_12_0_arm64.whl"",
    ""project"": ""duckdb"",
    ""version"": ""1.3.2"",
    ""type"": ""bdist_wheel""
  }
}","{
  ""details"": {
    ""installer"": {
      ""name"": ""Bazel"",
      ""version"": ""8.6.0"",
      ""subcommand"": null
    },
    ""python"": null,
    ""implementation"": null,
    ""distro"": null,
    ""system"": null,
    ""cpu"": null,
    ""openssl_version"": null,
    ""setuptools_version"": null,
    ""rustc_version"": null,
    ""ci"": null
  }
}",TLSv1.3,TLS_AES_128_GCM_SHA256,"{
  ""http"": null
}"
2026-08-31 18:03:09.000000 UTC,US,/packages/6c/5d/77f15528857c2b186ebec07778dc199ccc04aafb69fb7b15227af4f19ac9/duckdb-1.3.2-cp312-cp312-macosx_12_0_arm64.whl,duckdb,"{
  ""file"": {
    ""filename"": ""duckdb-1.3.2-cp312-cp312-macosx_12_0_arm64.whl"",
    ""project"": ""duckdb"",
    ""version"": ""1.3.2"",
    ""type"": ""bdist_wheel""
  }
}","{
  ""details"": {
    ""installer"": {
      ""name"": ""Bazel"",
      ""version"": ""8.6.0"",
      ""subcommand"": null
    },
    ""python"": null,
    ""implementation"": null,
    ""distro"": null,
    ""system"": null,
    ""cpu"": null,
    ""openssl_version"": null,
    ""setuptools_version"": null,
    ""rustc_version"": null,
    ""ci"": null
  }
}",TLSv1.3,TLS_AES_128_GCM_SHA256,"{
  ""http"": null
}"
2026-08-31 18:09:46.000000 UTC,US,/packages/6c/5d/77f15528857c2b186ebec07778dc199ccc04aafb69fb7b15227af4f19ac9/duckdb-1.3.2-cp312-cp312-macosx_12_0_arm64.whl,duckdb,"{
  ""file"": {
    ""filename"": ""duckdb-1.3.2-cp312-cp312-macosx_12_0_arm64.whl"",
    ""project"": ""duckdb"",
    ""version"": ""1.3.2"",
    ""type"": ""bdist_wheel""
  }
}","{
  ""details"": {
    ""installer"": {
      ""name"": ""Bazel"",
      ""version"": ""8.6.0"",
      ""subcommand"": null
    },
    ""python"": null,
    ""implementation"": null,
    ""distro"": null,
    ""system"": null,
    ""cpu"": null,
    ""openssl_version"": null,
    ""setuptools_version"": null,
    ""rustc_version"": null,
    ""ci"": null
  }
}",TLSv1.3,TLS_AES_128_GCM_SHA256,"{
  ""http"": null
}"
2026-08-31 18:08:57.000000 UTC,US,/packages/6c/5d/77f15528857c2b186ebec07778dc199ccc04aafb69fb7b15227af4f19ac9/duckdb-1.3.2-cp312-cp312-macosx_12_0_arm64.whl,duckdb,"{
  ""file"": {
    ""filename"": ""duckdb-1.3.2-cp312-cp312-macosx_12_0_arm64.whl"",
    ""project"": ""duckdb"",
    ""version"": ""1.3.2"",
    ""type"": ""bdist_wheel""
  }
}","{
  ""details"": {
    ""installer"": {
      ""name"": ""Bazel"",
      ""version"": ""8.6.0"",
      ""subcommand"": null
    },
    ""python"": null,
    ""implementation"": null,
    ""distro"": null,
    ""system"": null,
    ""cpu"": null,
    ""openssl_version"": null,
    ""setuptools_version"": null,
    ""rustc_version"": null,
    ""ci"": null
  }
}",TLSv1.3,TLS_AES_128_GCM_SHA256,"{
  ""http"": null
}"
2026-08-31 18:00:07.000000 UTC,US,/packages/6c/5d/77f15528857c2b186ebec07778dc199ccc04aafb69fb7b15227af4f19ac9/duckdb-1.3.2-cp312-cp312-macosx_12_0_arm64.whl,duckdb,"{
  ""file"": {
    ""filename"": ""duckdb-1.3.2-cp312-cp312-macosx_12_0_arm64.whl"",
    ""project"": ""duckdb"",
    ""version"": ""1.3.2"",
    ""type"": ""bdist_wheel""
  }
}","{
  ""details"": {
    ""installer"": {
      ""name"": ""Bazel"",
      ""version"": ""8.6.0"",
      ""subcommand"": null
    },
    ""python"": null,
    ""implementation"": null,
    ""distro"": null,
    ""system"": null,
    ""cpu"": null,
    ""openssl_version"": null,
    ""setuptools_version"": null,
    ""rustc_version"": null,
    ""ci"": null
  }
}",TLSv1.3,TLS_AES_128_GCM_SHA256,"{
  ""http"": null
}"
2026-08-31 17:59:39.000000 UTC,US,/packages/6c/5d/77f15528857c2b186ebec07778dc199ccc04aafb69fb7b15227af4f19ac9/duckdb-1.3.2-cp312-cp312-macosx_12_0_arm64.whl,duckdb,"{
  ""file"": {
    ""filename"": ""duckdb-1.3.2-cp312-cp312-macosx_12_0_arm64.whl"",
    ""project"": ""duckdb"",
    ""version"": ""1.3.2"",
    ""type"": ""bdist_wheel""
  }
}","{
  ""details"": {
    ""installer"": {
      ""name"": ""Bazel"",
      ""version"": ""8.6.0"",
      ""subcommand"": null
    },
    ""python"": null,
    ""implementation"": null,
    ""distro"": null,
    ""system"": null,
    ""cpu"": null,
    ""openssl_version"": null,
    ""setuptools_version"": null,
    ""rustc_version"": null,
    ""ci"": null
  }
}",TLSv1.3,TLS_AES_128_GCM_SHA256,"{
  ""http"": null
}"
2026-08-31 18:06:48.000000 UTC,US,/packages/6c/5d/77f15528857c2b186ebec07778dc199ccc04aafb69fb7b15227af4f19ac9/duckdb-1.3.2-cp312-cp312-macosx_12_0_arm64.whl,duckdb,"{
  ""file"": {
    ""filename"": ""duckdb-1.3.2-cp312-cp312-macosx_12_0_arm64.whl"",
    ""project"": ""duckdb"",
    ""version"": ""1.3.2"",
    ""type"": ""bdist_wheel""
  }
}","{
  ""details"": {
    ""installer"": {
      ""name"": ""Bazel"",
      ""version"": ""8.6.0"",
      ""subcommand"": null
    },
    ""python"": null,
    ""implementation"": null,
    ""distro"": null,
    ""system"": null,
    ""cpu"": null,
    ""openssl_version"": null,
    ""setuptools_version"": null,
    ""rustc_version"": null,
    ""ci"": null
  }
}",TLSv1.3,TLS_AES_128_GCM_SHA256,"{
  ""http"": null
}"
2026-08-31 18:03:21.000000 UTC,US,/packages/6c/5d/77f15528857c2b186ebec07778dc199ccc04aafb69fb7b15227af4f19ac9/duckdb-1.3.2-cp312-cp312-macosx_12_0_arm64.whl,duckdb,"{
  ""file"": {
    ""filename"": ""duckdb-1.3.2-cp312-cp312-macosx_12_0_arm64.whl"",
    ""project"": ""duckdb"",
    ""version"": ""1.3.2"",
    ""type"": ""bdist_wheel""
  }
}","{
  ""details"": {
    ""installer"": {
      ""name"": ""Bazel"",
      ""version"": ""8.6.0"",
      ""subcommand"": null
    },
    ""python"": null,
    ""implementation"": null,
    ""distro"": null,
    ""system"": null,
    ""cpu"": null,
    ""openssl_version"": null,
    ""setuptools_version"": null,
    ""rustc_version"": null,
    ""ci"": null
  }
}",TLSv1.3,TLS_AES_128_GCM_SHA256,"{
  ""http"": null
}"
2026-08-31 18:09:18.000000 UTC,US,/packages/6c/5d/77f15528857c2b186ebec07778dc199ccc04aafb69fb7b15227af4f19ac9/duckdb-1.3.2-cp312-cp312-macosx_12_0_arm64.whl,duckdb,"{
  ""file"": {
    ""filename"": ""duckdb-1.3.2-cp312-cp312-macosx_12_0_arm64.whl"",
    ""project"": ""duckdb"",
    ""version"": ""1.3.2"",
    ""type"": ""bdist_wheel""
  }
}","{
  ""details"": {
    ""installer"": {
      ""name"": ""Bazel"",
      ""version"": ""8.6.0"",
      ""subcommand"": null
    },
    ""python"": null,
    ""implementation"": null,
    ""distro"": null,
    ""system"": null,
    ""cpu"": null,
    ""openssl_version"": null,
    ""setuptools_version"": null,
    ""rustc_version"": null,
    ""ci"": null
  }
}",TLSv1.3,TLS_AES_128_GCM_SHA256,"{
  ""http"": null
}"
2026-08-31 18:08:14.000000 UTC,US,/packages/6c/5d/77f15528857c2b186ebec07778dc199ccc04aafb69fb7b15227af4f19ac9/duckdb-1.3.2-cp312-cp312-macosx_12_0_arm64.whl,duckdb,"{
  ""file"": {
    ""filename"": ""duckdb-1.3.2-cp312-cp312-macosx_12_0_arm64.whl"",
    ""project"": ""duckdb"",
    ""version"": ""1.3.2"",
    ""type"": ""bdist_wheel""
  }
}","{
  ""details"": {
    ""installer"": {
      ""name"": ""Bazel"",
      ""version"": ""8.6.0"",
      ""subcommand"": null
    },
    ""python"": null,
    ""implementation"": null,
    ""distro"": null,
    ""system"": null,
    ""cpu"": null,
    ""openssl_version"": null,
    ""setuptools_version"": null,
    ""rustc_version"": null,
    ""ci"": null
  }
}",TLSv1.3,TLS_AES_128_GCM_SHA256,"{
  ""http"": null
}"
2026-08-31 18:09:03.000000 UTC,US,/packages/6c/5d/77f15528857c2b186ebec07778dc199ccc04aafb69fb7b15227af4f19ac9/duckdb-1.3.2-cp312-cp312-macosx_12_0_arm64.whl,duckdb,"{
  ""file"": {
    ""filename"": ""duckdb-1.3.2-cp312-cp312-macosx_12_0_arm64.whl"",
    ""project"": ""duckdb"",
    ""version"": ""1.3.2"",
    ""type"": ""bdist_wheel""
  }
}","{
  ""details"": {
    ""installer"": {
      ""name"": ""Bazel"",
      ""version"": ""8.6.0"",
      ""subcommand"": null
    },
    ""python"": null,
    ""implementation"": null,
    ""distro"": null,
    ""system"": null,
    ""cpu"": null,
    ""openssl_version"": null,
    ""setuptools_version"": null,
    ""rustc_version"": null,
    ""ci"": null
  }
}",TLSv1.3,TLS_AES_128_GCM_SHA256,"{
  ""http"": null
}"
2026-08-31 18:03:22.000000 UTC,US,/packages/95/3d/2d7f8078194130dbf30b5ae154ce454bfc208c91aa5f3e802531a3e09bca/duckdb-1.3.2-cp312-cp312-macosx_12_0_x86_64.whl,duckdb,"{
  ""file"": {
    ""filename"": ""duckdb-1.3.2-cp312-cp312-macosx_12_0_x86_64.whl"",
    ""project"": ""duckdb"",
    ""version"": ""1.3.2"",
    ""type"": ""bdist_wheel""
  }
}","{
  ""details"": {
    ""installer"": {
      ""name"": ""Bazel"",
      ""version"": ""8.6.0"",
      ""subcommand"": null
    },
    ""python"": null,
    ""implementation"": null,
    ""distro"": null,
    ""system"": null,
    ""cpu"": null,
    ""openssl_version"": null,
    ""setuptools_version"": null,
    ""rustc_version"": null,
    ""ci"": null
  }
}",TLSv1.3,TLS_AES_128_GCM_SHA256,"{
  ""http"": null
}"
2026-08-31 18:09:18.000000 UTC,US,/packages/95/3d/2d7f8078194130dbf30b5ae154ce454bfc208c91aa5f3e802531a3e09bca/duckdb-1.3.2-cp312-cp312-macosx_12_0_x86_64.whl,duckdb,"{
  ""file"": {
    ""filename"": ""duckdb-1.3.2-cp312-cp312-macosx_12_0_x86_64.whl"",
    ""project"": ""duckdb"",
    ""version"": ""1.3.2"",
    ""type"": ""bdist_wheel""
  }
}","{
  ""details"": {
    ""installer"": {
      ""name"": ""Bazel"",
      ""version"": ""8.6.0"",
      ""subcommand"": null
    },
    ""python"": null,
    ""implementation"": null,
    ""distro"": null,
    ""system"": null,
    ""cpu"": null,
    ""openssl_version"": null,
    ""setuptools_version"": null,
    ""rustc_version"": null,
    ""ci"": null
  }
}",TLSv1.3,TLS_AES_128_GCM_SHA256,"{
  ""http"": null
}"
2026-08-31 18:08:16.000000 UTC,US,/packages/95/3d/2d7f8078194130dbf30b5ae154ce454bfc208c91aa5f3e802531a3e09bca/duckdb-1.3.2-cp312-cp312-macosx_12_0_x86_64.whl,duckdb,"{
  ""file"": {
    ""filename"": ""duckdb-1.3.2-cp312-cp312-macosx_12_0_x86_64.whl"",
    ""project"": ""duckdb"",
    ""version"": ""1.3.2"",
    ""type"": ""bdist_wheel""
  }
}","{
  ""details"": {
    ""installer"": {
      ""name"": ""Bazel"",
      ""version"": ""8.6.0"",
      ""subcommand"": null
    },
    ""python"": null,
    ""implementation"": null,
    ""distro"": null,
    ""system"": null,
    ""cpu"": null,
    ""openssl_version"": null,
    ""setuptools_version"": null,
    ""rustc_version"": null,
    ""ci"": null
  }
}",TLSv1.3,TLS_AES_128_GCM_SHA256,"{
  ""http"": null
}"
2026-08-31 18:00:06.000000 UTC,US,/packages/95/3d/2d7f8078194130dbf30b5ae154ce454bfc208c91aa5f3e802531a3e09bca/duckdb-1.3.2-cp312-cp312-macosx_12_0_x86_64.whl,duckdb,"{
  ""file"": {
    ""filename"": ""duckdb-1.3.2-cp312-cp312-macosx_12_0_x86_64.whl"",
    ""project"": ""duckdb"",
    ""version"": ""1.3.2"",
    ""type"": ""bdist_wheel""
  }
}","{
  ""details"": {
    ""installer"": {
      ""name"": ""Bazel"",
      ""version"": ""8.6.0"",
      ""subcommand"": null
    },
    ""python"": null,
    ""implementation"": null,
    ""distro"": null,
    ""system"": null,
    ""cpu"": null,
    ""openssl_version"": null,
    ""setuptools_version"": null,
    ""rustc_version"": null,
    ""ci"": null
  }
}",TLSv1.3,TLS_AES_128_GCM_SHA256,"{
  ""http"": null
}"
2026-08-31 18:08:56.000000 UTC,US,/packages/95/3d/2d7f8078194130dbf30b5ae154ce454bfc208c91aa5f3e802531a3e09bca/duckdb-1.3.2-cp312-cp312-macosx_12_0_x86_64.whl,duckdb,"{
  ""file"": {
    ""filename"": ""duckdb-1.3.2-cp312-cp312-macosx_12_0_x86_64.whl"",
    ""project"": ""duckdb"",
    ""version"": ""1.3.2"",
    ""type"": ""bdist_wheel""
  }
}","{
  ""details"": {
    ""installer"": {
      ""name"": ""Bazel"",
      ""version"": ""8.6.0"",
      ""subcommand"": null
    },
    ""python"": null,
    ""implementation"": null,
    ""distro"": null,
    ""system"": null,
    ""cpu"": null,
    ""openssl_version"": null,
    ""setuptools_version"": null,
    ""rustc_version"": null,
    ""ci"": null
  }
}",TLSv1.3,TLS_AES_128_GCM_SHA256,"{
  ""http"": null
}"
2026-08-31 18:09:46.000000 UTC,US,/packages/95/3d/2d7f8078194130dbf30b5ae154ce454bfc208c91aa5f3e802531a3e09bca/duckdb-1.3.2-cp312-cp312-macosx_12_0_x86_64.whl,duckdb,"{
  ""file"": {
    ""filename"": ""duckdb-1.3.2-cp312-cp312-macosx_12_0_x86_64.whl"",
    ""project"": ""duckdb"",
    ""version"": ""1.3.2"",
    ""type"": ""bdist_wheel""
  }
}","{
  ""details"": {
    ""installer"": {
      ""name"": ""Bazel"",
      ""version"": ""8.6.0"",
      ""subcommand"": null
    },
    ""python"": null,
    ""implementation"": null,
    ""distro"": null,
    ""system"": null,
    ""cpu"": null,
    ""openssl_version"": null,
    ""setuptools_version"": null,
    ""rustc_version"": null,
    ""ci"": null
  }
}",TLSv1.3,TLS_AES_128_GCM_SHA256,"{
  ""http"": null
}"
2026-08-31 17:59:38.000000 UTC,US,/packages/95/3d/2d7f8078194130dbf30b5ae154ce454bfc208c91aa5f3e802531a3e09bca/duckdb-1.3.2-cp312-cp312-macosx_12_0_x86_64.whl,duckdb,"{
  ""file"": {
    ""filename"": ""duckdb-1.3.2-cp312-cp312-macosx_12_0_x86_64.whl"",
    ""project"": ""duckdb"",
    ""version"": ""1.3.2"",
    ""type"": ""bdist_wheel""
  }
}","{
  ""details"": {
    ""installer"": {
      ""name"": ""Bazel"",
      ""version"": ""8.6.0"",
      ""subcommand"": null
    },
    ""python"": null,
    ""implementation"": null,
    ""distro"": null,
    ""system"": null,
    ""cpu"": null,
    ""openssl_version"": null,
    ""setuptools_version"": null,
    ""rustc_version"": null,
    ""ci"": null
  }
}",TLSv1.3,TLS_AES_128_GCM_SHA256,"{
  ""http"": null
}"
2026-08-31 18:09:02.000000 UTC,US,/packages/95/3d/2d7f8078194130dbf30b5ae154ce454bfc208c91aa5f3e802531a3e09bca/duckdb-1.3.2-cp312-cp312-macosx_12_0_x86_64.whl,duckdb,"{
  ""file"": {
    ""filename"": ""duckdb-1.3.2-cp312-cp312-macosx_12_0_x86_64.whl"",
    ""project"": ""duckdb"",
    ""version"": ""1.3.2"",
    ""type"": ""bdist_wheel""
  }
}","{
  ""details"": {
    ""installer"": {
      ""name"": ""Bazel"",
      ""version"": ""8.6.0"",
      ""subcommand"": null
    },
    ""python"": null,
    ""implementation"": null,
    ""distro"": null,
    ""system"": null,
    ""cpu"": null,
    ""openssl_version"": null,
    ""setuptools_version"": null,
    ""rustc_version"": null,
    ""ci"": null
  }
}",TLSv1.3,TLS_AES_128_GCM_SHA256,"{
  ""http"": null
}"
2026-08-31 18:09:02.000000 UTC,US,/packages/cd/05/36ff9000b9c6d2a68c1b248f133ee316fcac10c0ff817112cbf5214dbe91/duckdb-1.3.2-cp312-cp312-manylinux_2_27_aarch64.manylinux_2_28_aarch64.whl,duckdb,"{
  ""file"": {
    ""filename"": ""duckdb-1.3.2-cp312-cp312-manylinux_2_27_aarch64.manylinux_2_28_aarch64.whl"",
    ""project"": ""duckdb"",
    ""version"": ""1.3.2"",
    ""type"": ""bdist_wheel""
  }
}","{
  ""details"": {
    ""installer"": {
      ""name"": ""Bazel"",
      ""version"": ""8.6.0"",
      ""subcommand"": null
    },
    ""python"": null,
    ""implementation"": null,
    ""distro"": null,
    ""system"": null,
    ""cpu"": null,
    ""openssl_version"": null,
    ""setuptools_version"": null,
    ""rustc_version"": null,
    ""ci"": null
  }
}",TLSv1.3,TLS_AES_128_GCM_SHA256,"{
  ""http"": null
}"
2026-08-31 18:08:14.000000 UTC,US,/packages/cd/05/36ff9000b9c6d2a68c1b248f133ee316fcac10c0ff817112cbf5214dbe91/duckdb-1.3.2-cp312-cp312-manylinux_2_27_aarch64.manylinux_2_28_aarch64.whl,duckdb,"{
  ""file"": {
    ""filename"": ""duckdb-1.3.2-cp312-cp312-manylinux_2_27_aarch64.manylinux_2_28_aarch64.whl"",
    ""project"": ""duckdb"",
    ""version"": ""1.3.2"",
    ""type"": ""bdist_wheel""
  }
}","{
  ""details"": {
    ""installer"": {
      ""name"": ""Bazel"",
      ""version"": ""8.6.0"",
      ""subcommand"": null
    },
    ""python"": null,
    ""implementation"": null,
    ""distro"": null,
    ""system"": null,
    ""cpu"": null,
    ""openssl_version"": null,
    ""setuptools_version"": null,
    ""rustc_version"": null,
    ""ci"": null
  }
}",TLSv1.3,TLS_AES_128_GCM_SHA256,"{
  ""http"": null
}"
2026-08-31 17:59:37.000000 UTC,US,/packages/cd/05/36ff9000b9c6d2a68c1b248f133ee316fcac10c0ff817112cbf5214dbe91/duckdb-1.3.2-cp312-cp312-manylinux_2_27_aarch64.manylinux_2_28_aarch64.whl,duckdb,"{
  ""file"": {
    ""filename"": ""duckdb-1.3.2-cp312-cp312-manylinux_2_27_aarch64.manylinux_2_28_aarch64.whl"",
    ""project"": ""duckdb"",
    ""version"": ""1.3.2"",
    ""type"": ""bdist_wheel""
  }
}","{
  ""details"": {
    ""installer"": {
      ""name"": ""Bazel"",
      ""version"": ""8.6.0"",
      ""subcommand"": null
    },
    ""python"": null,
    ""implementation"": null,
    ""distro"": null,
    ""system"": null,
    ""cpu"": null,
    ""openssl_version"": null,
    ""setuptools_version"": null,
    ""rustc_version"": null,
    ""ci"": null
  }
}",TLSv1.3,TLS_AES_128_GCM_SHA256,"{
  ""http"": null
}"
2026-08-31 18:08:58.000000 UTC,US,/packages/cd/05/36ff9000b9c6d2a68c1b248f133ee316fcac10c0ff817112cbf5214dbe91/duckdb-1.3.2-cp312-cp312-manylinux_2_27_aarch64.manylinux_2_28_aarch64.whl,duckdb,"{
  ""file"": {
    ""filename"": ""duckdb-1.3.2-cp312-cp312-manylinux_2_27_aarch64.manylinux_2_28_aarch64.whl"",
    ""project"": ""duckdb"",
    ""version"": ""1.3.2"",
    ""type"": ""bdist_wheel""
  }
}","{
  ""details"": {
    ""installer"": {
      ""name"": ""Bazel"",
      ""version"": ""8.6.0"",
      ""subcommand"": null
    },
    ""python"": null,
    ""implementation"": null,
    ""distro"": null,
    ""system"": null,
    ""cpu"": null,
    ""openssl_version"": null,
    ""setuptools_version"": null,
    ""rustc_version"": null,
    ""ci"": null
  }
}",TLSv1.3,TLS_AES_128_GCM_SHA256,"{
  ""http"": null
}"
2026-08-31 18:09:47.000000 UTC,US,/packages/cd/05/36ff9000b9c6d2a68c1b248f133ee316fcac10c0ff817112cbf5214dbe91/duckdb-1.3.2-cp312-cp312-manylinux_2_27_aarch64.manylinux_2_28_aarch64.whl,duckdb,"{
  ""file"": {
    ""filename"": ""duckdb-1.3.2-cp312-cp312-manylinux_2_27_aarch64.manylinux_2_28_aarch64.whl"",
    ""project"": ""duckdb"",
    ""version"": ""1.3.2"",
    ""type"": ""bdist_wheel""
  }
}","{
  ""details"": {
    ""installer"": {
      ""name"": ""Bazel"",
      ""version"": ""8.6.0"",
      ""subcommand"": null
    },
    ""python"": null,
    ""implementation"": null,
    ""distro"": null,
    ""system"": null,
    ""cpu"": null,
    ""openssl_version"": null,
    ""setuptools_version"": null,
    ""rustc_version"": null,
    ""ci"": null
  }
}",TLSv1.3,TLS_AES_128_GCM_SHA256,"{
  ""http"": null
}"
2026-08-31 18:03:22.000000 UTC,US,/packages/cd/05/36ff9000b9c6d2a68c1b248f133ee316fcac10c0ff817112cbf5214dbe91/duckdb-1.3.2-cp312-cp312-manylinux_2_27_aarch64.manylinux_2_28_aarch64.whl,duckdb,"{
  ""file"": {
    ""filename"": ""duckdb-1.3.2-cp312-cp312-manylinux_2_27_aarch64.manylinux_2_28_aarch64.whl"",
    ""project"": ""duckdb"",
    ""version"": ""1.3.2"",
    ""type"": ""bdist_wheel""
  }
}","{
  ""details"": {
    ""installer"": {
      ""name"": ""Bazel"",
      ""version"": ""8.6.0"",
      ""subcommand"": null
    },
    ""python"": null,
    ""implementation"": null,
    ""distro"": null,
    ""system"": null,
    ""cpu"": null,
    ""openssl_version"": null,
    ""setuptools_version"": null,
    ""rustc_version"": null,
    ""ci"": null
  }
}",TLSv1.3,TLS_AES_128_GCM_SHA256,"{
  ""http"": null
}"
2026-08-31 18:00:07.000000 UTC,US,/packages/cd/05/36ff9000b9c6d2a68c1b248f133ee316fcac10c0ff817112cbf5214dbe91/duckdb-1.3.2-cp312-cp312-manylinux_2_27_aarch64.manylinux_2_28_aarch64.whl,duckdb,"{
  ""file"": {
    ""filename"": ""duckdb-1.3.2-cp312-cp312-manylinux_2_27_aarch64.manylinux_2_28_aarch64.whl"",
    ""project"": ""duckdb"",
    ""version"": ""1.3.2"",
    ""type"": ""bdist_wheel""
  }
}","{
  ""details"": {
    ""installer"": {
      ""name"": ""Bazel"",
      ""version"": ""8.6.0"",
      ""subcommand"": null
    },
    ""python"": null,
    ""implementation"": null,
    ""distro"": null,
    ""system"": null,
    ""cpu"": null,
    ""openssl_version"": null,
    ""setuptools_version"": null,
    ""rustc_version"": null,
    ""ci"": null
  }
}",TLSv1.3,TLS_AES_128_GCM_SHA256,"{
  ""http"": null
}"
2026-08-31 18:09:16.000000 UTC,US,/packages/cd/05/36ff9000b9c6d2a68c1b248f133ee316fcac10c0ff817112cbf5214dbe91/duckdb-1.3.2-cp312-cp312-manylinux_2_27_aarch64.manylinux_2_28_aarch64.whl,duckdb,"{
  ""file"": {
    ""filename"": ""duckdb-1.3.2-cp312-cp312-manylinux_2_27_aarch64.manylinux_2_28_aarch64.whl"",
    ""project"": ""duckdb"",
    ""version"": ""1.3.2"",
    ""type"": ""bdist_wheel""
  }
}","{
  ""details"": {
    ""installer"": {
      ""name"": ""Bazel"",
      ""version"": ""8.6.0"",
      ""subcommand"": null
    },
    ""python"": null,
    ""implementation"": null,
    ""distro"": null,
    ""system"": null,
    ""cpu"": null,
    ""openssl_version"": null,
    ""setuptools_version"": null,
    ""rustc_version"": null,
    ""ci"": null
  }
}",TLSv1.3,TLS_AES_128_GCM_SHA256,"{
  ""http"": null
}"
2026-08-31 18:08:27.000000 UTC,US,/packages/ac/73/f85acbb3ac319a86abbf6b46103d58594d73529123377219980f11b388e9/duckdb-1.3.2-cp312-cp312-manylinux_2_27_x86_64.manylinux_2_28_x86_64.whl,duckdb,"{
  ""file"": {
    ""filename"": ""duckdb-1.3.2-cp312-cp312-manylinux_2_27_x86_64.manylinux_2_28_x86_64.whl"",
    ""project"": ""duckdb"",
    ""version"": ""1.3.2"",
    ""type"": ""bdist_wheel""
  }
}","{
  ""details"": {
    ""installer"": {
      ""name"": ""Bazel"",
      ""version"": ""8.6.0"",
      ""subcommand"": null
    },
    ""python"": null,
    ""implementation"": null,
    ""distro"": null,
    ""system"": null,
    ""cpu"": null,
    ""openssl_version"": null,
    ""setuptools_version"": null,
    ""rustc_version"": null,
    ""ci"": null
  }
}",TLSv1.3,TLS_AES_128_GCM_SHA256,"{
  ""http"": null
}"
2026-08-31 17:59:06.000000 UTC,US,/packages/ac/73/f85acbb3ac319a86abbf6b46103d58594d73529123377219980f11b388e9/duckdb-1.3.2-cp312-cp312-manylinux_2_27_x86_64.manylinux_2_28_x86_64.whl,duckdb,"{
  ""file"": {
    ""filename"": ""duckdb-1.3.2-cp312-cp312-manylinux_2_27_x86_64.manylinux_2_28_x86_64.whl"",
    ""project"": ""duckdb"",
    ""version"": ""1.3.2"",
    ""type"": ""bdist_wheel""
  }
}","{
  ""details"": {
    ""installer"": {
      ""name"": ""Bazel"",
      ""version"": ""8.6.0"",
      ""subcommand"": null
    },
    ""python"": null,
    ""implementation"": null,
    ""distro"": null,
    ""system"": null,
    ""cpu"": null,
    ""openssl_version"": null,
    ""setuptools_version"": null,
    ""rustc_version"": null,
    ""ci"": null
  }
}",TLSv1.3,TLS_AES_128_GCM_SHA256,"{
  ""http"": null
}"
2026-08-31 18:02:48.000000 UTC,US,/packages/ac/73/f85acbb3ac319a86abbf6b46103d58594d73529123377219980f11b388e9/duckdb-1.3.2-cp312-cp312-manylinux_2_27_x86_64.manylinux_2_28_x86_64.whl,duckdb,"{
  ""file"": {
    ""filename"": ""duckdb-1.3.2-cp312-cp312-manylinux_2_27_x86_64.manylinux_2_28_x86_64.whl"",
    ""project"": ""duckdb"",
    ""version"": ""1.3.2"",
    ""type"": ""bdist_wheel""
  }
}","{
  ""details"": {
    ""installer"": {
      ""name"": ""Bazel"",
      ""version"": ""8.6.0"",
      ""subcommand"": null
    },
    ""python"": null,
    ""implementation"": null,
    ""distro"": null,
    ""system"": null,
    ""cpu"": null,
    ""openssl_version"": null,
    ""setuptools_version"": null,
    ""rustc_version"": null,
    ""ci"": null
  }
}",TLSv1.3,TLS_AES_128_GCM_SHA256,"{
  ""http"": null
}"
2026-08-31 18:09:16.000000 UTC,US,/packages/ac/73/f85acbb3ac319a86abbf6b46103d58594d73529123377219980f11b388e9/duckdb-1.3.2-cp312-cp312-manylinux_2_27_x86_64.manylinux_2_28_x86_64.whl,duckdb,"{
  ""file"": {
    ""filename"": ""duckdb-1.3.2-cp312-cp312-manylinux_2_27_x86_64.manylinux_2_28_x86_64.whl"",
    ""project"": ""duckdb"",
    ""version"": ""1.3.2"",
    ""type"": ""bdist_wheel""
  }
}","{
  ""details"": {
    ""installer"": {
      ""name"": ""Bazel"",
      ""version"": ""8.6.0"",
      ""subcommand"": null
    },
    ""python"": null,
    ""implementation"": null,
    ""distro"": null,
    ""system"": null,
    ""cpu"": null,
    ""openssl_version"": null,
    ""setuptools_version"": null,
    ""rustc_version"": null,
    ""ci"": null
  }
}",TLSv1.3,TLS_AES_128_GCM_SHA256,"{
  ""http"": null
}"
2026-08-31 18:09:43.000000 UTC,US,/packages/ac/73/f85acbb3ac319a86abbf6b46103d58594d73529123377219980f11b388e9/duckdb-1.3.2-cp312-cp312-manylinux_2_27_x86_64.manylinux_2_28_x86_64.whl,duckdb,"{
  ""file"": {
    ""filename"": ""duckdb-1.3.2-cp312-cp312-manylinux_2_27_x86_64.manylinux_2_28_x86_64.whl"",
    ""project"": ""duckdb"",
    ""version"": ""1.3.2"",
    ""type"": ""bdist_wheel""
  }
}","{
  ""details"": {
    ""installer"": {
      ""name"": ""Bazel"",
      ""version"": ""8.6.0"",
      ""subcommand"": null
    },
    ""python"": null,
    ""implementation"": null,
    ""distro"": null,
    ""system"": null,
    ""cpu"": null,
    ""openssl_version"": null,
    ""setuptools_version"": null,
    ""rustc_version"": null,
    ""ci"": null
  }
}",TLSv1.3,TLS_AES_128_GCM_SHA256,"{
  ""http"": null
}"
2026-08-31 18:08:57.000000 UTC,US,/packages/ac/73/f85acbb3ac319a86abbf6b46103d58594d73529123377219980f11b388e9/duckdb-1.3.2-cp312-cp312-manylinux_2_27_x86_64.manylinux_2_28_x86_64.whl,duckdb,"{
  ""file"": {
    ""filename"": ""duckdb-1.3.2-cp312-cp312-manylinux_2_27_x86_64.manylinux_2_28_x86_64.whl"",
    ""project"": ""duckdb"",
    ""version"": ""1.3.2"",
    ""type"": ""bdist_wheel""
  }
}","{
  ""details"": {
    ""installer"": {
      ""name"": ""Bazel"",
      ""version"": ""8.6.0"",
      ""subcommand"": null
    },
    ""python"": null,
    ""implementation"": null,
    ""distro"": null,
    ""system"": null,
    ""cpu"": null,
    ""openssl_version"": null,
    ""setuptools_version"": null,
    ""rustc_version"": null,
    ""ci"": null
  }
}",TLSv1.3,TLS_AES_128_GCM_SHA256,"{
  ""http"": null
}"
2026-08-31 17:59:25.000000 UTC,US,/packages/ac/73/f85acbb3ac319a86abbf6b46103d58594d73529123377219980f11b388e9/duckdb-1.3.2-cp312-cp312-manylinux_2_27_x86_64.manylinux_2_28_x86_64.whl,duckdb,"{
  ""file"": {
    ""filename"": ""duckdb-1.3.2-cp312-cp312-manylinux_2_27_x86_64.manylinux_2_28_x86_64.whl"",
    ""project"": ""duckdb"",
    ""version"": ""1.3.2"",
    ""type"": ""bdist_wheel""
  }
}","{
  ""details"": {
    ""installer"": {
      ""name"": ""Bazel"",
      ""version"": ""8.6.0"",
      ""subcommand"": null
    },
    ""python"": null,
    ""implementation"": null,
    ""distro"": null,
    ""system"": null,
    ""cpu"": null,
    ""openssl_version"": null,
    ""setuptools_version"": null,
    ""rustc_version"": null,
    ""ci"": null
  }
}",TLSv1.3,TLS_AES_128_GCM_SHA256,"{
  ""http"": null
}"
2026-08-31 18:07:40.000000 UTC,US,/packages/ac/73/f85acbb3ac319a86abbf6b46103d58594d73529123377219980f11b388e9/duckdb-1.3.2-cp312-cp312-manylinux_2_27_x86_64.manylinux_2_28_x86_64.whl,duckdb,"{
  ""file"": {
    ""filename"": ""duckdb-1.3.2-cp312-cp312-manylinux_2_27_x86_64.manylinux_2_28_x86_64.whl"",
    ""project"": ""duckdb"",
    ""version"": ""1.3.2"",
    ""type"": ""bdist_wheel""
  }
}","{
  ""details"": {
    ""installer"": {
      ""name"": ""poetry"",
      ""version"": ""2.4.0"",
      ""subcommand"": null
    },
    ""python"": null,
    ""implementation"": {
      ""name"": ""CPython"",
      ""version"": ""3.12.3""
    },
    ""distro"": null,
    ""system"": {
      ""name"": ""Linux"",
      ""release"": ""6.17.0-1022-azure""
    },
    ""cpu"": null,
    ""openssl_version"": null,
    ""setuptools_version"": null,
    ""rustc_version"": null,
    ""ci"": null
  }
}",TLSv1.3,TLS_AES_128_GCM_SHA256,"{
  ""http"": null
}"
2026-08-31 18:09:46.000000 UTC,US,/packages/ac/73/f85acbb3ac319a86abbf6b46103d58594d73529123377219980f11b388e9/duckdb-1.3.2-cp312-cp312-manylinux_2_27_x86_64.manylinux_2_28_x86_64.whl,duckdb,"{
  ""file"": {
    ""filename"": ""duckdb-1.3.2-cp312-cp312-manylinux_2_27_x86_64.manylinux_2_28_x86_64.whl"",
    ""project"": ""duckdb"",
    ""version"": ""1.3.2"",
    ""type"": ""bdist_wheel""
  }
}","{
  ""details"": {
    ""installer"": {
      ""name"": ""Bazel"",
      ""version"": ""8.6.0"",
      ""subcommand"": null
    },
    ""python"": null,
    ""implementation"": null,
    ""distro"": null,
    ""system"": null,
    ""cpu"": null,
    ""openssl_version"": null,
    ""setuptools_version"": null,
    ""rustc_version"": null,
    ""ci"": null
  }
}",TLSv1.3,TLS_AES_128_GCM_SHA256,"{
  ""http"": null
}"
2026-08-31 18:09:02.000000 UTC,US,/packages/ac/73/f85acbb3ac319a86abbf6b46103d58594d73529123377219980f11b388e9/duckdb-1.3.2-cp312-cp312-manylinux_2_27_x86_64.manylinux_2_28_x86_64.whl,duckdb,"{
  ""file"": {
    ""filename"": ""duckdb-1.3.2-cp312-cp312-manylinux_2_27_x86_64.manylinux_2_28_x86_64.whl"",
    ""project"": ""duckdb"",
    ""version"": ""1.3.2"",
    ""type"": ""bdist_wheel""
  }
}","{
  ""details"": {
    ""installer"": {
      ""name"": ""Bazel"",
      ""version"": ""8.6.0"",
      ""subcommand"": null
    },
    ""python"": null,
    ""implementation"": null,
    ""distro"": null,
    ""system"": null,
    ""cpu"": null,
    ""openssl_version"": null,
    ""setuptools_version"": null,
    ""rustc_version"": null,
    ""ci"": null
  }
}",TLSv1.3,TLS_AES_128_GCM_SHA256,"{
  ""http"": null
}"
2026-08-31 18:09:58.000000 UTC,US,/packages/ac/73/f85acbb3ac319a86abbf6b46103d58594d73529123377219980f11b388e9/duckdb-1.3.2-cp312-cp312-manylinux_2_27_x86_64.manylinux_2_28_x86_64.whl,duckdb,"{
  ""file"": {
    ""filename"": ""duckdb-1.3.2-cp312-cp312-manylinux_2_27_x86_64.manylinux_2_28_x86_64.whl"",
    ""project"": ""duckdb"",
    ""version"": ""1.3.2"",
    ""type"": ""bdist_wheel""
  }
}","{
  ""details"": {
    ""installer"": {
      ""name"": ""Bazel"",
      ""version"": ""8.6.0"",
      ""subcommand"": null
    },
    ""python"": null,
    ""implementation"": null,
    ""distro"": null,
    ""system"": null,
    ""cpu"": null,
    ""openssl_version"": null,
    ""setuptools_version"": null,
    ""rustc_version"": null,
    ""ci"": null
  }
}",TLSv1.3,TLS_AES_128_GCM_SHA256,"{
  ""http"": null
}"
2026-08-31 18:00:36.000000 UTC,US,/packages/ac/73/f85acbb3ac319a86abbf6b46103d58594d73529123377219980f11b388e9/duckdb-1.3.2-cp312-cp312-manylinux_2_27_x86_64.manylinux_2_28_x86_64.whl,duckdb,"{
  ""file"": {
    ""filename"": ""duckdb-1.3.2-cp312-cp312-manylinux_2_27_x86_64.manylinux_2_28_x86_64.whl"",
    ""project"": ""duckdb"",
    ""version"": ""1.3.2"",
    ""type"": ""bdist_wheel""
  }
}","{
  ""details"": {
    ""installer"": {
      ""name"": ""Bazel"",
      ""version"": ""8.6.0"",
      ""subcommand"": null
    },
    ""python"": null,
    ""implementation"": null,
    ""distro"": null,
    ""system"": null,
    ""cpu"": null,
    ""openssl_version"": null,
    ""setuptools_version"": null,
    ""rustc_version"": null,
    ""ci"": null
  }
}",TLSv1.3,TLS_AES_128_GCM_SHA256,"{
  ""http"": null
}"
2026-08-31 18:09:26.000000 UTC,US,/packages/ac/73/f85acbb3ac319a86abbf6b46103d58594d73529123377219980f11b388e9/duckdb-1.3.2-cp312-cp312-manylinux_2_27_x86_64.manylinux_2_28_x86_64.whl,duckdb,"{
  ""file"": {
    ""filename"": ""duckdb-1.3.2-cp312-cp312-manylinux_2_27_x86_64.manylinux_2_28_x86_64.whl"",
    ""project"": ""duckdb"",
    ""version"": ""1.3.2"",
    ""type"": ""bdist_wheel""
  }
}","{
  ""details"": {
    ""installer"": {
      ""name"": ""Bazel"",
      ""version"": ""8.6.0"",
      ""subcommand"": null
    },
    ""python"": null,
    ""implementation"": null,
    ""distro"": null,
    ""system"": null,
    ""cpu"": null,
    ""openssl_version"": null,
    ""setuptools_version"": null,
    ""rustc_version"": null,
    ""ci"": null
  }
}",TLSv1.3,TLS_AES_128_GCM_SHA256,"{
  ""http"": null
}"
2026-08-31 18:08:14.000000 UTC,US,/packages/ac/73/f85acbb3ac319a86abbf6b46103d58594d73529123377219980f11b388e9/duckdb-1.3.2-cp312-cp312-manylinux_2_27_x86_64.manylinux_2_28_x86_64.whl,duckdb,"{
  ""file"": {
    ""filename"": ""duckdb-1.3.2-cp312-cp312-manylinux_2_27_x86_64.manylinux_2_28_x86_64.whl"",
    ""project"": ""duckdb"",
    ""version"": ""1.3.2"",
    ""type"": ""bdist_wheel""
  }
}","{
  ""details"": {
    ""installer"": {
      ""name"": ""Bazel"",
      ""version"": ""8.6.0"",
      ""subcommand"": null
    },
    ""python"": null,
    ""implementation"": null,
    ""distro"": null,
    ""system"": null,
    ""cpu"": null,
    ""openssl_version"": null,
    ""setuptools_version"": null,
    ""rustc_version"": null,
    ""ci"": null
  }
}",TLSv1.3,TLS_AES_128_GCM_SHA256,"{
  ""http"": null
}"
2026-08-31 18:07:17.000000 UTC,US,/packages/ac/73/f85acbb3ac319a86abbf6b46103d58594d73529123377219980f11b388e9/duckdb-1.3.2-cp312-cp312-manylinux_2_27_x86_64.manylinux_2_28_x86_64.whl,duckdb,"{
  ""file"": {
    ""filename"": ""duckdb-1.3.2-cp312-cp312-manylinux_2_27_x86_64.manylinux_2_28_x86_64.whl"",
    ""project"": ""duckdb"",
    ""version"": ""1.3.2"",
    ""type"": ""bdist_wheel""
  }
}","{
  ""details"": {
    ""installer"": {
      ""name"": ""Bazel"",
      ""version"": ""8.6.0"",
      ""subcommand"": null
    },
    ""python"": null,
    ""implementation"": null,
    ""distro"": null,
    ""system"": null,
    ""cpu"": null,
    ""openssl_version"": null,
    ""setuptools_version"": null,
    ""rustc_version"": null,
    ""ci"": null
  }
}",TLSv1.3,TLS_AES_128_GCM_SHA256,"{
  ""http"": null
}"
2026-08-31 17:58:24.000000 UTC,US,/packages/ac/73/f85acbb3ac319a86abbf6b46103d58594d73529123377219980f11b388e9/duckdb-1.3.2-cp312-cp312-manylinux_2_27_x86_64.manylinux_2_28_x86_64.whl,duckdb,"{
  ""file"": {
    ""filename"": ""duckdb-1.3.2-cp312-cp312-manylinux_2_27_x86_64.manylinux_2_28_x86_64.whl"",
    ""project"": ""duckdb"",
    ""version"": ""1.3.2"",
    ""type"": ""bdist_wheel""
  }
}","{
  ""details"": {
    ""installer"": {
      ""name"": ""Bazel"",
      ""version"": ""8.6.0"",
      ""subcommand"": null
    },
    ""python"": null,
    ""implementation"": null,
    ""distro"": null,
    ""system"": null,
    ""cpu"": null,
    ""openssl_version"": null,
    ""setuptools_version"": null,
    ""rustc_version"": null,
    ""ci"": null
  }
}",TLSv1.3,TLS_AES_128_GCM_SHA256,"{
  ""http"": null
}"
2026-08-31 18:02:40.000000 UTC,US,/packages/ac/73/f85acbb3ac319a86abbf6b46103d58594d73529123377219980f11b388e9/duckdb-1.3.2-cp312-cp312-manylinux_2_27_x86_64.manylinux_2_28_x86_64.whl,duckdb,"{
  ""file"": {
    ""filename"": ""duckdb-1.3.2-cp312-cp312-manylinux_2_27_x86_64.manylinux_2_28_x86_64.whl"",
    ""project"": ""duckdb"",
    ""version"": ""1.3.2"",
    ""type"": ""bdist_wheel""
  }
}","{
  ""details"": {
    ""installer"": {
      ""name"": ""Bazel"",
      ""version"": ""8.6.0"",
      ""subcommand"": null
    },
    ""python"": null,
    ""implementation"": null,
    ""distro"": null,
    ""system"": null,
    ""cpu"": null,
    ""openssl_version"": null,
    ""setuptools_version"": null,
    ""rustc_version"": null,
    ""ci"": null
  }
}",TLSv1.3,TLS_AES_128_GCM_SHA256,"{
  ""http"": null
}"
2026-08-31 18:09:58.000000 UTC,US,/packages/ac/73/f85acbb3ac319a86abbf6b46103d58594d73529123377219980f11b388e9/duckdb-1.3.2-cp312-cp312-manylinux_2_27_x86_64.manylinux_2_28_x86_64.whl,duckdb,"{
  ""file"": {
    ""filename"": ""duckdb-1.3.2-cp312-cp312-manylinux_2_27_x86_64.manylinux_2_28_x86_64.whl"",
    ""project"": ""duckdb"",
    ""version"": ""1.3.2"",
    ""type"": ""bdist_wheel""
  }
}","{
  ""details"": {
    ""installer"": {
      ""name"": ""Bazel"",
      ""version"": ""8.6.0"",
      ""subcommand"": null
    },
    ""python"": null,
    ""implementation"": null,
    ""distro"": null,
    ""system"": null,
    ""cpu"": null,
    ""openssl_version"": null,
    ""setuptools_version"": null,
    ""rustc_version"": null,
    ""ci"": null
  }
}",TLSv1.3,TLS_AES_128_GCM_SHA256,"{
  ""http"": null
}"
2026-08-31 17:58:53.000000 UTC,US,/packages/ac/73/f85acbb3ac319a86abbf6b46103d58594d73529123377219980f11b388e9/duckdb-1.3.2-cp312-cp312-manylinux_2_27_x86_64.manylinux_2_28_x86_64.whl,duckdb,"{
  ""file"": {
    ""filename"": ""duckdb-1.3.2-cp312-cp312-manylinux_2_27_x86_64.manylinux_2_28_x86_64.whl"",
    ""project"": ""duckdb"",
    ""version"": ""1.3.2"",
    ""type"": ""bdist_wheel""
  }
}","{
  ""details"": {
    ""installer"": {
      ""name"": ""Bazel"",
      ""version"": ""8.6.0"",
      ""subcommand"": null
    },
    ""python"": null,
    ""implementation"": null,
    ""distro"": null,
    ""system"": null,
    ""cpu"": null,
    ""openssl_version"": null,
    ""setuptools_version"": null,
    ""rustc_version"": null,
    ""ci"": null
  }
}",TLSv1.3,TLS_AES_128_GCM_SHA256,"{
  ""http"": null
}"
2026-08-31 18:03:41.000000 UTC,US,/packages/ac/73/f85acbb3ac319a86abbf6b46103d58594d73529123377219980f11b388e9/duckdb-1.3.2-cp312-cp312-manylinux_2_27_x86_64.manylinux_2_28_x86_64.whl,duckdb,"{
  ""file"": {
    ""filename"": ""duckdb-1.3.2-cp312-cp312-manylinux_2_27_x86_64.manylinux_2_28_x86_64.whl"",
    ""project"": ""duckdb"",
    ""version"": ""1.3.2"",
    ""type"": ""bdist_wheel""
  }
}","{
  ""details"": {
    ""installer"": {
      ""name"": ""Bazel"",
      ""version"": ""8.6.0"",
      ""subcommand"": null
    },
    ""python"": null,
    ""implementation"": null,
    ""distro"": null,
    ""system"": null,
    ""cpu"": null,
    ""openssl_version"": null,
    ""setuptools_version"": null,
    ""rustc_version"": null,
    ""ci"": null
  }
}",TLSv1.3,TLS_AES_128_GCM_SHA256,"{
  ""http"": null
}"
2026-08-31 18:03:41.000000 UTC,US,/packages/ac/73/f85acbb3ac319a86abbf6b46103d58594d73529123377219980f11b388e9/duckdb-1.3.2-cp312-cp312-manylinux_2_27_x86_64.manylinux_2_28_x86_64.whl,duckdb,"{
  ""file"": {
    ""filename"": ""duckdb-1.3.2-cp312-cp312-manylinux_2_27_x86_64.manylinux_2_28_x86_64.whl"",
    ""project"": ""duckdb"",
    ""version"": ""1.3.2"",
    ""type"": ""bdist_wheel""
  }
}","{
  ""details"": {
    ""installer"": {
      ""name"": ""Bazel"",
      ""version"": ""8.6.0"",
      ""subcommand"": null
    },
    ""python"": null,
    ""implementation"": null,
    ""distro"": null,
    ""system"": null,
    ""cpu"": null,
    ""openssl_version"": null,
    ""setuptools_version"": null,
    ""rustc_version"": null,
    ""ci"": null
  }
}",TLSv1.3,TLS_AES_128_GCM_SHA256,"{
  ""http"": null
}"
2026-08-31 18:09:46.000000 UTC,US,/packages/ac/73/f85acbb3ac319a86abbf6b46103d58594d73529123377219980f11b388e9/duckdb-1.3.2-cp312-cp312-manylinux_2_27_x86_64.manylinux_2_28_x86_64.whl,duckdb,"{
  ""file"": {
    ""filename"": ""duckdb-1.3.2-cp312-cp312-manylinux_2_27_x86_64.manylinux_2_28_x86_64.whl"",
    ""project"": ""duckdb"",
    ""version"": ""1.3.2"",
    ""type"": ""bdist_wheel""
  }
}","{
  ""details"": {
    ""installer"": {
      ""name"": ""Bazel"",
      ""version"": ""8.6.0"",
      ""subcommand"": null
    },
    ""python"": null,
    ""implementation"": null,
    ""distro"": null,
    ""system"": null,
    ""cpu"": null,
    ""openssl_version"": null,
    ""setuptools_version"": null,
    ""rustc_version"": null,
    ""ci"": null
  }
}",TLSv1.3,TLS_AES_128_GCM_SHA256,"{
  ""http"": null
}"
2026-08-31 18:00:37.000000 UTC,US,/packages/ac/73/f85acbb3ac319a86abbf6b46103d58594d73529123377219980f11b388e9/duckdb-1.3.2-cp312-cp312-manylinux_2_27_x86_64.manylinux_2_28_x86_64.whl,duckdb,"{
  ""file"": {
    ""filename"": ""duckdb-1.3.2-cp312-cp312-manylinux_2_27_x86_64.manylinux_2_28_x86_64.whl"",
    ""project"": ""duckdb"",
    ""version"": ""1.3.2"",
    ""type"": ""bdist_wheel""
  }
}","{
  ""details"": {
    ""installer"": {
      ""name"": ""Bazel"",
      ""version"": ""8.6.0"",
      ""subcommand"": null
    },
    ""python"": null,
    ""implementation"": null,
    ""distro"": null,
    ""system"": null,
    ""cpu"": null,
    ""openssl_version"": null,
    ""setuptools_version"": null,
    ""rustc_version"": null,
    ""ci"": null
  }
}",TLSv1.3,TLS_AES_128_GCM_SHA256,"{
  ""http"": null
}"
2026-08-31 18:08:04.000000 UTC,US,/packages/ac/73/f85acbb3ac319a86abbf6b46103d58594d73529123377219980f11b388e9/duckdb-1.3.2-cp312-cp312-manylinux_2_27_x86_64.manylinux_2_28_x86_64.whl,duckdb,"{
  ""file"": {
    ""filename"": ""duckdb-1.3.2-cp312-cp312-manylinux_2_27_x86_64.manylinux_2_28_x86_64.whl"",
    ""project"": ""duckdb"",
    ""version"": ""1.3.2"",
    ""type"": ""bdist_wheel""
  }
}","{
  ""details"": {
    ""installer"": {
      ""name"": ""Bazel"",
      ""version"": ""8.6.0"",
      ""subcommand"": null
    },
    ""python"": null,
    ""implementation"": null,
    ""distro"": null,
    ""system"": null,
    ""cpu"": null,
    ""openssl_version"": null,
    ""setuptools_version"": null,
    ""rustc_version"": null,
    ""ci"": null
  }
}",TLSv1.3,TLS_AES_128_GCM_SHA256,"{
  ""http"": null
}"
2026-08-31 18:00:04.000000 UTC,US,/packages/ac/73/f85acbb3ac319a86abbf6b46103d58594d73529123377219980f11b388e9/duckdb-1.3.2-cp312-cp312-manylinux_2_27_x86_64.manylinux_2_28_x86_64.whl,duckdb,"{
  ""file"": {
    ""filename"": ""duckdb-1.3.2-cp312-cp312-manylinux_2_27_x86_64.manylinux_2_28_x86_64.whl"",
    ""project"": ""duckdb"",
    ""version"": ""1.3.2"",
    ""type"": ""bdist_wheel""
  }
}","{
  ""details"": {
    ""installer"": {
      ""name"": ""Bazel"",
      ""version"": ""8.6.0"",
      ""subcommand"": null
    },
    ""python"": null,
    ""implementation"": null,
    ""distro"": null,
    ""system"": null,
    ""cpu"": null,
    ""openssl_version"": null,
    ""setuptools_version"": null,
    ""rustc_version"": null,
    ""ci"": null
  }
}",TLSv1.3,TLS_AES_128_GCM_SHA256,"{
  ""http"": null
}"
2026-08-31 18:02:07.000000 UTC,US,/packages/ac/73/f85acbb3ac319a86abbf6b46103d58594d73529123377219980f11b388e9/duckdb-1.3.2-cp312-cp312-manylinux_2_27_x86_64.manylinux_2_28_x86_64.whl,duckdb,"{
  ""file"": {
    ""filename"": ""duckdb-1.3.2-cp312-cp312-manylinux_2_27_x86_64.manylinux_2_28_x86_64.whl"",
    ""project"": ""duckdb"",
    ""version"": ""1.3.2"",
    ""type"": ""bdist_wheel""
  }
}","{
  ""details"": {
    ""installer"": {
      ""name"": ""Bazel"",
      ""version"": ""8.6.0"",
      ""subcommand"": null
    },
    ""python"": null,
    ""implementation"": null,
    ""distro"": null,
    ""system"": null,
    ""cpu"": null,
    ""openssl_version"": null,
    ""setuptools_version"": null,
    ""rustc_version"": null,
    ""ci"": null
  }
}",TLSv1.3,TLS_AES_128_GCM_SHA256,"{
  ""http"": null
}"
2026-08-31 17:58:31.000000 UTC,US,/packages/ac/73/f85acbb3ac319a86abbf6b46103d58594d73529123377219980f11b388e9/duckdb-1.3.2-cp312-cp312-manylinux_2_27_x86_64.manylinux_2_28_x86_64.whl,duckdb,"{
  ""file"": {
    ""filename"": ""duckdb-1.3.2-cp312-cp312-manylinux_2_27_x86_64.manylinux_2_28_x86_64.whl"",
    ""project"": ""duckdb"",
    ""version"": ""1.3.2"",
    ""type"": ""bdist_wheel""
  }
}","{
  ""details"": {
    ""installer"": {
      ""name"": ""poetry"",
      ""version"": ""2.4.0"",
      ""subcommand"": null
    },
    ""python"": null,
    ""implementation"": {
      ""name"": ""CPython"",
      ""version"": ""3.12.3""
    },
    ""distro"": null,
    ""system"": {
      ""name"": ""Linux"",
      ""release"": ""6.17.0-1022-azure""
    },
    ""cpu"": null,
    ""openssl_version"": null,
    ""setuptools_version"": null,
    ""rustc_version"": null,
    ""ci"": null
  }
}",TLSv1.3,TLS_AES_128_GCM_SHA256,"{
  ""http"": null
}"
2026-08-31 18:02:29.000000 UTC,US,/packages/ac/73/f85acbb3ac319a86abbf6b46103d58594d73529123377219980f11b388e9/duckdb-1.3.2-cp312-cp312-manylinux_2_27_x86_64.manylinux_2_28_x86_64.whl,duckdb,"{
  ""file"": {
    ""filename"": ""duckdb-1.3.2-cp312-cp312-manylinux_2_27_x86_64.manylinux_2_28_x86_64.whl"",
    ""project"": ""duckdb"",
    ""version"": ""1.3.2"",
    ""type"": ""bdist_wheel""
  }
}","{
  ""details"": {
    ""installer"": {
      ""name"": ""Bazel"",
      ""version"": ""8.6.0"",
      ""subcommand"": null
    },
    ""python"": null,
    ""implementation"": null,
    ""distro"": null,
    ""system"": null,
    ""cpu"": null,
    ""openssl_version"": null,
    ""setuptools_version"": null,
    ""rustc_version"": null,
    ""ci"": null
  }
}",TLSv1.3,TLS_AES_128_GCM_SHA256,"{
  ""http"": null
}"
2026-08-31 17:59:39.000000 UTC,US,/packages/ac/73/f85acbb3ac319a86abbf6b46103d58594d73529123377219980f11b388e9/duckdb-1.3.2-cp312-cp312-manylinux_2_27_x86_64.manylinux_2_28_x86_64.whl,duckdb,"{
  ""file"": {
    ""filename"": ""duckdb-1.3.2-cp312-cp312-manylinux_2_27_x86_64.manylinux_2_28_x86_64.whl"",
    ""project"": ""duckdb"",
    ""version"": ""1.3.2"",
    ""type"": ""bdist_wheel""
  }
}","{
  ""details"": {
    ""installer"": {
      ""name"": ""Bazel"",
      ""version"": ""8.6.0"",
      ""subcommand"": null
    },
    ""python"": null,
    ""implementation"": null,
    ""distro"": null,
    ""system"": null,
    ""cpu"": null,
    ""openssl_version"": null,
    ""setuptools_version"": null,
    ""rustc_version"": null,
    ""ci"": null
  }
}",TLSv1.3,TLS_AES_128_GCM_SHA256,"{
  ""http"": null
}"
2026-08-31 18:04:30.000000 UTC,US,/packages/ac/73/f85acbb3ac319a86abbf6b46103d58594d73529123377219980f11b388e9/duckdb-1.3.2-cp312-cp312-manylinux_2_27_x86_64.manylinux_2_28_x86_64.whl,duckdb,"{
  ""file"": {
    ""filename"": ""duckdb-1.3.2-cp312-cp312-manylinux_2_27_x86_64.manylinux_2_28_x86_64.whl"",
    ""project"": ""duckdb"",
    ""version"": ""1.3.2"",
    ""type"": ""bdist_wheel""
  }
}","{
  ""details"": {
    ""installer"": {
      ""name"": ""Bazel"",
      ""version"": ""8.6.0"",
      ""subcommand"": null
    },
    ""python"": null,
    ""implementation"": null,
    ""distro"": null,
    ""system"": null,
    ""cpu"": null,
    ""openssl_version"": null,
    ""setuptools_version"": null,
    ""rustc_version"": null,
    ""ci"": null
  }
}",TLSv1.3,TLS_AES_128_GCM_SHA256,"{
  ""http"": null
}"
2026-08-31 18:08:44.000000 UTC,US,/packages/ac/73/f85acbb3ac319a86abbf6b46103d58594d73529123377219980f11b388e9/duckdb-1.3.2-cp312-cp312-manylinux_2_27_x86_64.manylinux_2_28_x86_64.whl,duckdb,"{
  ""file"": {
    ""filename"": ""duckdb-1.3.2-cp312-cp312-manylinux_2_27_x86_64.manylinux_2_28_x86_64.whl"",
    ""project"": ""duckdb"",
    ""version"": ""1.3.2"",
    ""type"": ""bdist_wheel""
  }
}","{
  ""details"": {
    ""installer"": {
      ""name"": ""poetry"",
      ""version"": ""2.4.0"",
      ""subcommand"": null
    },
    ""python"": null,
    ""implementation"": {
      ""name"": ""CPython"",
      ""version"": ""3.12.3""
    },
    ""distro"": null,
    ""system"": {
      ""name"": ""Linux"",
      ""release"": ""6.17.0-1022-azure""
    },
    ""cpu"": null,
    ""openssl_version"": null,
    ""setuptools_version"": null,
    ""rustc_version"": null,
    ""ci"": null
  }
}",TLSv1.3,TLS_AES_128_GCM_SHA256,"{
  ""http"": null
}"
2026-08-31 18:08:27.000000 UTC,US,/packages/ac/73/f85acbb3ac319a86abbf6b46103d58594d73529123377219980f11b388e9/duckdb-1.3.2-cp312-cp312-manylinux_2_27_x86_64.manylinux_2_28_x86_64.whl,duckdb,"{
  ""file"": {
    ""filename"": ""duckdb-1.3.2-cp312-cp312-manylinux_2_27_x86_64.manylinux_2_28_x86_64.whl"",
    ""project"": ""duckdb"",
    ""version"": ""1.3.2"",
    ""type"": ""bdist_wheel""
  }
}","{
  ""details"": {
    ""installer"": {
      ""name"": ""Bazel"",
      ""version"": ""8.6.0"",
      ""subcommand"": null
    },
    ""python"": null,
    ""implementation"": null,
    ""distro"": null,
    ""system"": null,
    ""cpu"": null,
    ""openssl_version"": null,
    ""setuptools_version"": null,
    ""rustc_version"": null,
    ""ci"": null
  }
}",TLSv1.3,TLS_AES_128_GCM_SHA256,"{
  ""http"": null
}"
2026-08-31 18:08:13.000000 UTC,US,/packages/ac/73/f85acbb3ac319a86abbf6b46103d58594d73529123377219980f11b388e9/duckdb-1.3.2-cp312-cp312-manylinux_2_27_x86_64.manylinux_2_28_x86_64.whl,duckdb,"{
  ""file"": {
    ""filename"": ""duckdb-1.3.2-cp312-cp312-manylinux_2_27_x86_64.manylinux_2_28_x86_64.whl"",
    ""project"": ""duckdb"",
    ""version"": ""1.3.2"",
    ""type"": ""bdist_wheel""
  }
}","{
  ""details"": {
    ""installer"": {
      ""name"": ""Bazel"",
      ""version"": ""8.6.0"",
      ""subcommand"": null
    },
    ""python"": null,
    ""implementation"": null,
    ""distro"": null,
    ""system"": null,
    ""cpu"": null,
    ""openssl_version"": null,
    ""setuptools_version"": null,
    ""rustc_version"": null,
    ""ci"": null
  }
}",TLSv1.3,TLS_AES_128_GCM_SHA256,"{
  ""http"": null
}"
2026-08-31 18:06:46.000000 UTC,US,/packages/ac/73/f85acbb3ac319a86abbf6b46103d58594d73529123377219980f11b388e9/duckdb-1.3.2-cp312-cp312-manylinux_2_27_x86_64.manylinux_2_28_x86_64.whl,duckdb,"{
  ""file"": {
    ""filename"": ""duckdb-1.3.2-cp312-cp312-manylinux_2_27_x86_64.manylinux_2_28_x86_64.whl"",
    ""project"": ""duckdb"",
    ""version"": ""1.3.2"",
    ""type"": ""bdist_wheel""
  }
}","{
  ""details"": {
    ""installer"": {
      ""name"": ""Bazel"",
      ""version"": ""8.6.0"",
      ""subcommand"": null
    },
    ""python"": null,
    ""implementation"": null,
    ""distro"": null,
    ""system"": null,
    ""cpu"": null,
    ""openssl_version"": null,
    ""setuptools_version"": null,
    ""rustc_version"": null,
    ""ci"": null
  }
}",TLSv1.3,TLS_AES_128_GCM_SHA256,"{
  ""http"": null
}"
2026-08-31 18:09:52.000000 UTC,US,/packages/ac/73/f85acbb3ac319a86abbf6b46103d58594d73529123377219980f11b388e9/duckdb-1.3.2-cp312-cp312-manylinux_2_27_x86_64.manylinux_2_28_x86_64.whl,duckdb,"{
  ""file"": {
    ""filename"": ""duckdb-1.3.2-cp312-cp312-manylinux_2_27_x86_64.manylinux_2_28_x86_64.whl"",
    ""project"": ""duckdb"",
    ""version"": ""1.3.2"",
    ""type"": ""bdist_wheel""
  }
}","{
  ""details"": {
    ""installer"": {
      ""name"": ""Bazel"",
      ""version"": ""8.6.0"",
      ""subcommand"": null
    },
    ""python"": null,
    ""implementation"": null,
    ""distro"": null,
    ""system"": null,
    ""cpu"": null,
    ""openssl_version"": null,
    ""setuptools_version"": null,
    ""rustc_version"": null,
    ""ci"": null
  }
}",TLSv1.3,TLS_AES_128_GCM_SHA256,"{
  ""http"": null
}"
2026-08-31 18:03:22.000000 UTC,US,/packages/ac/73/f85acbb3ac319a86abbf6b46103d58594d73529123377219980f11b388e9/duckdb-1.3.2-cp312-cp312-manylinux_2_27_x86_64.manylinux_2_28_x86_64.whl,duckdb,"{
  ""file"": {
    ""filename"": ""duckdb-1.3.2-cp312-cp312-manylinux_2_27_x86_64.manylinux_2_28_x86_64.whl"",
    ""project"": ""duckdb"",
    ""version"": ""1.3.2"",
    ""type"": ""bdist_wheel""
  }
}","{
  ""details"": {
    ""installer"": {
      ""name"": ""Bazel"",
      ""version"": ""8.6.0"",
      ""subcommand"": null
    },
    ""python"": null,
    ""implementation"": null,
    ""distro"": null,
    ""system"": null,
    ""cpu"": null,
    ""openssl_version"": null,
    ""setuptools_version"": null,
    ""rustc_version"": null,
    ""ci"": null
  }
}",TLSv1.3,TLS_AES_128_GCM_SHA256,"{
  ""http"": null
}"
2026-08-31 18:02:40.000000 UTC,US,/packages/ac/73/f85acbb3ac319a86abbf6b46103d58594d73529123377219980f11b388e9/duckdb-1.3.2-cp312-cp312-manylinux_2_27_x86_64.manylinux_2_28_x86_64.whl,duckdb,"{
  ""file"": {
    ""filename"": ""duckdb-1.3.2-cp312-cp312-manylinux_2_27_x86_64.manylinux_2_28_x86_64.whl"",
    ""project"": ""duckdb"",
    ""version"": ""1.3.2"",
    ""type"": ""bdist_wheel""
  }
}","{
  ""details"": {
    ""installer"": {
      ""name"": ""Bazel"",
      ""version"": ""8.6.0"",
      ""subcommand"": null
    },
    ""python"": null,
    ""implementation"": null,
    ""distro"": null,
    ""system"": null,
    ""cpu"": null,
    ""openssl_version"": null,
    ""setuptools_version"": null,
    ""rustc_version"": null,
    ""ci"": null
  }
}",TLSv1.3,TLS_AES_128_GCM_SHA256,"{
  ""http"": null
}"
2026-08-31 18:07:24.000000 UTC,US,/packages/d1/46/af81b10d4a66a0f27c248df296d1b41ff2a305a235ed8488f93240f6f8b5/duckdb-1.3.2-cp313-cp313-manylinux_2_27_aarch64.manylinux_2_28_aarch64.whl,duckdb,"{
  ""file"": {
    ""filename"": ""duckdb-1.3.2-cp313-cp313-manylinux_2_27_aarch64.manylinux_2_28_aarch64.whl"",
    ""project"": ""duckdb"",
    ""version"": ""1.3.2"",
    ""type"": ""bdist_wheel""
  }
}","{
  ""details"": {
    ""installer"": {
      ""name"": ""poetry"",
      ""version"": ""2.1.3"",
      ""subcommand"": null
    },
    ""python"": null,
    ""implementation"": {
      ""name"": ""CPython"",
      ""version"": ""3.13.15""
    },
    ""distro"": null,
    ""system"": {
      ""name"": ""Linux"",
      ""release"": ""6.1.177""
    },
    ""cpu"": null,
    ""openssl_version"": null,
    ""setuptools_version"": null,
    ""rustc_version"": null,
    ""ci"": null
  }
}",TLSv1.3,TLS_AES_128_GCM_SHA256,"{
  ""http"": null
}"
2026-08-31 18:07:57.000000 UTC,US,/packages/d1/46/af81b10d4a66a0f27c248df296d1b41ff2a305a235ed8488f93240f6f8b5/duckdb-1.3.2-cp313-cp313-manylinux_2_27_aarch64.manylinux_2_28_aarch64.whl,duckdb,"{
  ""file"": {
    ""filename"": ""duckdb-1.3.2-cp313-cp313-manylinux_2_27_aarch64.manylinux_2_28_aarch64.whl"",
    ""project"": ""duckdb"",
    ""version"": ""1.3.2"",
    ""type"": ""bdist_wheel""
  }
}","{
  ""details"": {
    ""installer"": {
      ""name"": ""poetry"",
      ""version"": ""2.1.3"",
      ""subcommand"": null
    },
    ""python"": null,
    ""implementation"": {
      ""name"": ""CPython"",
      ""version"": ""3.13.15""
    },
    ""distro"": null,
    ""system"": {
      ""name"": ""Linux"",
      ""release"": ""6.1.177""
    },
    ""cpu"": null,
    ""openssl_version"": null,
    ""setuptools_version"": null,
    ""rustc_version"": null,
    ""ci"": null
  }
}",TLSv1.3,TLS_AES_128_GCM_SHA256,"{
  ""http"": null
}"
2026-08-31 18:02:02.000000 UTC,US,/packages/68/fc/259a54fc22111a847981927aa58528d766e8b228c6d41deb0ad8a1959f9f/duckdb-1.3.2-cp313-cp313-manylinux_2_27_x86_64.manylinux_2_28_x86_64.whl,duckdb,"{
  ""file"": {
    ""filename"": ""duckdb-1.3.2-cp313-cp313-manylinux_2_27_x86_64.manylinux_2_28_x86_64.whl"",
    ""project"": ""duckdb"",
    ""version"": ""1.3.2"",
    ""type"": ""bdist_wheel""
  }
}","{
  ""details"": {
    ""installer"": {
      ""name"": ""poetry"",
      ""version"": ""2.1.3"",
      ""subcommand"": null
    },
    ""python"": null,
    ""implementation"": {
      ""name"": ""CPython"",
      ""version"": ""3.13.15""
    },
    ""distro"": null,
    ""system"": {
      ""name"": ""Linux"",
      ""release"": ""6.17.0-1022-azure""
    },
    ""cpu"": null,
    ""openssl_version"": null,
    ""setuptools_version"": null,
    ""rustc_version"": null,
    ""ci"": null
  }
}",TLSv1.3,TLS_AES_128_GCM_SHA256,"{
  ""http"": null
}"
2026-08-31 18:07:10.000000 UTC,US,/packages/12/78/297b838f3b9511589badc8f472f70b31cf3bbf9eb99fa0a4d6e911d3114a/duckdb-1.4.0-cp312-cp312-manylinux_2_27_x86_64.manylinux_2_28_x86_64.whl,duckdb,"{
  ""file"": {
    ""filename"": ""duckdb-1.4.0-cp312-cp312-manylinux_2_27_x86_64.manylinux_2_28_x86_64.whl"",
    ""project"": ""duckdb"",
    ""version"": ""1.4.0"",
    ""type"": ""bdist_wheel""
  }
}","{
  ""details"": {
    ""installer"": {
      ""name"": ""uv"",
      ""version"": ""0.8.14"",
      ""subcommand"": null
    },
    ""python"": ""3.12.11"",
    ""implementation"": {
      ""name"": ""CPython"",
      ""version"": ""3.12.11""
    },
    ""distro"": null,
    ""system"": {
      ""name"": ""Linux"",
      ""release"": ""7.0.0-22-generic""
    },
    ""cpu"": ""x86_64"",
    ""openssl_version"": null,
    ""setuptools_version"": null,
    ""rustc_version"": null,
    ""ci"": ""true""
  }
}",TLSv1.3,TLS_AES_128_GCM_SHA256,"{
  ""http"": null
}"
2026-08-31 18:06:02.000000 UTC,US,/packages/12/78/297b838f3b9511589badc8f472f70b31cf3bbf9eb99fa0a4d6e911d3114a/duckdb-1.4.0-cp312-cp312-manylinux_2_27_x86_64.manylinux_2_28_x86_64.whl,duckdb,"{
  ""file"": {
    ""filename"": ""duckdb-1.4.0-cp312-cp312-manylinux_2_27_x86_64.manylinux_2_28_x86_64.whl"",
    ""project"": ""duckdb"",
    ""version"": ""1.4.0"",
    ""type"": ""bdist_wheel""
  }
}","{
  ""details"": {
    ""installer"": {
      ""name"": ""uv"",
      ""version"": ""0.8.14"",
      ""subcommand"": null
    },
    ""python"": ""3.12.11"",
    ""implementation"": {
      ""name"": ""CPython"",
      ""version"": ""3.12.11""
    },
    ""distro"": null,
    ""system"": {
      ""name"": ""Linux"",
      ""release"": ""7.0.0-22-generic""
    },
    ""cpu"": ""x86_64"",
    ""openssl_version"": null,
    ""setuptools_version"": null,
    ""rustc_version"": null,
    ""ci"": ""true""
  }
}",TLSv1.3,TLS_AES_128_GCM_SHA256,"{
  ""http"": null
}"
2026-08-31 18:06:01.000000 UTC,SG,/packages/a0/83/7438fb43be451a7d4a04650aaaf662b2ff2d95895bbffe3e0e28cbe030c9/duckdb-1.4.0-cp313-cp313-manylinux_2_27_x86_64.manylinux_2_28_x86_64.whl,duckdb,"{
  ""file"": {
    ""filename"": ""duckdb-1.4.0-cp313-cp313-manylinux_2_27_x86_64.manylinux_2_28_x86_64.whl"",
    ""project"": ""duckdb"",
    ""version"": ""1.4.0"",
    ""type"": ""bdist_wheel""
  }
}","{
  ""details"": {
    ""installer"": {
      ""name"": ""Browser"",
      ""version"": null,
      ""subcommand"": null
    },
    ""python"": null,
    ""implementation"": null,
    ""distro"": null,
    ""system"": null,
    ""cpu"": null,
    ""openssl_version"": null,
    ""setuptools_version"": null,
    ""rustc_version"": null,
    ""ci"": null
  }
}",TLSv1.3,TLS_AES_128_GCM_SHA256,"{
  ""http"": null
}"
2026-08-31 18:01:03.000000 UTC,US,/packages/47/dd/5f6064fbd9248e37a3e806a244f81e0390ab8f989d231b584fb954f257fc/duckdb-1.4.1-cp311-cp311-manylinux_2_27_aarch64.manylinux_2_28_aarch64.whl,duckdb,"{
  ""file"": {
    ""filename"": ""duckdb-1.4.1-cp311-cp311-manylinux_2_27_aarch64.manylinux_2_28_aarch64.whl"",
    ""project"": ""duckdb"",
    ""version"": ""1.4.1"",
    ""type"": ""bdist_wheel""
  }
}","{
  ""details"": {
    ""installer"": {
      ""name"": ""poetry"",
      ""version"": ""2.1.1"",
      ""subcommand"": null
    },
    ""python"": null,
    ""implementation"": {
      ""name"": ""CPython"",
      ""version"": ""3.11.11""
    },
    ""distro"": null,
    ""system"": {
      ""name"": ""Linux"",
      ""release"": ""6.6.141.1-1.azl3""
    },
    ""cpu"": null,
    ""openssl_version"": null,
    ""setuptools_version"": null,
    ""rustc_version"": null,
    ""ci"": null
  }
}",TLSv1.3,TLS_AES_128_GCM_SHA256,"{
  ""http"": null
}"
2026-08-31 18:05:04.000000 UTC,US,/packages/a1/10/b54969a1c42fd9344ad39228d671faceb8aa9f144b67cd9531a63551757f/duckdb-1.4.1-cp311-cp311-manylinux_2_27_x86_64.manylinux_2_28_x86_64.whl,duckdb,"{
  ""file"": {
    ""filename"": ""duckdb-1.4.1-cp311-cp311-manylinux_2_27_x86_64.manylinux_2_28_x86_64.whl"",
    ""project"": ""duckdb"",
    ""version"": ""1.4.1"",
    ""type"": ""bdist_wheel""
  }
}","{
  ""details"": {
    ""installer"": {
      ""name"": ""poetry"",
      ""version"": ""2.1.2"",
      ""subcommand"": null
    },
    ""python"": null,
    ""implementation"": {
      ""name"": ""CPython"",
      ""version"": ""3.9.5""
    },
    ""distro"": null,
    ""system"": {
      ""name"": ""Linux"",
      ""release"": ""6.1.128-136.201.amzn2023.x86_64""
    },
    ""cpu"": null,
    ""openssl_version"": null,
    ""setuptools_version"": null,
    ""rustc_version"": null,
    ""ci"": null
  }
}",TLSv1.3,TLS_AES_128_GCM_SHA256,"{
  ""http"": null
}"
2026-08-31 18:09:33.000000 UTC,US,/packages/a1/10/b54969a1c42fd9344ad39228d671faceb8aa9f144b67cd9531a63551757f/duckdb-1.4.1-cp311-cp311-manylinux_2_27_x86_64.manylinux_2_28_x86_64.whl,duckdb,"{
  ""file"": {
    ""filename"": ""duckdb-1.4.1-cp311-cp311-manylinux_2_27_x86_64.manylinux_2_28_x86_64.whl"",
    ""project"": ""duckdb"",
    ""version"": ""1.4.1"",
    ""type"": ""bdist_wheel""
  }
}","{
  ""details"": {
    ""installer"": {
      ""name"": ""poetry"",
      ""version"": ""2.1.2"",
      ""subcommand"": null
    },
    ""python"": null,
    ""implementation"": {
      ""name"": ""CPython"",
      ""version"": ""3.9.5""
    },
    ""distro"": null,
    ""system"": {
      ""name"": ""Linux"",
      ""release"": ""6.1.128-136.201.amzn2023.x86_64""
    },
    ""cpu"": null,
    ""openssl_version"": null,
    ""setuptools_version"": null,
    ""rustc_version"": null,
    ""ci"": null
  }
}",TLSv1.3,TLS_AES_128_GCM_SHA256,"{
  ""http"": null
}"
2026-08-31 18:03:13.000000 UTC,US,/packages/c0/21/08f10706d30252753349ec545833fc0cea67c11abd0b5223acf2827f1056/duckdb-1.4.1-cp312-cp312-win_amd64.whl,duckdb,"{
  ""file"": {
    ""filename"": ""duckdb-1.4.1-cp312-cp312-win_amd64.whl"",
    ""project"": ""duckdb"",
    ""version"": ""1.4.1"",
    ""type"": ""bdist_wheel""
  }
}","{
  ""details"": {
    ""installer"": {
      ""name"": ""pip"",
      ""version"": ""25.0.1"",
      ""subcommand"": null
    },
    ""python"": ""3.12.10"",
    ""implementation"": {
      ""name"": ""CPython"",
      ""version"": ""3.12.10""
    },
    ""distro"": null,
    ""system"": {
      ""name"": ""Windows"",
      ""release"": ""2022Server""
    },
    ""cpu"": ""AMD64"",
    ""openssl_version"": ""OpenSSL 3.0.16 11 Feb 2025"",
    ""setuptools_version"": null,
    ""rustc_version"": null,
    ""ci"": null
  }
}",TLSv1.3,TLS_AES_128_GCM_SHA256,"{
  ""http"": null
}"
2026-08-31 18:00:28.000000 UTC,US,/packages/a6/b4/f213b764bd7f2c99aab20d25e4aaeda9ce54e1dc09b326c4da5a4fbe6bfd/duckdb-1.4.2-cp310-cp310-manylinux_2_26_x86_64.manylinux_2_28_x86_64.whl,duckdb,"{
  ""file"": {
    ""filename"": ""duckdb-1.4.2-cp310-cp310-manylinux_2_26_x86_64.manylinux_2_28_x86_64.whl"",
    ""project"": ""duckdb"",
    ""version"": ""1.4.2"",
    ""type"": ""bdist_wheel""
  }
}","{
  ""details"": {
    ""installer"": {
      ""name"": ""poetry"",
      ""version"": ""2.4.2"",
      ""subcommand"": null
    },
    ""python"": null,
    ""implementation"": {
      ""name"": ""CPython"",
      ""version"": ""3.10.13""
    },
    ""distro"": null,
    ""system"": {
      ""name"": ""Linux"",
      ""release"": ""6.17.0-1022-azure""
    },
    ""cpu"": null,
    ""openssl_version"": null,
    ""setuptools_version"": null,
    ""rustc_version"": null,
    ""ci"": null
  }
}",TLSv1.3,TLS_AES_128_GCM_SHA256,"{
  ""http"": null
}"
2026-08-31 18:01:06.000000 UTC,US,/packages/a6/b4/f213b764bd7f2c99aab20d25e4aaeda9ce54e1dc09b326c4da5a4fbe6bfd/duckdb-1.4.2-cp310-cp310-manylinux_2_26_x86_64.manylinux_2_28_x86_64.whl,duckdb,"{
  ""file"": {
    ""filename"": ""duckdb-1.4.2-cp310-cp310-manylinux_2_26_x86_64.manylinux_2_28_x86_64.whl"",
    ""project"": ""duckdb"",
    ""version"": ""1.4.2"",
    ""type"": ""bdist_wheel""
  }
}","{
  ""details"": {
    ""installer"": {
      ""name"": ""poetry"",
      ""version"": ""2.4.2"",
      ""subcommand"": null
    },
    ""python"": null,
    ""implementation"": {
      ""name"": ""CPython"",
      ""version"": ""3.10.13""
    },
    ""distro"": null,
    ""system"": {
      ""name"": ""Linux"",
      ""release"": ""6.17.0-1022-azure""
    },
    ""cpu"": null,
    ""openssl_version"": null,
    ""setuptools_version"": null,
    ""rustc_version"": null,
    ""ci"": null
  }
}",TLSv1.3,TLS_AES_128_GCM_SHA256,"{
  ""http"": null
}"
2026-08-31 18:01:24.000000 UTC,US,/packages/a6/b4/f213b764bd7f2c99aab20d25e4aaeda9ce54e1dc09b326c4da5a4fbe6bfd/duckdb-1.4.2-cp310-cp310-manylinux_2_26_x86_64.manylinux_2_28_x86_64.whl,duckdb,"{
  ""file"": {
    ""filename"": ""duckdb-1.4.2-cp310-cp310-manylinux_2_26_x86_64.manylinux_2_28_x86_64.whl"",
    ""project"": ""duckdb"",
    ""version"": ""1.4.2"",
    ""type"": ""bdist_wheel""
  }
}","{
  ""details"": {
    ""installer"": {
      ""name"": ""poetry"",
      ""version"": ""2.4.2"",
      ""subcommand"": null
    },
    ""python"": null,
    ""implementation"": {
      ""name"": ""CPython"",
      ""version"": ""3.10.13""
    },
    ""distro"": null,
    ""system"": {
      ""name"": ""Linux"",
      ""release"": ""6.17.0-1022-azure""
    },
    ""cpu"": null,
    ""openssl_version"": null,
    ""setuptools_version"": null,
    ""rustc_version"": null,
    ""ci"": null
  }
}",TLSv1.3,TLS_AES_128_GCM_SHA256,"{
  ""http"": null
}"
2026-08-31 18:01:21.000000 UTC,US,/packages/a6/b4/f213b764bd7f2c99aab20d25e4aaeda9ce54e1dc09b326c4da5a4fbe6bfd/duckdb-1.4.2-cp310-cp310-manylinux_2_26_x86_64.manylinux_2_28_x86_64.whl,duckdb,"{
  ""file"": {
    ""filename"": ""duckdb-1.4.2-cp310-cp310-manylinux_2_26_x86_64.manylinux_2_28_x86_64.whl"",
    ""project"": ""duckdb"",
    ""version"": ""1.4.2"",
    ""type"": ""bdist_wheel""
  }
}","{
  ""details"": {
    ""installer"": {
      ""name"": ""poetry"",
      ""version"": ""2.4.2"",
      ""subcommand"": null
    },
    ""python"": null,
    ""implementation"": {
      ""name"": ""CPython"",
      ""version"": ""3.10.13""
    },
    ""distro"": null,
    ""system"": {
      ""name"": ""Linux"",
      ""release"": ""6.17.0-1022-azure""
    },
    ""cpu"": null,
    ""openssl_version"": null,
    ""setuptools_version"": null,
    ""rustc_version"": null,
    ""ci"": null
  }
}",TLSv1.3,TLS_AES_128_GCM_SHA256,"{
  ""http"": null
}"
2026-08-31 17:59:56.000000 UTC,US,/packages/30/7c/709a80e72a3bf013fa890fc767d2959a8a2a15abee4088559ddabcb9399f/duckdb-1.4.2-cp311-cp311-manylinux_2_26_x86_64.manylinux_2_28_x86_64.whl,duckdb,"{
  ""file"": {
    ""filename"": ""duckdb-1.4.2-cp311-cp311-manylinux_2_26_x86_64.manylinux_2_28_x86_64.whl"",
    ""project"": ""duckdb"",
    ""version"": ""1.4.2"",
    ""type"": ""bdist_wheel""
  }
}","{
  ""details"": {
    ""installer"": {
      ""name"": ""poetry"",
      ""version"": ""2.2.0"",
      ""subcommand"": null
    },
    ""python"": null,
    ""implementation"": {
      ""name"": ""CPython"",
      ""version"": ""3.11.16""
    },
    ""distro"": null,
    ""system"": {
      ""name"": ""Linux"",
      ""release"": ""6.8.0-1036-aws""
    },
    ""cpu"": null,
    ""openssl_version"": null,
    ""setuptools_version"": null,
    ""rustc_version"": null,
    ""ci"": null
  }
}",TLSv1.3,TLS_AES_128_GCM_SHA256,"{
  ""http"": null
}"
2026-08-31 18:03:52.000000 UTC,US,/packages/30/7c/709a80e72a3bf013fa890fc767d2959a8a2a15abee4088559ddabcb9399f/duckdb-1.4.2-cp311-cp311-manylinux_2_26_x86_64.manylinux_2_28_x86_64.whl,duckdb,"{
  ""file"": {
    ""filename"": ""duckdb-1.4.2-cp311-cp311-manylinux_2_26_x86_64.manylinux_2_28_x86_64.whl"",
    ""project"": ""duckdb"",
    ""version"": ""1.4.2"",
    ""type"": ""bdist_wheel""
  }
}","{
  ""details"": {
    ""installer"": {
      ""name"": ""poetry"",
      ""version"": ""2.4.2"",
      ""subcommand"": null
    },
    ""python"": null,
    ""implementation"": {
      ""name"": ""CPython"",
      ""version"": ""3.11.15""
    },
    ""distro"": null,
    ""system"": {
      ""name"": ""Linux"",
      ""release"": ""6.18.35""
    },
    ""cpu"": null,
    ""openssl_version"": null,
    ""setuptools_version"": null,
    ""rustc_version"": null,
    ""ci"": null
  }
}",TLSv1.3,TLS_AES_128_GCM_SHA256,"{
  ""http"": null
}"
2026-08-31 17:59:50.000000 UTC,US,/packages/30/7c/709a80e72a3bf013fa890fc767d2959a8a2a15abee4088559ddabcb9399f/duckdb-1.4.2-cp311-cp311-manylinux_2_26_x86_64.manylinux_2_28_x86_64.whl,duckdb,"{
  ""file"": {
    ""filename"": ""duckdb-1.4.2-cp311-cp311-manylinux_2_26_x86_64.manylinux_2_28_x86_64.whl"",
    ""project"": ""duckdb"",
    ""version"": ""1.4.2"",
    ""type"": ""bdist_wheel""
  }
}","{
  ""details"": {
    ""installer"": {
      ""name"": ""poetry"",
      ""version"": ""2.4.0"",
      ""subcommand"": null
    },
    ""python"": null,
    ""implementation"": {
      ""name"": ""CPython"",
      ""version"": ""3.11.16""
    },
    ""distro"": null,
    ""system"": {
      ""name"": ""Linux"",
      ""release"": ""6.8.0-1036-aws""
    },
    ""cpu"": null,
    ""openssl_version"": null,
    ""setuptools_version"": null,
    ""rustc_version"": null,
    ""ci"": null
  }
}",TLSv1.3,TLS_AES_128_GCM_SHA256,"{
  ""http"": null
}"
2026-08-31 18:05:41.000000 UTC,US,/packages/30/7c/709a80e72a3bf013fa890fc767d2959a8a2a15abee4088559ddabcb9399f/duckdb-1.4.2-cp311-cp311-manylinux_2_26_x86_64.manylinux_2_28_x86_64.whl,duckdb,"{
  ""file"": {
    ""filename"": ""duckdb-1.4.2-cp311-cp311-manylinux_2_26_x86_64.manylinux_2_28_x86_64.whl"",
    ""project"": ""duckdb"",
    ""version"": ""1.4.2"",
    ""type"": ""bdist_wheel""
  }
}","{
  ""details"": {
    ""installer"": {
      ""name"": ""poetry"",
      ""version"": ""2.4.2"",
      ""subcommand"": null
    },
    ""python"": null,
    ""implementation"": {
      ""name"": ""CPython"",
      ""version"": ""3.11.16""
    },
    ""distro"": null,
    ""system"": {
      ""name"": ""Linux"",
      ""release"": ""6.17.0-1022-azure""
    },
    ""cpu"": null,
    ""openssl_version"": null,
    ""setuptools_version"": null,
    ""rustc_version"": null,
    ""ci"": null
  }
}",TLSv1.3,TLS_AES_128_GCM_SHA256,"{
  ""http"": null
}"
2026-08-31 18:06:29.000000 UTC,US,/packages/a5/52/7570a50430cbffc8bd702443ac28a446b0fa4f77747a3821d4b37a852b15/duckdb-1.4.2-cp312-cp312-manylinux_2_26_x86_64.manylinux_2_28_x86_64.whl,duckdb,"{
  ""file"": {
    ""filename"": ""duckdb-1.4.2-cp312-cp312-manylinux_2_26_x86_64.manylinux_2_28_x86_64.whl"",
    ""project"": ""duckdb"",
    ""version"": ""1.4.2"",
    ""type"": ""bdist_wheel""
  }
}","{
  ""details"": {
    ""installer"": {
      ""name"": ""poetry"",
      ""version"": ""2.3.2"",
      ""subcommand"": null
    },
    ""python"": null,
    ""implementation"": {
      ""name"": ""CPython"",
      ""version"": ""3.12.14""
    },
    ""distro"": null,
    ""system"": {
      ""name"": ""Linux"",
      ""release"": ""6.17.0-1022-azure""
    },
    ""cpu"": null,
    ""openssl_version"": null,
    ""setuptools_version"": null,
    ""rustc_version"": null,
    ""ci"": null
  }
}",TLSv1.3,TLS_AES_128_GCM_SHA256,"{
  ""http"": null
}"
2026-08-31 18:06:09.000000 UTC,US,/packages/a5/52/7570a50430cbffc8bd702443ac28a446b0fa4f77747a3821d4b37a852b15/duckdb-1.4.2-cp312-cp312-manylinux_2_26_x86_64.manylinux_2_28_x86_64.whl,duckdb,"{
  ""file"": {
    ""filename"": ""duckdb-1.4.2-cp312-cp312-manylinux_2_26_x86_64.manylinux_2_28_x86_64.whl"",
    ""project"": ""duckdb"",
    ""version"": ""1.4.2"",
    ""type"": ""bdist_wheel""
  }
}","{
  ""details"": {
    ""installer"": {
      ""name"": ""poetry"",
      ""version"": ""2.3.2"",
      ""subcommand"": null
    },
    ""python"": null,
    ""implementation"": {
      ""name"": ""CPython"",
      ""version"": ""3.12.14""
    },
    ""distro"": null,
    ""system"": {
      ""name"": ""Linux"",
      ""release"": ""6.17.0-1022-azure""
    },
    ""cpu"": null,
    ""openssl_version"": null,
    ""setuptools_version"": null,
    ""rustc_version"": null,
    ""ci"": null
  }
}",TLSv1.3,TLS_AES_128_GCM_SHA256,"{
  ""http"": null
}"
2026-08-31 18:08:41.000000 UTC,US,/packages/a5/52/7570a50430cbffc8bd702443ac28a446b0fa4f77747a3821d4b37a852b15/duckdb-1.4.2-cp312-cp312-manylinux_2_26_x86_64.manylinux_2_28_x86_64.whl,duckdb,"{
  ""file"": {
    ""filename"": ""duckdb-1.4.2-cp312-cp312-manylinux_2_26_x86_64.manylinux_2_28_x86_64.whl"",
    ""project"": ""duckdb"",
    ""version"": ""1.4.2"",
    ""type"": ""bdist_wheel""
  }
}","{
  ""details"": {
    ""installer"": {
      ""name"": ""poetry"",
      ""version"": ""2.3.2"",
      ""subcommand"": null
    },
    ""python"": null,
    ""implementation"": {
      ""name"": ""CPython"",
      ""version"": ""3.12.14""
    },
    ""distro"": null,
    ""system"": {
      ""name"": ""Linux"",
      ""release"": ""6.17.0-1022-azure""
    },
    ""cpu"": null,
    ""openssl_version"": null,
    ""setuptools_version"": null,
    ""rustc_version"": null,
    ""ci"": null
  }
}",TLSv1.3,TLS_AES_128_GCM_SHA256,"{
  ""http"": null
}"
2026-08-31 18:06:27.000000 UTC,US,/packages/a5/52/7570a50430cbffc8bd702443ac28a446b0fa4f77747a3821d4b37a852b15/duckdb-1.4.2-cp312-cp312-manylinux_2_26_x86_64.manylinux_2_28_x86_64.whl,duckdb,"{
  ""file"": {
    ""filename"": ""duckdb-1.4.2-cp312-cp312-manylinux_2_26_x86_64.manylinux_2_28_x86_64.whl"",
    ""project"": ""duckdb"",
    ""version"": ""1.4.2"",
    ""type"": ""bdist_wheel""
  }
}","{
  ""details"": {
    ""installer"": {
      ""name"": ""poetry"",
      ""version"": ""2.3.2"",
      ""subcommand"": null
    },
    ""python"": null,
    ""implementation"": {
      ""name"": ""CPython"",
      ""version"": ""3.12.14""
    },
    ""distro"": null,
    ""system"": {
      ""name"": ""Linux"",
      ""release"": ""6.17.0-1022-azure""
    },
    ""cpu"": null,
    ""openssl_version"": null,
    ""setuptools_version"": null,
    ""rustc_version"": null,
    ""ci"": null
  }
}",TLSv1.3,TLS_AES_128_GCM_SHA256,"{
  ""http"": null
}"
2026-08-31 18:01:26.000000 UTC,US,/packages/14/b7/ee594dcecbc9469ec3cd1fb1f81cb5fa289ab444b80cfb5640c8f467f75f/duckdb-1.4.3-cp311-cp311-manylinux_2_26_aarch64.manylinux_2_28_aarch64.whl,duckdb,"{
  ""file"": {
    ""filename"": ""duckdb-1.4.3-cp311-cp311-manylinux_2_26_aarch64.manylinux_2_28_aarch64.whl"",
    ""project"": ""duckdb"",
    ""version"": ""1.4.3"",
    ""type"": ""bdist_wheel""
  }
}","{
  ""details"": {
    ""installer"": {
      ""name"": ""poetry"",
      ""version"": ""2.1.1"",
      ""subcommand"": null
    },
    ""python"": null,
    ""implementation"": {
      ""name"": ""CPython"",
      ""version"": ""3.11.11""
    },
    ""distro"": null,
    ""system"": {
      ""name"": ""Linux"",
      ""release"": ""6.6.141.1-1.azl3""
    },
    ""cpu"": null,
    ""openssl_version"": null,
    ""setuptools_version"": null,
    ""rustc_version"": null,
    ""ci"": null
  }
}",TLSv1.3,TLS_AES_128_GCM_SHA256,"{
  ""http"": null
}"
2026-08-31 18:01:17.000000 UTC,US,/packages/14/b7/ee594dcecbc9469ec3cd1fb1f81cb5fa289ab444b80cfb5640c8f467f75f/duckdb-1.4.3-cp311-cp311-manylinux_2_26_aarch64.manylinux_2_28_aarch64.whl,duckdb,"{
  ""file"": {
    ""filename"": ""duckdb-1.4.3-cp311-cp311-manylinux_2_26_aarch64.manylinux_2_28_aarch64.whl"",
    ""project"": ""duckdb"",
    ""version"": ""1.4.3"",
    ""type"": ""bdist_wheel""
  }
}","{
  ""details"": {
    ""installer"": {
      ""name"": ""poetry"",
      ""version"": ""2.1.1"",
      ""subcommand"": null
    },
    ""python"": null,
    ""implementation"": {
      ""name"": ""CPython"",
      ""version"": ""3.11.11""
    },
    ""distro"": null,
    ""system"": {
      ""name"": ""Linux"",
      ""release"": ""6.6.141.1-1.azl3""
    },
    ""cpu"": null,
    ""openssl_version"": null,
    ""setuptools_version"": null,
    ""rustc_version"": null,
    ""ci"": null
  }
}",TLSv1.3,TLS_AES_128_GCM_SHA256,"{
  ""http"": null
}"
2026-08-31 18:01:20.000000 UTC,US,/packages/14/b7/ee594dcecbc9469ec3cd1fb1f81cb5fa289ab444b80cfb5640c8f467f75f/duckdb-1.4.3-cp311-cp311-manylinux_2_26_aarch64.manylinux_2_28_aarch64.whl,duckdb,"{
  ""file"": {
    ""filename"": ""duckdb-1.4.3-cp311-cp311-manylinux_2_26_aarch64.manylinux_2_28_aarch64.whl"",
    ""project"": ""duckdb"",
    ""version"": ""1.4.3"",
    ""type"": ""bdist_wheel""
  }
}","{
  ""details"": {
    ""installer"": {
      ""name"": ""poetry"",
      ""version"": ""2.1.1"",
      ""subcommand"": null
    },
    ""python"": null,
    ""implementation"": {
      ""name"": ""CPython"",
      ""version"": ""3.11.11""
    },
    ""distro"": null,
    ""system"": {
      ""name"": ""Linux"",
      ""release"": ""6.6.141.1-1.azl3""
    },
    ""cpu"": null,
    ""openssl_version"": null,
    ""setuptools_version"": null,
    ""rustc_version"": null,
    ""ci"": null
  }
}",TLSv1.3,TLS_AES_128_GCM_SHA256,"{
  ""http"": null
}"
2026-08-31 18:05:21.000000 UTC,NL,/packages/df/5f/a6c1862ed8a96d8d930feb6af5e55aadd983310aab75142468c2cb32a2a3/duckdb-1.4.3-cp311-cp311-manylinux_2_26_x86_64.manylinux_2_28_x86_64.whl,duckdb,"{
  ""file"": {
    ""filename"": ""duckdb-1.4.3-cp311-cp311-manylinux_2_26_x86_64.manylinux_2_28_x86_64.whl"",
    ""project"": ""duckdb"",
    ""version"": ""1.4.3"",
    ""type"": ""bdist_wheel""
  }
}","{
  ""details"": {
    ""installer"": {
      ""name"": ""poetry"",
      ""version"": ""2.4.2"",
      ""subcommand"": null
    },
    ""python"": null,
    ""implementation"": {
      ""name"": ""CPython"",
      ""version"": ""3.11.14""
    },
    ""distro"": null,
    ""system"": {
      ""name"": ""Linux"",
      ""release"": ""6.6.141""
    },
    ""cpu"": null,
    ""openssl_version"": null,
    ""setuptools_version"": null,
    ""rustc_version"": null,
    ""ci"": null
  }
}",TLSv1.3,TLS_AES_128_GCM_SHA256,"{
  ""http"": null
}"
2026-08-31 18:08:55.000000 UTC,NL,/packages/df/5f/a6c1862ed8a96d8d930feb6af5e55aadd983310aab75142468c2cb32a2a3/duckdb-1.4.3-cp311-cp311-manylinux_2_26_x86_64.manylinux_2_28_x86_64.whl,duckdb,"{
  ""file"": {
    ""filename"": ""duckdb-1.4.3-cp311-cp311-manylinux_2_26_x86_64.manylinux_2_28_x86_64.whl"",
    ""project"": ""duckdb"",
    ""version"": ""1.4.3"",
    ""type"": ""bdist_wheel""
  }
}","{
  ""details"": {
    ""installer"": {
      ""name"": ""poetry"",
      ""version"": ""2.4.2"",
      ""subcommand"": null
    },
    ""python"": null,
    ""implementation"": {
      ""name"": ""CPython"",
      ""version"": ""3.11.14""
    },
    ""distro"": null,
    ""system"": {
      ""name"": ""Linux"",
      ""release"": ""6.6.141""
    },
    ""cpu"": null,
    ""openssl_version"": null,
    ""setuptools_version"": null,
    ""rustc_version"": null,
    ""ci"": null
  }
}",TLSv1.3,TLS_AES_128_GCM_SHA256,"{
  ""http"": null
}"
2026-08-31 18:05:18.000000 UTC,NL,/packages/df/5f/a6c1862ed8a96d8d930feb6af5e55aadd983310aab75142468c2cb32a2a3/duckdb-1.4.3-cp311-cp311-manylinux_2_26_x86_64.manylinux_2_28_x86_64.whl,duckdb,"{
  ""file"": {
    ""filename"": ""duckdb-1.4.3-cp311-cp311-manylinux_2_26_x86_64.manylinux_2_28_x86_64.whl"",
    ""project"": ""duckdb"",
    ""version"": ""1.4.3"",
    ""type"": ""bdist_wheel""
  }
}","{
  ""details"": {
    ""installer"": {
      ""name"": ""poetry"",
      ""version"": ""2.4.2"",
      ""subcommand"": null
    },
    ""python"": null,
    ""implementation"": {
      ""name"": ""CPython"",
      ""version"": ""3.11.14""
    },
    ""distro"": null,
    ""system"": {
      ""name"": ""Linux"",
      ""release"": ""6.6.141""
    },
    ""cpu"": null,
    ""openssl_version"": null,
    ""setuptools_version"": null,
    ""rustc_version"": null,
    ""ci"": null
  }
}",TLSv1.3,TLS_AES_128_GCM_SHA256,"{
  ""http"": null
}"
2026-08-31 18:08:04.000000 UTC,CN,/packages/5f/ec/279723615b4fb454efd823b7efe97cf2504569e2e74d15defbbd6b027901/duckdb-1.4.3-cp312-cp312-manylinux_2_26_aarch64.manylinux_2_28_aarch64.whl,duckdb,"{
  ""file"": {
    ""filename"": ""duckdb-1.4.3-cp312-cp312-manylinux_2_26_aarch64.manylinux_2_28_aarch64.whl"",
    ""project"": ""duckdb"",
    ""version"": ""1.4.3"",
    ""type"": ""bdist_wheel""
  }
}","{
  ""details"": null
}",TLSv1.3,TLS_AES_128_GCM_SHA256,"{
  ""http"": null
}"
2026-08-31 18:04:17.000000 UTC,US,/packages/5f/ec/279723615b4fb454efd823b7efe97cf2504569e2e74d15defbbd6b027901/duckdb-1.4.3-cp312-cp312-manylinux_2_26_aarch64.manylinux_2_28_aarch64.whl,duckdb,"{
  ""file"": {
    ""filename"": ""duckdb-1.4.3-cp312-cp312-manylinux_2_26_aarch64.manylinux_2_28_aarch64.whl"",
    ""project"": ""duckdb"",
    ""version"": ""1.4.3"",
    ""type"": ""bdist_wheel""
  }
}","{
  ""details"": null
}",TLSv1.3,TLS_AES_128_GCM_SHA256,"{
  ""http"": null
}"
2026-08-31 18:03:30.000000 UTC,US,/packages/5f/ec/279723615b4fb454efd823b7efe97cf2504569e2e74d15defbbd6b027901/duckdb-1.4.3-cp312-cp312-manylinux_2_26_aarch64.manylinux_2_28_aarch64.whl,duckdb,"{
  ""file"": {
    ""filename"": ""duckdb-1.4.3-cp312-cp312-manylinux_2_26_aarch64.manylinux_2_28_aarch64.whl"",
    ""project"": ""duckdb"",
    ""version"": ""1.4.3"",
    ""type"": ""bdist_wheel""
  }
}","{
  ""details"": null
}",TLSv1.3,TLS_AES_128_GCM_SHA256,"{
  ""http"": null
}"
2026-08-31 17:59:08.000000 UTC,US,/packages/5f/ec/279723615b4fb454efd823b7efe97cf2504569e2e74d15defbbd6b027901/duckdb-1.4.3-cp312-cp312-manylinux_2_26_aarch64.manylinux_2_28_aarch64.whl,duckdb,"{
  ""file"": {
    ""filename"": ""duckdb-1.4.3-cp312-cp312-manylinux_2_26_aarch64.manylinux_2_28_aarch64.whl"",
    ""project"": ""duckdb"",
    ""version"": ""1.4.3"",
    ""type"": ""bdist_wheel""
  }
}","{
  ""details"": null
}",TLSv1.3,TLS_AES_128_GCM_SHA256,"{
  ""http"": null
}"
2026-08-31 17:59:15.000000 UTC,US,/packages/5f/ec/279723615b4fb454efd823b7efe97cf2504569e2e74d15defbbd6b027901/duckdb-1.4.3-cp312-cp312-manylinux_2_26_aarch64.manylinux_2_28_aarch64.whl,duckdb,"{
  ""file"": {
    ""filename"": ""duckdb-1.4.3-cp312-cp312-manylinux_2_26_aarch64.manylinux_2_28_aarch64.whl"",
    ""project"": ""duckdb"",
    ""version"": ""1.4.3"",
    ""type"": ""bdist_wheel""
  }
}","{
  ""details"": null
}",TLSv1.3,TLS_AES_128_GCM_SHA256,"{
  ""http"": null
}"
2026-08-31 17:59:18.000000 UTC,US,/packages/5f/ec/279723615b4fb454efd823b7efe97cf2504569e2e74d15defbbd6b027901/duckdb-1.4.3-cp312-cp312-manylinux_2_26_aarch64.manylinux_2_28_aarch64.whl,duckdb,"{
  ""file"": {
    ""filename"": ""duckdb-1.4.3-cp312-cp312-manylinux_2_26_aarch64.manylinux_2_28_aarch64.whl"",
    ""project"": ""duckdb"",
    ""version"": ""1.4.3"",
    ""type"": ""bdist_wheel""
  }
}","{
  ""details"": null
}",TLSv1.3,TLS_AES_128_GCM_SHA256,"{
  ""http"": null
}"
2026-08-31 18:02:49.000000 UTC,US,/packages/10/63/af20cd20fd7fd6565ea5a1578c16157b6a6e07923e459a6f9b0dc9ada308/duckdb-1.4.3-cp312-cp312-manylinux_2_26_x86_64.manylinux_2_28_x86_64.whl,duckdb,"{
  ""file"": {
    ""filename"": ""duckdb-1.4.3-cp312-cp312-manylinux_2_26_x86_64.manylinux_2_28_x86_64.whl"",
    ""project"": ""duckdb"",
    ""version"": ""1.4.3"",
    ""type"": ""bdist_wheel""
  }
}","{
  ""details"": {
    ""installer"": {
      ""name"": ""poetry"",
      ""version"": ""2.4.2"",
      ""subcommand"": null
    },
    ""python"": null,
    ""implementation"": {
      ""name"": ""CPython"",
      ""version"": ""3.12.13""
    },
    ""distro"": null,
    ""system"": {
      ""name"": ""Linux"",
      ""release"": ""5.15.0-1118-azure""
    },
    ""cpu"": null,
    ""openssl_version"": null,
    ""setuptools_version"": null,
    ""rustc_version"": null,
    ""ci"": null
  }
}",TLSv1.3,TLS_AES_128_GCM_SHA256,"{
  ""http"": null
}"
2026-08-31 17:59:09.000000 UTC,US,/packages/10/63/af20cd20fd7fd6565ea5a1578c16157b6a6e07923e459a6f9b0dc9ada308/duckdb-1.4.3-cp312-cp312-manylinux_2_26_x86_64.manylinux_2_28_x86_64.whl,duckdb,"{
  ""file"": {
    ""filename"": ""duckdb-1.4.3-cp312-cp312-manylinux_2_26_x86_64.manylinux_2_28_x86_64.whl"",
    ""project"": ""duckdb"",
    ""version"": ""1.4.3"",
    ""type"": ""bdist_wheel""
  }
}","{
  ""details"": {
    ""installer"": {
      ""name"": ""Nexus"",
      ""version"": ""3.94.1-06"",
      ""subcommand"": null
    },
    ""python"": null,
    ""implementation"": null,
    ""distro"": null,
    ""system"": null,
    ""cpu"": null,
    ""openssl_version"": null,
    ""setuptools_version"": null,
    ""rustc_version"": null,
    ""ci"": null
  }
}",TLSv1.3,TLS_AES_128_GCM_SHA256,"{
  ""http"": null
}"
2026-08-31 18:01:50.000000 UTC,US,/packages/10/63/af20cd20fd7fd6565ea5a1578c16157b6a6e07923e459a6f9b0dc9ada308/duckdb-1.4.3-cp312-cp312-manylinux_2_26_x86_64.manylinux_2_28_x86_64.whl,duckdb,"{
  ""file"": {
    ""filename"": ""duckdb-1.4.3-cp312-cp312-manylinux_2_26_x86_64.manylinux_2_28_x86_64.whl"",
    ""project"": ""duckdb"",
    ""version"": ""1.4.3"",
    ""type"": ""bdist_wheel""
  }
}","{
  ""details"": {
    ""installer"": {
      ""name"": ""poetry"",
      ""version"": ""2.3.2"",
      ""subcommand"": null
    },
    ""python"": null,
    ""implementation"": {
      ""name"": ""CPython"",
      ""version"": ""3.12.14""
    },
    ""distro"": null,
    ""system"": {
      ""name"": ""Linux"",
      ""release"": ""6.17.0-1022-azure""
    },
    ""cpu"": null,
    ""openssl_version"": null,
    ""setuptools_version"": null,
    ""rustc_version"": null,
    ""ci"": null
  }
}",TLSv1.3,TLS_AES_128_GCM_SHA256,"{
  ""http"": null
}"
2026-08-31 17:58:49.000000 UTC,US,/packages/10/63/af20cd20fd7fd6565ea5a1578c16157b6a6e07923e459a6f9b0dc9ada308/duckdb-1.4.3-cp312-cp312-manylinux_2_26_x86_64.manylinux_2_28_x86_64.whl,duckdb,"{
  ""file"": {
    ""filename"": ""duckdb-1.4.3-cp312-cp312-manylinux_2_26_x86_64.manylinux_2_28_x86_64.whl"",
    ""project"": ""duckdb"",
    ""version"": ""1.4.3"",
    ""type"": ""bdist_wheel""
  }
}","{
  ""details"": {
    ""installer"": {
      ""name"": ""Nexus"",
      ""version"": ""3.94.1-06"",
      ""subcommand"": null
    },
    ""python"": null,
    ""implementation"": null,
    ""distro"": null,
    ""system"": null,
    ""cpu"": null,
    ""openssl_version"": null,
    ""setuptools_version"": null,
    ""rustc_version"": null,
    ""ci"": null
  }
}",TLSv1.3,TLS_AES_128_GCM_SHA256,"{
  ""http"": null
}"
2026-08-31 18:01:59.000000 UTC,US,/packages/10/63/af20cd20fd7fd6565ea5a1578c16157b6a6e07923e459a6f9b0dc9ada308/duckdb-1.4.3-cp312-cp312-manylinux_2_26_x86_64.manylinux_2_28_x86_64.whl,duckdb,"{
  ""file"": {
    ""filename"": ""duckdb-1.4.3-cp312-cp312-manylinux_2_26_x86_64.manylinux_2_28_x86_64.whl"",
    ""project"": ""duckdb"",
    ""version"": ""1.4.3"",
    ""type"": ""bdist_wheel""
  }
}","{
  ""details"": {
    ""installer"": {
      ""name"": ""poetry"",
      ""version"": ""2.3.2"",
      ""subcommand"": null
    },
    ""python"": null,
    ""implementation"": {
      ""name"": ""CPython"",
      ""version"": ""3.12.14""
    },
    ""distro"": null,
    ""system"": {
      ""name"": ""Linux"",
      ""release"": ""6.17.0-1022-azure""
    },
    ""cpu"": null,
    ""openssl_version"": null,
    ""setuptools_version"": null,
    ""rustc_version"": null,
    ""ci"": null
  }
}",TLSv1.3,TLS_AES_128_GCM_SHA256,"{
  ""http"": null
}"
2026-08-31 18:00:03.000000 UTC,US,/packages/10/63/af20cd20fd7fd6565ea5a1578c16157b6a6e07923e459a6f9b0dc9ada308/duckdb-1.4.3-cp312-cp312-manylinux_2_26_x86_64.manylinux_2_28_x86_64.whl,duckdb,"{
  ""file"": {
    ""filename"": ""duckdb-1.4.3-cp312-cp312-manylinux_2_26_x86_64.manylinux_2_28_x86_64.whl"",
    ""project"": ""duckdb"",
    ""version"": ""1.4.3"",
    ""type"": ""bdist_wheel""
  }
}","{
  ""details"": {
    ""installer"": {
      ""name"": ""poetry"",
      ""version"": ""2.4.2"",
      ""subcommand"": null
    },
    ""python"": null,
    ""implementation"": {
      ""name"": ""CPython"",
      ""version"": ""3.12.3""
    },
    ""distro"": null,
    ""system"": {
      ""name"": ""Linux"",
      ""release"": ""6.17.0-1022-azure""
    },
    ""cpu"": null,
    ""openssl_version"": null,
    ""setuptools_version"": null,
    ""rustc_version"": null,
    ""ci"": null
  }
}",TLSv1.3,TLS_AES_128_GCM_SHA256,"{
  ""http"": null
}"
2026-08-31 18:04:33.000000 UTC,US,/packages/10/63/af20cd20fd7fd6565ea5a1578c16157b6a6e07923e459a6f9b0dc9ada308/duckdb-1.4.3-cp312-cp312-manylinux_2_26_x86_64.manylinux_2_28_x86_64.whl,duckdb,"{
  ""file"": {
    ""filename"": ""duckdb-1.4.3-cp312-cp312-manylinux_2_26_x86_64.manylinux_2_28_x86_64.whl"",
    ""project"": ""duckdb"",
    ""version"": ""1.4.3"",
    ""type"": ""bdist_wheel""
  }
}","{
  ""details"": {
    ""installer"": {
      ""name"": ""Nexus"",
      ""version"": ""3.94.1-06"",
      ""subcommand"": null
    },
    ""python"": null,
    ""implementation"": null,
    ""distro"": null,
    ""system"": null,
    ""cpu"": null,
    ""openssl_version"": null,
    ""setuptools_version"": null,
    ""rustc_version"": null,
    ""ci"": null
  }
}",TLSv1.3,TLS_AES_128_GCM_SHA256,"{
  ""http"": null
}"
2026-08-31 18:04:14.000000 UTC,US,/packages/fd/76/288cca43a10ddd082788e1a71f1dc68d9130b5d078c3ffd0edf2f3a8719f/duckdb-1.4.3-cp313-cp313-macosx_10_13_universal2.whl,duckdb,"{
  ""file"": {
    ""filename"": ""duckdb-1.4.3-cp313-cp313-macosx_10_13_universal2.whl"",
    ""project"": ""duckdb"",
    ""version"": ""1.4.3"",
    ""type"": ""bdist_wheel""
  }
}","{
  ""details"": {
    ""installer"": {
      ""name"": ""Bazel"",
      ""version"": ""8.5.0"",
      ""subcommand"": null
    },
    ""python"": null,
    ""implementation"": null,
    ""distro"": null,
    ""system"": null,
    ""cpu"": null,
    ""openssl_version"": null,
    ""setuptools_version"": null,
    ""rustc_version"": null,
    ""ci"": null
  }
}",TLSv1.3,TLS_AES_128_GCM_SHA256,"{
  ""http"": null
}"
2026-08-31 18:04:13.000000 UTC,US,/packages/64/07/cbad3d3da24af4d1add9bccb5fb390fac726ffa0c0cebd29bf5591cef334/duckdb-1.4.3-cp313-cp313-macosx_10_13_x86_64.whl,duckdb,"{
  ""file"": {
    ""filename"": ""duckdb-1.4.3-cp313-cp313-macosx_10_13_x86_64.whl"",
    ""project"": ""duckdb"",
    ""version"": ""1.4.3"",
    ""type"": ""bdist_wheel""
  }
}","{
  ""details"": {
    ""installer"": {
      ""name"": ""Bazel"",
      ""version"": ""8.5.0"",
      ""subcommand"": null
    },
    ""python"": null,
    ""implementation"": null,
    ""distro"": null,
    ""system"": null,
    ""cpu"": null,
    ""openssl_version"": null,
    ""setuptools_version"": null,
    ""rustc_version"": null,
    ""ci"": null
  }
}",TLSv1.3,TLS_AES_128_GCM_SHA256,"{
  ""http"": null
}"
2026-08-31 18:04:12.000000 UTC,US,/packages/c4/19/57af0cc66ba2ffb8900f567c9aec188c6ab2a7b3f2260e9c6c3c5f9b57b1/duckdb-1.4.3-cp313-cp313-macosx_11_0_arm64.whl,duckdb,"{
  ""file"": {
    ""filename"": ""duckdb-1.4.3-cp313-cp313-macosx_11_0_arm64.whl"",
    ""project"": ""duckdb"",
    ""version"": ""1.4.3"",
    ""type"": ""bdist_wheel""
  }
}","{
  ""details"": {
    ""installer"": {
      ""name"": ""Bazel"",
      ""version"": ""8.5.0"",
      ""subcommand"": null
    },
    ""python"": null,
    ""implementation"": null,
    ""distro"": null,
    ""system"": null,
    ""cpu"": null,
    ""openssl_version"": null,
    ""setuptools_version"": null,
    ""rustc_version"": null,
    ""ci"": null
  }
}",TLSv1.3,TLS_AES_128_GCM_SHA256,"{
  ""http"": null
}"
2026-08-31 18:04:10.000000 UTC,US,/packages/73/dd/23152458cf5fd51e813fadda60b9b5f011517634aa4bb9301f5f3aa951d8/duckdb-1.4.3-cp313-cp313-manylinux_2_26_aarch64.manylinux_2_28_aarch64.whl,duckdb,"{
  ""file"": {
    ""filename"": ""duckdb-1.4.3-cp313-cp313-manylinux_2_26_aarch64.manylinux_2_28_aarch64.whl"",
    ""project"": ""duckdb"",
    ""version"": ""1.4.3"",
    ""type"": ""bdist_wheel""
  }
}","{
  ""details"": {
    ""installer"": {
      ""name"": ""Bazel"",
      ""version"": ""8.5.0"",
      ""subcommand"": null
    },
    ""python"": null,
    ""implementation"": null,
    ""distro"": null,
    ""system"": null,
    ""cpu"": null,
    ""openssl_version"": null,
    ""setuptools_version"": null,
    ""rustc_version"": null,
    ""ci"": null
  }
}",TLSv1.3,TLS_AES_128_GCM_SHA256,"{
  ""http"": null
}"
2026-08-31 18:03:16.000000 UTC,US,/packages/1a/7b/adf3f611f11997fc429d4b00a730604b65d952417f36a10c4be6e38e064d/duckdb-1.4.3-cp313-cp313-manylinux_2_26_x86_64.manylinux_2_28_x86_64.whl,duckdb,"{
  ""file"": {
    ""filename"": ""duckdb-1.4.3-cp313-cp313-manylinux_2_26_x86_64.manylinux_2_28_x86_64.whl"",
    ""project"": ""duckdb"",
    ""version"": ""1.4.3"",
    ""type"": ""bdist_wheel""
  }
}","{
  ""details"": {
    ""installer"": {
      ""name"": ""poetry"",
      ""version"": ""2.4.2"",
      ""subcommand"": null
    },
    ""python"": null,
    ""implementation"": {
      ""name"": ""CPython"",
      ""version"": ""3.13.15""
    },
    ""distro"": null,
    ""system"": {
      ""name"": ""Linux"",
      ""release"": ""6.17.0-1022-azure""
    },
    ""cpu"": null,
    ""openssl_version"": null,
    ""setuptools_version"": null,
    ""rustc_version"": null,
    ""ci"": null
  }
}",TLSv1.3,TLS_AES_128_GCM_SHA256,"{
  ""http"": null
}"
2026-08-31 18:03:17.000000 UTC,US,/packages/1a/7b/adf3f611f11997fc429d4b00a730604b65d952417f36a10c4be6e38e064d/duckdb-1.4.3-cp313-cp313-manylinux_2_26_x86_64.manylinux_2_28_x86_64.whl,duckdb,"{
  ""file"": {
    ""filename"": ""duckdb-1.4.3-cp313-cp313-manylinux_2_26_x86_64.manylinux_2_28_x86_64.whl"",
    ""project"": ""duckdb"",
    ""version"": ""1.4.3"",
    ""type"": ""bdist_wheel""
  }
}","{
  ""details"": {
    ""installer"": {
      ""name"": ""poetry"",
      ""version"": ""2.4.2"",
      ""subcommand"": null
    },
    ""python"": null,
    ""implementation"": {
      ""name"": ""CPython"",
      ""version"": ""3.13.15""
    },
    ""distro"": null,
    ""system"": {
      ""name"": ""Linux"",
      ""release"": ""6.17.0-1022-azure""
    },
    ""cpu"": null,
    ""openssl_version"": null,
    ""setuptools_version"": null,
    ""rustc_version"": null,
    ""ci"": null
  }
}",TLSv1.3,TLS_AES_128_GCM_SHA256,"{
  ""http"": null
}"
2026-08-31 18:03:02.000000 UTC,US,/packages/1a/7b/adf3f611f11997fc429d4b00a730604b65d952417f36a10c4be6e38e064d/duckdb-1.4.3-cp313-cp313-manylinux_2_26_x86_64.manylinux_2_28_x86_64.whl,duckdb,"{
  ""file"": {
    ""filename"": ""duckdb-1.4.3-cp313-cp313-manylinux_2_26_x86_64.manylinux_2_28_x86_64.whl"",
    ""project"": ""duckdb"",
    ""version"": ""1.4.3"",
    ""type"": ""bdist_wheel""
  }
}","{
  ""details"": {
    ""installer"": {
      ""name"": ""poetry"",
      ""version"": ""2.4.2"",
      ""subcommand"": null
    },
    ""python"": null,
    ""implementation"": {
      ""name"": ""CPython"",
      ""version"": ""3.13.15""
    },
    ""distro"": null,
    ""system"": {
      ""name"": ""Linux"",
      ""release"": ""6.17.0-1022-azure""
    },
    ""cpu"": null,
    ""openssl_version"": null,
    ""setuptools_version"": null,
    ""rustc_version"": null,
    ""ci"": null
  }
}",TLSv1.3,TLS_AES_128_GCM_SHA256,"{
  ""http"": null
}"
2026-08-31 18:04:21.000000 UTC,US,/packages/40/d5/6b7ddda7713a788ab2d622c7267ec317718f2bdc746ce1fca49b7ff0e50f/duckdb-1.4.3-cp313-cp313-win_amd64.whl,duckdb,"{
  ""file"": {
    ""filename"": ""duckdb-1.4.3-cp313-cp313-win_amd64.whl"",
    ""project"": ""duckdb"",
    ""version"": ""1.4.3"",
    ""type"": ""bdist_wheel""
  }
}","{
  ""details"": {
    ""installer"": {
      ""name"": ""Bazel"",
      ""version"": ""8.5.0"",
      ""subcommand"": null
    },
    ""python"": null,
    ""implementation"": null,
    ""distro"": null,
    ""system"": null,
    ""cpu"": null,
    ""openssl_version"": null,
    ""setuptools_version"": null,
    ""rustc_version"": null,
    ""ci"": null
  }
}",TLSv1.3,TLS_AES_128_GCM_SHA256,"{
  ""http"": null
}"
2026-08-31 18:04:17.000000 UTC,US,/packages/7f/da/17c3eb5458af69d54dedc8d18e4a32ceaa8ce4d4c699d45d6d8287e790c3/duckdb-1.4.3.tar.gz,duckdb,"{
  ""file"": {
    ""filename"": ""duckdb-1.4.3.tar.gz"",
    ""project"": ""duckdb"",
    ""version"": ""1.4.3"",
    ""type"": ""sdist""
  }
}","{
  ""details"": {
    ""installer"": {
      ""name"": ""Bazel"",
      ""version"": ""8.5.0"",
      ""subcommand"": null
    },
    ""python"": null,
    ""implementation"": null,
    ""distro"": null,
    ""system"": null,
    ""cpu"": null,
    ""openssl_version"": null,
    ""setuptools_version"": null,
    ""rustc_version"": null,
    ""ci"": null
  }
}",TLSv1.3,TLS_AES_128_GCM_SHA256,"{
  ""http"": null
}"
2026-08-31 18:05:33.000000 UTC,US,/packages/a2/5f/23bd586ecb21273b41b5aa4b16fd88b7fecb53ed48d897273651c0c3d66f/duckdb-1.4.4-cp310-cp310-manylinux_2_26_x86_64.manylinux_2_28_x86_64.whl,duckdb,"{
  ""file"": {
    ""filename"": ""duckdb-1.4.4-cp310-cp310-manylinux_2_26_x86_64.manylinux_2_28_x86_64.whl"",
    ""project"": ""duckdb"",
    ""version"": ""1.4.4"",
    ""type"": ""bdist_wheel""
  }
}","{
  ""details"": {
    ""installer"": {
      ""name"": ""poetry"",
      ""version"": ""2.1.1"",
      ""subcommand"": null
    },
    ""python"": null,
    ""implementation"": {
      ""name"": ""CPython"",
      ""version"": ""3.10.16""
    },
    ""distro"": null,
    ""system"": {
      ""name"": ""Linux"",
      ""release"": ""6.17.0-1022-azure""
    },
    ""cpu"": null,
    ""openssl_version"": null,
    ""setuptools_version"": null,
    ""rustc_version"": null,
    ""ci"": null
  }
}",TLSv1.3,TLS_AES_128_GCM_SHA256,"{
  ""http"": null
}"
2026-08-31 18:04:38.000000 UTC,US,/packages/a2/5f/23bd586ecb21273b41b5aa4b16fd88b7fecb53ed48d897273651c0c3d66f/duckdb-1.4.4-cp310-cp310-manylinux_2_26_x86_64.manylinux_2_28_x86_64.whl,duckdb,"{
  ""file"": {
    ""filename"": ""duckdb-1.4.4-cp310-cp310-manylinux_2_26_x86_64.manylinux_2_28_x86_64.whl"",
    ""project"": ""duckdb"",
    ""version"": ""1.4.4"",
    ""type"": ""bdist_wheel""
  }
}","{
  ""details"": {
    ""installer"": {
      ""name"": ""poetry"",
      ""version"": ""2.1.1"",
      ""subcommand"": null
    },
    ""python"": null,
    ""implementation"": {
      ""name"": ""CPython"",
      ""version"": ""3.10.16""
    },
    ""distro"": null,
    ""system"": {
      ""name"": ""Linux"",
      ""release"": ""6.17.0-1022-azure""
    },
    ""cpu"": null,
    ""openssl_version"": null,
    ""setuptools_version"": null,
    ""rustc_version"": null,
    ""ci"": null
  }
}",TLSv1.3,TLS_AES_128_GCM_SHA256,"{
  ""http"": null
}"
2026-08-31 18:04:38.000000 UTC,US,/packages/a2/5f/23bd586ecb21273b41b5aa4b16fd88b7fecb53ed48d897273651c0c3d66f/duckdb-1.4.4-cp310-cp310-manylinux_2_26_x86_64.manylinux_2_28_x86_64.whl,duckdb,"{
  ""file"": {
    ""filename"": ""duckdb-1.4.4-cp310-cp310-manylinux_2_26_x86_64.manylinux_2_28_x86_64.whl"",
    ""project"": ""duckdb"",
    ""version"": ""1.4.4"",
    ""type"": ""bdist_wheel""
  }
}","{
  ""details"": {
    ""installer"": {
      ""name"": ""poetry"",
      ""version"": ""2.1.1"",
      ""subcommand"": null
    },
    ""python"": null,
    ""implementation"": {
      ""name"": ""CPython"",
      ""version"": ""3.10.16""
    },
    ""distro"": null,
    ""system"": {
      ""name"": ""Linux"",
      ""release"": ""6.17.0-1022-azure""
    },
    ""cpu"": null,
    ""openssl_version"": null,
    ""setuptools_version"": null,
    ""rustc_version"": null,
    ""ci"": null
  }
}",TLSv1.3,TLS_AES_128_GCM_SHA256,"{
  ""http"": null
}"
2026-08-31 18:03:54.000000 UTC,US,/packages/a2/5f/23bd586ecb21273b41b5aa4b16fd88b7fecb53ed48d897273651c0c3d66f/duckdb-1.4.4-cp310-cp310-manylinux_2_26_x86_64.manylinux_2_28_x86_64.whl,duckdb,"{
  ""file"": {
    ""filename"": ""duckdb-1.4.4-cp310-cp310-manylinux_2_26_x86_64.manylinux_2_28_x86_64.whl"",
    ""project"": ""duckdb"",
    ""version"": ""1.4.4"",
    ""type"": ""bdist_wheel""
  }
}","{
  ""details"": {
    ""installer"": {
      ""name"": ""poetry"",
      ""version"": ""2.1.1"",
      ""subcommand"": null
    },
    ""python"": null,
    ""implementation"": {
      ""name"": ""CPython"",
      ""version"": ""3.10.21""
    },
    ""distro"": null,
    ""system"": {
      ""name"": ""Linux"",
      ""release"": ""6.17.0-1022-azure""
    },
    ""cpu"": null,
    ""openssl_version"": null,
    ""setuptools_version"": null,
    ""rustc_version"": null,
    ""ci"": null
  }
}",TLSv1.3,TLS_AES_128_GCM_SHA256,"{
  ""http"": null
}"
2026-08-31 18:03:45.000000 UTC,US,/packages/a2/5f/23bd586ecb21273b41b5aa4b16fd88b7fecb53ed48d897273651c0c3d66f/duckdb-1.4.4-cp310-cp310-manylinux_2_26_x86_64.manylinux_2_28_x86_64.whl,duckdb,"{
  ""file"": {
    ""filename"": ""duckdb-1.4.4-cp310-cp310-manylinux_2_26_x86_64.manylinux_2_28_x86_64.whl"",
    ""project"": ""duckdb"",
    ""version"": ""1.4.4"",
    ""type"": ""bdist_wheel""
  }
}","{
  ""details"": {
    ""installer"": {
      ""name"": ""poetry"",
      ""version"": ""2.1.1"",
      ""subcommand"": null
    },
    ""python"": null,
    ""implementation"": {
      ""name"": ""CPython"",
      ""version"": ""3.10.21""
    },
    ""distro"": null,
    ""system"": {
      ""name"": ""Linux"",
      ""release"": ""6.17.0-1022-azure""
    },
    ""cpu"": null,
    ""openssl_version"": null,
    ""setuptools_version"": null,
    ""rustc_version"": null,
    ""ci"": null
  }
}",TLSv1.3,TLS_AES_128_GCM_SHA256,"{
  ""http"": null
}"
2026-08-31 17:59:49.000000 UTC,US,/packages/a2/5f/23bd586ecb21273b41b5aa4b16fd88b7fecb53ed48d897273651c0c3d66f/duckdb-1.4.4-cp310-cp310-manylinux_2_26_x86_64.manylinux_2_28_x86_64.whl,duckdb,"{
  ""file"": {
    ""filename"": ""duckdb-1.4.4-cp310-cp310-manylinux_2_26_x86_64.manylinux_2_28_x86_64.whl"",
    ""project"": ""duckdb"",
    ""version"": ""1.4.4"",
    ""type"": ""bdist_wheel""
  }
}","{
  ""details"": {
    ""installer"": {
      ""name"": ""poetry"",
      ""version"": ""2.1.1"",
      ""subcommand"": null
    },
    ""python"": null,
    ""implementation"": {
      ""name"": ""CPython"",
      ""version"": ""3.10.16""
    },
    ""distro"": null,
    ""system"": {
      ""name"": ""Linux"",
      ""release"": ""6.17.0-1022-azure""
    },
    ""cpu"": null,
    ""openssl_version"": null,
    ""setuptools_version"": null,
    ""rustc_version"": null,
    ""ci"": null
  }
}",TLSv1.3,TLS_AES_128_GCM_SHA256,"{
  ""http"": null
}"
2026-08-31 17:59:25.000000 UTC,US,/packages/a2/5f/23bd586ecb21273b41b5aa4b16fd88b7fecb53ed48d897273651c0c3d66f/duckdb-1.4.4-cp310-cp310-manylinux_2_26_x86_64.manylinux_2_28_x86_64.whl,duckdb,"{
  ""file"": {
    ""filename"": ""duckdb-1.4.4-cp310-cp310-manylinux_2_26_x86_64.manylinux_2_28_x86_64.whl"",
    ""project"": ""duckdb"",
    ""version"": ""1.4.4"",
    ""type"": ""bdist_wheel""
  }
}","{
  ""details"": {
    ""installer"": {
      ""name"": ""poetry"",
      ""version"": ""2.1.1"",
      ""subcommand"": null
    },
    ""python"": null,
    ""implementation"": {
      ""name"": ""CPython"",
      ""version"": ""3.10.21""
    },
    ""distro"": null,
    ""system"": {
      ""name"": ""Linux"",
      ""release"": ""6.17.0-1022-azure""
    },
    ""cpu"": null,
    ""openssl_version"": null,
    ""setuptools_version"": null,
    ""rustc_version"": null,
    ""ci"": null
  }
}",TLSv1.3,TLS_AES_128_GCM_SHA256,"{
  ""http"": null
}"
2026-08-31 18:05:25.000000 UTC,US,/packages/a2/5f/23bd586ecb21273b41b5aa4b16fd88b7fecb53ed48d897273651c0c3d66f/duckdb-1.4.4-cp310-cp310-manylinux_2_26_x86_64.manylinux_2_28_x86_64.whl,duckdb,"{
  ""file"": {
    ""filename"": ""duckdb-1.4.4-cp310-cp310-manylinux_2_26_x86_64.manylinux_2_28_x86_64.whl"",
    ""project"": ""duckdb"",
    ""version"": ""1.4.4"",
    ""type"": ""bdist_wheel""
  }
}","{
  ""details"": {
    ""installer"": {
      ""name"": ""poetry"",
      ""version"": ""2.1.1"",
      ""subcommand"": null
    },
    ""python"": null,
    ""implementation"": {
      ""name"": ""CPython"",
      ""version"": ""3.10.21""
    },
    ""distro"": null,
    ""system"": {
      ""name"": ""Linux"",
      ""release"": ""6.17.0-1022-azure""
    },
    ""cpu"": null,
    ""openssl_version"": null,
    ""setuptools_version"": null,
    ""rustc_version"": null,
    ""ci"": null
  }
}",TLSv1.3,TLS_AES_128_GCM_SHA256,"{
  ""http"": null
}"
2026-08-31 17:58:43.000000 UTC,BR,/packages/8b/d0/4ce78bf341c930d4a22a56cb686bfc2c975eaf25f653a7ac25e3929d98bb/duckdb-1.4.4-cp310-cp310-win_amd64.whl,duckdb,"{
  ""file"": {
    ""filename"": ""duckdb-1.4.4-cp310-cp310-win_amd64.whl"",
    ""project"": ""duckdb"",
    ""version"": ""1.4.4"",
    ""type"": ""bdist_wheel""
  }
}","{
  ""details"": {
    ""installer"": {
      ""name"": ""pip"",
      ""version"": ""23.0.1"",
      ""subcommand"": null
    },
    ""python"": ""3.10.13"",
    ""implementation"": {
      ""name"": ""CPython"",
      ""version"": ""3.10.13""
    },
    ""distro"": null,
    ""system"": {
      ""name"": ""Windows"",
      ""release"": ""10""
    },
    ""cpu"": ""AMD64"",
    ""openssl_version"": ""OpenSSL 3.0.13 30 Jan 2024"",
    ""setuptools_version"": ""65.5.0"",
    ""rustc_version"": null,
    ""ci"": null
  }
}",TLSv1.3,TLS_AES_128_GCM_SHA256,"{
  ""http"": null
}"
2026-08-31 18:00:40.000000 UTC,AU,/packages/11/64/de2bb4ec1e35ec9ebf6090a95b930fc56934a0ad6f34a24c5972a14a77ef/duckdb-1.4.4-cp311-cp311-manylinux_2_26_aarch64.manylinux_2_28_aarch64.whl,duckdb,"{
  ""file"": {
    ""filename"": ""duckdb-1.4.4-cp311-cp311-manylinux_2_26_aarch64.manylinux_2_28_aarch64.whl"",
    ""project"": ""duckdb"",
    ""version"": ""1.4.4"",
    ""type"": ""bdist_wheel""
  }
}","{
  ""details"": {
    ""installer"": {
      ""name"": ""poetry"",
      ""version"": ""2.1.1"",
      ""subcommand"": null
    },
    ""python"": null,
    ""implementation"": {
      ""name"": ""CPython"",
      ""version"": ""3.11.11""
    },
    ""distro"": null,
    ""system"": {
      ""name"": ""Linux"",
      ""release"": ""6.6.143.1-1.azl3""
    },
    ""cpu"": null,
    ""openssl_version"": null,
    ""setuptools_version"": null,
    ""rustc_version"": null,
    ""ci"": null
  }
}",TLSv1.3,TLS_AES_128_GCM_SHA256,"{
  ""http"": null
}"
2026-08-31 18:00:42.000000 UTC,AU,/packages/11/64/de2bb4ec1e35ec9ebf6090a95b930fc56934a0ad6f34a24c5972a14a77ef/duckdb-1.4.4-cp311-cp311-manylinux_2_26_aarch64.manylinux_2_28_aarch64.whl,duckdb,"{
  ""file"": {
    ""filename"": ""duckdb-1.4.4-cp311-cp311-manylinux_2_26_aarch64.manylinux_2_28_aarch64.whl"",
    ""project"": ""duckdb"",
    ""version"": ""1.4.4"",
    ""type"": ""bdist_wheel""
  }
}","{
  ""details"": {
    ""installer"": {
      ""name"": ""poetry"",
      ""version"": ""2.1.1"",
      ""subcommand"": null
    },
    ""python"": null,
    ""implementation"": {
      ""name"": ""CPython"",
      ""version"": ""3.11.11""
    },
    ""distro"": null,
    ""system"": {
      ""name"": ""Linux"",
      ""release"": ""6.6.143.1-1.azl3""
    },
    ""cpu"": null,
    ""openssl_version"": null,
    ""setuptools_version"": null,
    ""rustc_version"": null,
    ""ci"": null
  }
}",TLSv1.3,TLS_AES_128_GCM_SHA256,"{
  ""http"": null
}"
2026-08-31 18:00:42.000000 UTC,AU,/packages/11/64/de2bb4ec1e35ec9ebf6090a95b930fc56934a0ad6f34a24c5972a14a77ef/duckdb-1.4.4-cp311-cp311-manylinux_2_26_aarch64.manylinux_2_28_aarch64.whl,duckdb,"{
  ""file"": {
    ""filename"": ""duckdb-1.4.4-cp311-cp311-manylinux_2_26_aarch64.manylinux_2_28_aarch64.whl"",
    ""project"": ""duckdb"",
    ""version"": ""1.4.4"",
    ""type"": ""bdist_wheel""
  }
}","{
  ""details"": {
    ""installer"": {
      ""name"": ""poetry"",
      ""version"": ""2.1.1"",
      ""subcommand"": null
    },
    ""python"": null,
    ""implementation"": {
      ""name"": ""CPython"",
      ""version"": ""3.11.11""
    },
    ""distro"": null,
    ""system"": {
      ""name"": ""Linux"",
      ""release"": ""6.6.143.1-1.azl3""
    },
    ""cpu"": null,
    ""openssl_version"": null,
    ""setuptools_version"": null,
    ""rustc_version"": null,
    ""ci"": null
  }
}",TLSv1.3,TLS_AES_128_GCM_SHA256,"{
  ""http"": null
}"
2026-08-31 18:00:39.000000 UTC,AU,/packages/11/64/de2bb4ec1e35ec9ebf6090a95b930fc56934a0ad6f34a24c5972a14a77ef/duckdb-1.4.4-cp311-cp311-manylinux_2_26_aarch64.manylinux_2_28_aarch64.whl,duckdb,"{
  ""file"": {
    ""filename"": ""duckdb-1.4.4-cp311-cp311-manylinux_2_26_aarch64.manylinux_2_28_aarch64.whl"",
    ""project"": ""duckdb"",
    ""version"": ""1.4.4"",
    ""type"": ""bdist_wheel""
  }
}","{
  ""details"": {
    ""installer"": {
      ""name"": ""poetry"",
      ""version"": ""2.1.1"",
      ""subcommand"": null
    },
    ""python"": null,
    ""implementation"": {
      ""name"": ""CPython"",
      ""version"": ""3.11.11""
    },
    ""distro"": null,
    ""system"": {
      ""name"": ""Linux"",
      ""release"": ""6.6.143.1-1.azl3""
    },
    ""cpu"": null,
    ""openssl_version"": null,
    ""setuptools_version"": null,
    ""rustc_version"": null,
    ""ci"": null
  }
}",TLSv1.3,TLS_AES_128_GCM_SHA256,"{
  ""http"": null
}"
2026-08-31 18:01:59.000000 UTC,US,/packages/79/a2/ac0f5ee16df890d141304bcd48733516b7202c0de34cd3555634d6eb4551/duckdb-1.4.4-cp311-cp311-manylinux_2_26_x86_64.manylinux_2_28_x86_64.whl,duckdb,"{
  ""file"": {
    ""filename"": ""duckdb-1.4.4-cp311-cp311-manylinux_2_26_x86_64.manylinux_2_28_x86_64.whl"",
    ""project"": ""duckdb"",
    ""version"": ""1.4.4"",
    ""type"": ""bdist_wheel""
  }
}","{
  ""details"": {
    ""installer"": {
      ""name"": ""poetry"",
      ""version"": ""2.4.2"",
      ""subcommand"": null
    },
    ""python"": null,
    ""implementation"": {
      ""name"": ""CPython"",
      ""version"": ""3.11.16""
    },
    ""distro"": null,
    ""system"": {
      ""name"": ""Linux"",
      ""release"": ""6.17.0-1022-azure""
    },
    ""cpu"": null,
    ""openssl_version"": null,
    ""setuptools_version"": null,
    ""rustc_version"": null,
    ""ci"": null
  }
}",TLSv1.3,TLS_AES_128_GCM_SHA256,"{
  ""http"": null
}"
2026-08-31 17:59:59.000000 UTC,US,/packages/79/a2/ac0f5ee16df890d141304bcd48733516b7202c0de34cd3555634d6eb4551/duckdb-1.4.4-cp311-cp311-manylinux_2_26_x86_64.manylinux_2_28_x86_64.whl,duckdb,"{
  ""file"": {
    ""filename"": ""duckdb-1.4.4-cp311-cp311-manylinux_2_26_x86_64.manylinux_2_28_x86_64.whl"",
    ""project"": ""duckdb"",
    ""version"": ""1.4.4"",
    ""type"": ""bdist_wheel""
  }
}","{
  ""details"": null
}",TLSv1.3,TLS_AES_128_GCM_SHA256,"{
  ""http"": null
}"
2026-08-31 18:05:10.000000 UTC,US,/packages/79/a2/ac0f5ee16df890d141304bcd48733516b7202c0de34cd3555634d6eb4551/duckdb-1.4.4-cp311-cp311-manylinux_2_26_x86_64.manylinux_2_28_x86_64.whl,duckdb,"{
  ""file"": {
    ""filename"": ""duckdb-1.4.4-cp311-cp311-manylinux_2_26_x86_64.manylinux_2_28_x86_64.whl"",
    ""project"": ""duckdb"",
    ""version"": ""1.4.4"",
    ""type"": ""bdist_wheel""
  }
}","{
  ""details"": {
    ""installer"": {
      ""name"": ""poetry"",
      ""version"": ""2.1.0"",
      ""subcommand"": null
    },
    ""python"": null,
    ""implementation"": {
      ""name"": ""CPython"",
      ""version"": ""3.11.16""
    },
    ""distro"": null,
    ""system"": {
      ""name"": ""Linux"",
      ""release"": ""6.17.0-1022-azure""
    },
    ""cpu"": null,
    ""openssl_version"": null,
    ""setuptools_version"": null,
    ""rustc_version"": null,
    ""ci"": null
  }
}",TLSv1.3,TLS_AES_128_GCM_SHA256,"{
  ""http"": null
}"
2026-08-31 18:01:27.000000 UTC,US,/packages/79/a2/ac0f5ee16df890d141304bcd48733516b7202c0de34cd3555634d6eb4551/duckdb-1.4.4-cp311-cp311-manylinux_2_26_x86_64.manylinux_2_28_x86_64.whl,duckdb,"{
  ""file"": {
    ""filename"": ""duckdb-1.4.4-cp311-cp311-manylinux_2_26_x86_64.manylinux_2_28_x86_64.whl"",
    ""project"": ""duckdb"",
    ""version"": ""1.4.4"",
    ""type"": ""bdist_wheel""
  }
}","{
  ""details"": {
    ""installer"": {
      ""name"": ""poetry"",
      ""version"": ""2.4.2"",
      ""subcommand"": null
    },
    ""python"": null,
    ""implementation"": {
      ""name"": ""CPython"",
      ""version"": ""3.11.16""
    },
    ""distro"": null,
    ""system"": {
      ""name"": ""Linux"",
      ""release"": ""6.17.0-1022-azure""
    },
    ""cpu"": null,
    ""openssl_version"": null,
    ""setuptools_version"": null,
    ""rustc_version"": null,
    ""ci"": null
  }
}",TLSv1.3,TLS_AES_128_GCM_SHA256,"{
  ""http"": null
}"
2026-08-31 17:58:21.000000 UTC,US,/packages/79/a2/ac0f5ee16df890d141304bcd48733516b7202c0de34cd3555634d6eb4551/duckdb-1.4.4-cp311-cp311-manylinux_2_26_x86_64.manylinux_2_28_x86_64.whl,duckdb,"{
  ""file"": {
    ""filename"": ""duckdb-1.4.4-cp311-cp311-manylinux_2_26_x86_64.manylinux_2_28_x86_64.whl"",
    ""project"": ""duckdb"",
    ""version"": ""1.4.4"",
    ""type"": ""bdist_wheel""
  }
}","{
  ""details"": {
    ""installer"": {
      ""name"": ""poetry"",
      ""version"": ""2.4.2"",
      ""subcommand"": null
    },
    ""python"": null,
    ""implementation"": {
      ""name"": ""CPython"",
      ""version"": ""3.12.3""
    },
    ""distro"": null,
    ""system"": {
      ""name"": ""Linux"",
      ""release"": ""6.17.0-1022-azure""
    },
    ""cpu"": null,
    ""openssl_version"": null,
    ""setuptools_version"": null,
    ""rustc_version"": null,
    ""ci"": null
  }
}",TLSv1.3,TLS_AES_128_GCM_SHA256,"{
  ""http"": null
}"
2026-08-31 18:01:23.000000 UTC,US,/packages/79/a2/ac0f5ee16df890d141304bcd48733516b7202c0de34cd3555634d6eb4551/duckdb-1.4.4-cp311-cp311-manylinux_2_26_x86_64.manylinux_2_28_x86_64.whl,duckdb,"{
  ""file"": {
    ""filename"": ""duckdb-1.4.4-cp311-cp311-manylinux_2_26_x86_64.manylinux_2_28_x86_64.whl"",
    ""project"": ""duckdb"",
    ""version"": ""1.4.4"",
    ""type"": ""bdist_wheel""
  }
}","{
  ""details"": {
    ""installer"": {
      ""name"": ""poetry"",
      ""version"": ""2.4.2"",
      ""subcommand"": null
    },
    ""python"": null,
    ""implementation"": {
      ""name"": ""CPython"",
      ""version"": ""3.11.16""
    },
    ""distro"": null,
    ""system"": {
      ""name"": ""Linux"",
      ""release"": ""6.17.0-1022-azure""
    },
    ""cpu"": null,
    ""openssl_version"": null,
    ""setuptools_version"": null,
    ""rustc_version"": null,
    ""ci"": null
  }
}",TLSv1.3,TLS_AES_128_GCM_SHA256,"{
  ""http"": null
}"
2026-08-31 18:06:08.000000 UTC,IE,/packages/79/a2/ac0f5ee16df890d141304bcd48733516b7202c0de34cd3555634d6eb4551/duckdb-1.4.4-cp311-cp311-manylinux_2_26_x86_64.manylinux_2_28_x86_64.whl,duckdb,"{
  ""file"": {
    ""filename"": ""duckdb-1.4.4-cp311-cp311-manylinux_2_26_x86_64.manylinux_2_28_x86_64.whl"",
    ""project"": ""duckdb"",
    ""version"": ""1.4.4"",
    ""type"": ""bdist_wheel""
  }
}","{
  ""details"": {
    ""installer"": {
      ""name"": ""poetry"",
      ""version"": ""1.8.3"",
      ""subcommand"": null
    },
    ""python"": null,
    ""implementation"": {
      ""name"": ""CPython"",
      ""version"": ""3.11.7""
    },
    ""distro"": null,
    ""system"": {
      ""name"": ""Linux"",
      ""release"": ""6.12.100-125.179.amzn2023.x86_64""
    },
    ""cpu"": null,
    ""openssl_version"": null,
    ""setuptools_version"": null,
    ""rustc_version"": null,
    ""ci"": null
  }
}",TLSv1.3,TLS_AES_128_GCM_SHA256,"{
  ""http"": null
}"
2026-08-31 18:06:09.000000 UTC,IE,/packages/79/a2/ac0f5ee16df890d141304bcd48733516b7202c0de34cd3555634d6eb4551/duckdb-1.4.4-cp311-cp311-manylinux_2_26_x86_64.manylinux_2_28_x86_64.whl,duckdb,"{
  ""file"": {
    ""filename"": ""duckdb-1.4.4-cp311-cp311-manylinux_2_26_x86_64.manylinux_2_28_x86_64.whl"",
    ""project"": ""duckdb"",
    ""version"": ""1.4.4"",
    ""type"": ""bdist_wheel""
  }
}","{
  ""details"": {
    ""installer"": {
      ""name"": ""poetry"",
      ""version"": ""1.8.3"",
      ""subcommand"": null
    },
    ""python"": null,
    ""implementation"": {
      ""name"": ""CPython"",
      ""version"": ""3.11.7""
    },
    ""distro"": null,
    ""system"": {
      ""name"": ""Linux"",
      ""release"": ""6.12.100-125.179.amzn2023.x86_64""
    },
    ""cpu"": null,
    ""openssl_version"": null,
    ""setuptools_version"": null,
    ""rustc_version"": null,
    ""ci"": null
  }
}",TLSv1.3,TLS_AES_128_GCM_SHA256,"{
  ""http"": null
}"
2026-08-31 17:56:55.000000 UTC,US,/packages/79/a2/ac0f5ee16df890d141304bcd48733516b7202c0de34cd3555634d6eb4551/duckdb-1.4.4-cp311-cp311-manylinux_2_26_x86_64.manylinux_2_28_x86_64.whl,duckdb,"{
  ""file"": {
    ""filename"": ""duckdb-1.4.4-cp311-cp311-manylinux_2_26_x86_64.manylinux_2_28_x86_64.whl"",
    ""project"": ""duckdb"",
    ""version"": ""1.4.4"",
    ""type"": ""bdist_wheel""
  }
}","{
  ""details"": {
    ""installer"": {
      ""name"": ""poetry"",
      ""version"": ""2.4.2"",
      ""subcommand"": null
    },
    ""python"": null,
    ""implementation"": {
      ""name"": ""CPython"",
      ""version"": ""3.11.16""
    },
    ""distro"": null,
    ""system"": {
      ""name"": ""Linux"",
      ""release"": ""6.17.0-1022-azure""
    },
    ""cpu"": null,
    ""openssl_version"": null,
    ""setuptools_version"": null,
    ""rustc_version"": null,
    ""ci"": null
  }
}",TLSv1.3,TLS_AES_128_GCM_SHA256,"{
  ""http"": null
}"
2026-08-31 18:04:44.000000 UTC,US,/packages/2e/a3/97715bba30040572fb15d02c26f36be988d48bc00501e7ac02b1d65ef9d0/duckdb-1.4.4-cp312-cp312-manylinux_2_26_x86_64.manylinux_2_28_x86_64.whl,duckdb,"{
  ""file"": {
    ""filename"": ""duckdb-1.4.4-cp312-cp312-manylinux_2_26_x86_64.manylinux_2_28_x86_64.whl"",
    ""project"": ""duckdb"",
    ""version"": ""1.4.4"",
    ""type"": ""bdist_wheel""
  }
}","{
  ""details"": {
    ""installer"": {
      ""name"": ""poetry"",
      ""version"": ""2.3.2"",
      ""subcommand"": null
    },
    ""python"": null,
    ""implementation"": {
      ""name"": ""CPython"",
      ""version"": ""3.12.13""
    },
    ""distro"": null,
    ""system"": {
      ""name"": ""Linux"",
      ""release"": ""4.14.355-284.741.amzn2.x86_64""
    },
    ""cpu"": null,
    ""openssl_version"": null,
    ""setuptools_version"": null,
    ""rustc_version"": null,
    ""ci"": null
  }
}",TLSv1.3,TLS_AES_128_GCM_SHA256,"{
  ""http"": null
}"
2026-08-31 18:04:54.000000 UTC,US,/packages/2e/a3/97715bba30040572fb15d02c26f36be988d48bc00501e7ac02b1d65ef9d0/duckdb-1.4.4-cp312-cp312-manylinux_2_26_x86_64.manylinux_2_28_x86_64.whl,duckdb,"{
  ""file"": {
    ""filename"": ""duckdb-1.4.4-cp312-cp312-manylinux_2_26_x86_64.manylinux_2_28_x86_64.whl"",
    ""project"": ""duckdb"",
    ""version"": ""1.4.4"",
    ""type"": ""bdist_wheel""
  }
}","{
  ""details"": {
    ""installer"": {
      ""name"": ""poetry"",
      ""version"": ""2.3.2"",
      ""subcommand"": null
    },
    ""python"": null,
    ""implementation"": {
      ""name"": ""CPython"",
      ""version"": ""3.12.14""
    },
    ""distro"": null,
    ""system"": {
      ""name"": ""Linux"",
      ""release"": ""6.17.0-1022-azure""
    },
    ""cpu"": null,
    ""openssl_version"": null,
    ""setuptools_version"": null,
    ""rustc_version"": null,
    ""ci"": null
  }
}",TLSv1.3,TLS_AES_128_GCM_SHA256,"{
  ""http"": null
}"
2026-08-31 17:59:13.000000 UTC,US,/packages/2e/a3/97715bba30040572fb15d02c26f36be988d48bc00501e7ac02b1d65ef9d0/duckdb-1.4.4-cp312-cp312-manylinux_2_26_x86_64.manylinux_2_28_x86_64.whl,duckdb,"{
  ""file"": {
    ""filename"": ""duckdb-1.4.4-cp312-cp312-manylinux_2_26_x86_64.manylinux_2_28_x86_64.whl"",
    ""project"": ""duckdb"",
    ""version"": ""1.4.4"",
    ""type"": ""bdist_wheel""
  }
}","{
  ""details"": {
    ""installer"": {
      ""name"": ""poetry"",
      ""version"": ""2.4.2"",
      ""subcommand"": null
    },
    ""python"": null,
    ""implementation"": {
      ""name"": ""CPython"",
      ""version"": ""3.12.12""
    },
    ""distro"": null,
    ""system"": {
      ""name"": ""Linux"",
      ""release"": ""6.17.0-1022-azure""
    },
    ""cpu"": null,
    ""openssl_version"": null,
    ""setuptools_version"": null,
    ""rustc_version"": null,
    ""ci"": null
  }
}",TLSv1.3,TLS_AES_128_GCM_SHA256,"{
  ""http"": null
}"
2026-08-31 18:04:13.000000 UTC,US,/packages/2e/a3/97715bba30040572fb15d02c26f36be988d48bc00501e7ac02b1d65ef9d0/duckdb-1.4.4-cp312-cp312-manylinux_2_26_x86_64.manylinux_2_28_x86_64.whl,duckdb,"{
  ""file"": {
    ""filename"": ""duckdb-1.4.4-cp312-cp312-manylinux_2_26_x86_64.manylinux_2_28_x86_64.whl"",
    ""project"": ""duckdb"",
    ""version"": ""1.4.4"",
    ""type"": ""bdist_wheel""
  }
}","{
  ""details"": {
    ""installer"": {
      ""name"": ""poetry"",
      ""version"": ""2.3.2"",
      ""subcommand"": null
    },
    ""python"": null,
    ""implementation"": {
      ""name"": ""CPython"",
      ""version"": ""3.12.14""
    },
    ""distro"": null,
    ""system"": {
      ""name"": ""Linux"",
      ""release"": ""6.17.0-1022-azure""
    },
    ""cpu"": null,
    ""openssl_version"": null,
    ""setuptools_version"": null,
    ""rustc_version"": null,
    ""ci"": null
  }
}",TLSv1.3,TLS_AES_128_GCM_SHA256,"{
  ""http"": null
}"
2026-08-31 18:02:27.000000 UTC,US,/packages/2e/a3/97715bba30040572fb15d02c26f36be988d48bc00501e7ac02b1d65ef9d0/duckdb-1.4.4-cp312-cp312-manylinux_2_26_x86_64.manylinux_2_28_x86_64.whl,duckdb,"{
  ""file"": {
    ""filename"": ""duckdb-1.4.4-cp312-cp312-manylinux_2_26_x86_64.manylinux_2_28_x86_64.whl"",
    ""project"": ""duckdb"",
    ""version"": ""1.4.4"",
    ""type"": ""bdist_wheel""
  }
}","{
  ""details"": {
    ""installer"": {
      ""name"": ""poetry"",
      ""version"": ""1.8.2"",
      ""subcommand"": null
    },
    ""python"": null,
    ""implementation"": {
      ""name"": ""CPython"",
      ""version"": ""3.9.21""
    },
    ""distro"": null,
    ""system"": {
      ""name"": ""Linux"",
      ""release"": ""6.12.94+""
    },
    ""cpu"": null,
    ""openssl_version"": null,
    ""setuptools_version"": null,
    ""rustc_version"": null,
    ""ci"": null
  }
}",TLSv1.3,TLS_AES_128_GCM_SHA256,"{
  ""http"": null
}"
2026-08-31 18:06:53.000000 UTC,IE,/packages/2e/a3/97715bba30040572fb15d02c26f36be988d48bc00501e7ac02b1d65ef9d0/duckdb-1.4.4-cp312-cp312-manylinux_2_26_x86_64.manylinux_2_28_x86_64.whl,duckdb,"{
  ""file"": {
    ""filename"": ""duckdb-1.4.4-cp312-cp312-manylinux_2_26_x86_64.manylinux_2_28_x86_64.whl"",
    ""project"": ""duckdb"",
    ""version"": ""1.4.4"",
    ""type"": ""bdist_wheel""
  }
}","{
  ""details"": {
    ""installer"": {
      ""name"": ""poetry"",
      ""version"": ""2.4.2"",
      ""subcommand"": null
    },
    ""python"": null,
    ""implementation"": {
      ""name"": ""CPython"",
      ""version"": ""3.12.3""
    },
    ""distro"": null,
    ""system"": {
      ""name"": ""Linux"",
      ""release"": ""6.12.100-125.179.amzn2023.x86_64""
    },
    ""cpu"": null,
    ""openssl_version"": null,
    ""setuptools_version"": null,
    ""rustc_version"": null,
    ""ci"": null
  }
}",TLSv1.3,TLS_AES_128_GCM_SHA256,"{
  ""http"": null
}"
2026-08-31 17:59:24.000000 UTC,US,/packages/2e/a3/97715bba30040572fb15d02c26f36be988d48bc00501e7ac02b1d65ef9d0/duckdb-1.4.4-cp312-cp312-manylinux_2_26_x86_64.manylinux_2_28_x86_64.whl,duckdb,"{
  ""file"": {
    ""filename"": ""duckdb-1.4.4-cp312-cp312-manylinux_2_26_x86_64.manylinux_2_28_x86_64.whl"",
    ""project"": ""duckdb"",
    ""version"": ""1.4.4"",
    ""type"": ""bdist_wheel""
  }
}","{
  ""details"": {
    ""installer"": {
      ""name"": ""Nexus"",
      ""version"": ""3.94.1-06"",
      ""subcommand"": null
    },
    ""python"": null,
    ""implementation"": null,
    ""distro"": null,
    ""system"": null,
    ""cpu"": null,
    ""openssl_version"": null,
    ""setuptools_version"": null,
    ""rustc_version"": null,
    ""ci"": null
  }
}",TLSv1.3,TLS_AES_128_GCM_SHA256,"{
  ""http"": null
}"
2026-08-31 18:00:04.000000 UTC,NL,/packages/2e/a3/97715bba30040572fb15d02c26f36be988d48bc00501e7ac02b1d65ef9d0/duckdb-1.4.4-cp312-cp312-manylinux_2_26_x86_64.manylinux_2_28_x86_64.whl,duckdb,"{
  ""file"": {
    ""filename"": ""duckdb-1.4.4-cp312-cp312-manylinux_2_26_x86_64.manylinux_2_28_x86_64.whl"",
    ""project"": ""duckdb"",
    ""version"": ""1.4.4"",
    ""type"": ""bdist_wheel""
  }
}","{
  ""details"": {
    ""installer"": {
      ""name"": ""poetry"",
      ""version"": ""2.1.4"",
      ""subcommand"": null
    },
    ""python"": null,
    ""implementation"": {
      ""name"": ""CPython"",
      ""version"": ""3.12.14""
    },
    ""distro"": null,
    ""system"": {
      ""name"": ""Linux"",
      ""release"": ""6.14.0-1017-azure""
    },
    ""cpu"": null,
    ""openssl_version"": null,
    ""setuptools_version"": null,
    ""rustc_version"": null,
    ""ci"": null
  }
}",TLSv1.3,TLS_AES_128_GCM_SHA256,"{
  ""http"": null
}"
2026-08-31 18:05:11.000000 UTC,US,/packages/2e/a3/97715bba30040572fb15d02c26f36be988d48bc00501e7ac02b1d65ef9d0/duckdb-1.4.4-cp312-cp312-manylinux_2_26_x86_64.manylinux_2_28_x86_64.whl,duckdb,"{
  ""file"": {
    ""filename"": ""duckdb-1.4.4-cp312-cp312-manylinux_2_26_x86_64.manylinux_2_28_x86_64.whl"",
    ""project"": ""duckdb"",
    ""version"": ""1.4.4"",
    ""type"": ""bdist_wheel""
  }
}","{
  ""details"": {
    ""installer"": {
      ""name"": ""poetry"",
      ""version"": ""2.3.2"",
      ""subcommand"": null
    },
    ""python"": null,
    ""implementation"": {
      ""name"": ""CPython"",
      ""version"": ""3.12.13""
    },
    ""distro"": null,
    ""system"": {
      ""name"": ""Linux"",
      ""release"": ""6.17.0-1022-azure""
    },
    ""cpu"": null,
    ""openssl_version"": null,
    ""setuptools_version"": null,
    ""rustc_version"": null,
    ""ci"": null
  }
}",TLSv1.3,TLS_AES_128_GCM_SHA256,"{
  ""http"": null
}"
2026-08-31 18:04:22.000000 UTC,US,/packages/2e/a3/97715bba30040572fb15d02c26f36be988d48bc00501e7ac02b1d65ef9d0/duckdb-1.4.4-cp312-cp312-manylinux_2_26_x86_64.manylinux_2_28_x86_64.whl,duckdb,"{
  ""file"": {
    ""filename"": ""duckdb-1.4.4-cp312-cp312-manylinux_2_26_x86_64.manylinux_2_28_x86_64.whl"",
    ""project"": ""duckdb"",
    ""version"": ""1.4.4"",
    ""type"": ""bdist_wheel""
  }
}","{
  ""details"": {
    ""installer"": {
      ""name"": ""Nexus"",
      ""version"": ""3.94.1-06"",
      ""subcommand"": null
    },
    ""python"": null,
    ""implementation"": null,
    ""distro"": null,
    ""system"": null,
    ""cpu"": null,
    ""openssl_version"": null,
    ""setuptools_version"": null,
    ""rustc_version"": null,
    ""ci"": null
  }
}",TLSv1.3,TLS_AES_128_GCM_SHA256,"{
  ""http"": null
}"
2026-08-31 18:00:49.000000 UTC,US,/packages/2e/a3/97715bba30040572fb15d02c26f36be988d48bc00501e7ac02b1d65ef9d0/duckdb-1.4.4-cp312-cp312-manylinux_2_26_x86_64.manylinux_2_28_x86_64.whl,duckdb,"{
  ""file"": {
    ""filename"": ""duckdb-1.4.4-cp312-cp312-manylinux_2_26_x86_64.manylinux_2_28_x86_64.whl"",
    ""project"": ""duckdb"",
    ""version"": ""1.4.4"",
    ""type"": ""bdist_wheel""
  }
}","{
  ""details"": {
    ""installer"": {
      ""name"": ""Nexus"",
      ""version"": ""3.94.1-06"",
      ""subcommand"": null
    },
    ""python"": null,
    ""implementation"": null,
    ""distro"": null,
    ""system"": null,
    ""cpu"": null,
    ""openssl_version"": null,
    ""setuptools_version"": null,
    ""rustc_version"": null,
    ""ci"": null
  }
}",TLSv1.3,TLS_AES_128_GCM_SHA256,"{
  ""http"": null
}"
2026-08-31 17:57:58.000000 UTC,US,/packages/2e/a3/97715bba30040572fb15d02c26f36be988d48bc00501e7ac02b1d65ef9d0/duckdb-1.4.4-cp312-cp312-manylinux_2_26_x86_64.manylinux_2_28_x86_64.whl,duckdb,"{
  ""file"": {
    ""filename"": ""duckdb-1.4.4-cp312-cp312-manylinux_2_26_x86_64.manylinux_2_28_x86_64.whl"",
    ""project"": ""duckdb"",
    ""version"": ""1.4.4"",
    ""type"": ""bdist_wheel""
  }
}","{
  ""details"": {
    ""installer"": {
      ""name"": ""poetry"",
      ""version"": ""2.4.2"",
      ""subcommand"": null
    },
    ""python"": null,
    ""implementation"": {
      ""name"": ""CPython"",
      ""version"": ""3.12.12""
    },
    ""distro"": null,
    ""system"": {
      ""name"": ""Linux"",
      ""release"": ""6.17.0-1022-azure""
    },
    ""cpu"": null,
    ""openssl_version"": null,
    ""setuptools_version"": null,
    ""rustc_version"": null,
    ""ci"": null
  }
}",TLSv1.3,TLS_AES_128_GCM_SHA256,"{
  ""http"": null
}"
2026-08-31 18:00:18.000000 UTC,US,/packages/2e/a3/97715bba30040572fb15d02c26f36be988d48bc00501e7ac02b1d65ef9d0/duckdb-1.4.4-cp312-cp312-manylinux_2_26_x86_64.manylinux_2_28_x86_64.whl,duckdb,"{
  ""file"": {
    ""filename"": ""duckdb-1.4.4-cp312-cp312-manylinux_2_26_x86_64.manylinux_2_28_x86_64.whl"",
    ""project"": ""duckdb"",
    ""version"": ""1.4.4"",
    ""type"": ""bdist_wheel""
  }
}","{
  ""details"": {
    ""installer"": {
      ""name"": ""poetry"",
      ""version"": ""2.1.3"",
      ""subcommand"": null
    },
    ""python"": null,
    ""implementation"": {
      ""name"": ""CPython"",
      ""version"": ""3.12.14""
    },
    ""distro"": null,
    ""system"": {
      ""name"": ""Linux"",
      ""release"": ""6.17.0-1022-azure""
    },
    ""cpu"": null,
    ""openssl_version"": null,
    ""setuptools_version"": null,
    ""rustc_version"": null,
    ""ci"": null
  }
}",TLSv1.3,TLS_AES_128_GCM_SHA256,"{
  ""http"": null
}"
2026-08-31 18:06:44.000000 UTC,IE,/packages/2e/a3/97715bba30040572fb15d02c26f36be988d48bc00501e7ac02b1d65ef9d0/duckdb-1.4.4-cp312-cp312-manylinux_2_26_x86_64.manylinux_2_28_x86_64.whl,duckdb,"{
  ""file"": {
    ""filename"": ""duckdb-1.4.4-cp312-cp312-manylinux_2_26_x86_64.manylinux_2_28_x86_64.whl"",
    ""project"": ""duckdb"",
    ""version"": ""1.4.4"",
    ""type"": ""bdist_wheel""
  }
}","{
  ""details"": {
    ""installer"": {
      ""name"": ""poetry"",
      ""version"": ""2.4.2"",
      ""subcommand"": null
    },
    ""python"": null,
    ""implementation"": {
      ""name"": ""CPython"",
      ""version"": ""3.12.3""
    },
    ""distro"": null,
    ""system"": {
      ""name"": ""Linux"",
      ""release"": ""6.12.100-125.179.amzn2023.x86_64""
    },
    ""cpu"": null,
    ""openssl_version"": null,
    ""setuptools_version"": null,
    ""rustc_version"": null,
    ""ci"": null
  }
}",TLSv1.3,TLS_AES_128_GCM_SHA256,"{
  ""http"": null
}"
2026-08-31 18:07:04.000000 UTC,US,/packages/2e/a3/97715bba30040572fb15d02c26f36be988d48bc00501e7ac02b1d65ef9d0/duckdb-1.4.4-cp312-cp312-manylinux_2_26_x86_64.manylinux_2_28_x86_64.whl,duckdb,"{
  ""file"": {
    ""filename"": ""duckdb-1.4.4-cp312-cp312-manylinux_2_26_x86_64.manylinux_2_28_x86_64.whl"",
    ""project"": ""duckdb"",
    ""version"": ""1.4.4"",
    ""type"": ""bdist_wheel""
  }
}","{
  ""details"": {
    ""installer"": {
      ""name"": ""poetry"",
      ""version"": ""1.8.2"",
      ""subcommand"": null
    },
    ""python"": null,
    ""implementation"": {
      ""name"": ""CPython"",
      ""version"": ""3.9.21""
    },
    ""distro"": null,
    ""system"": {
      ""name"": ""Linux"",
      ""release"": ""6.12.94+""
    },
    ""cpu"": null,
    ""openssl_version"": null,
    ""setuptools_version"": null,
    ""rustc_version"": null,
    ""ci"": null
  }
}",TLSv1.3,TLS_AES_128_GCM_SHA256,"{
  ""http"": null
}"
2026-08-31 18:08:38.000000 UTC,US,/packages/53/32/256df3dbaa198c58539ad94f9a41e98c2c8ff23f126b8f5f52c7dcd0a738/duckdb-1.4.4-cp313-cp313-manylinux_2_26_x86_64.manylinux_2_28_x86_64.whl,duckdb,"{
  ""file"": {
    ""filename"": ""duckdb-1.4.4-cp313-cp313-manylinux_2_26_x86_64.manylinux_2_28_x86_64.whl"",
    ""project"": ""duckdb"",
    ""version"": ""1.4.4"",
    ""type"": ""bdist_wheel""
  }
}","{
  ""details"": null
}",TLSv1.3,TLS_AES_128_GCM_SHA256,"{
  ""http"": null
}"
2026-08-31 18:07:39.000000 UTC,US,/packages/53/32/256df3dbaa198c58539ad94f9a41e98c2c8ff23f126b8f5f52c7dcd0a738/duckdb-1.4.4-cp313-cp313-manylinux_2_26_x86_64.manylinux_2_28_x86_64.whl,duckdb,"{
  ""file"": {
    ""filename"": ""duckdb-1.4.4-cp313-cp313-manylinux_2_26_x86_64.manylinux_2_28_x86_64.whl"",
    ""project"": ""duckdb"",
    ""version"": ""1.4.4"",
    ""type"": ""bdist_wheel""
  }
}","{
  ""details"": {
    ""installer"": {
      ""name"": ""poetry"",
      ""version"": ""2.4.1"",
      ""subcommand"": null
    },
    ""python"": null,
    ""implementation"": {
      ""name"": ""CPython"",
      ""version"": ""3.12.13""
    },
    ""distro"": null,
    ""system"": {
      ""name"": ""Linux"",
      ""release"": ""7.1.6-1rodete1-amd64""
    },
    ""cpu"": null,
    ""openssl_version"": null,
    ""setuptools_version"": null,
    ""rustc_version"": null,
    ""ci"": null
  }
}",TLSv1.3,TLS_AES_128_GCM_SHA256,"{
  ""http"": null
}"
2026-08-31 18:03:51.000000 UTC,US,/packages/a4/f0/620323fd87062ea43e527a2d5ed9e55b525e0847c17d3b307094ddab98a2/duckdb-1.4.4-cp313-cp313-win_amd64.whl,duckdb,"{
  ""file"": {
    ""filename"": ""duckdb-1.4.4-cp313-cp313-win_amd64.whl"",
    ""project"": ""duckdb"",
    ""version"": ""1.4.4"",
    ""type"": ""bdist_wheel""
  }
}","{
  ""details"": {
    ""installer"": {
      ""name"": ""uv"",
      ""version"": ""0.10.9"",
      ""subcommand"": ""sync""
    },
    ""python"": ""3.13.15"",
    ""implementation"": {
      ""name"": ""CPython"",
      ""version"": ""3.13.15""
    },
    ""distro"": null,
    ""system"": {
      ""name"": ""Windows"",
      ""release"": ""2025Server""
    },
    ""cpu"": ""AMD64"",
    ""openssl_version"": null,
    ""setuptools_version"": null,
    ""rustc_version"": null,
    ""ci"": ""true""
  }
}",TLSv1.3,TLS_AES_128_GCM_SHA256,"{
  ""http"": null
}"
2026-08-31 18:06:23.000000 UTC,US,/packages/a4/f0/620323fd87062ea43e527a2d5ed9e55b525e0847c17d3b307094ddab98a2/duckdb-1.4.4-cp313-cp313-win_amd64.whl,duckdb,"{
  ""file"": {
    ""filename"": ""duckdb-1.4.4-cp313-cp313-win_amd64.whl"",
    ""project"": ""duckdb"",
    ""version"": ""1.4.4"",
    ""type"": ""bdist_wheel""
  }
}","{
  ""details"": {
    ""installer"": {
      ""name"": ""uv"",
      ""version"": ""0.12.6"",
      ""subcommand"": ""sync""
    },
    ""python"": ""3.13.15"",
    ""implementation"": {
      ""name"": ""CPython"",
      ""version"": ""3.13.15""
    },
    ""distro"": null,
    ""system"": {
      ""name"": ""Windows"",
      ""release"": ""2025Server""
    },
    ""cpu"": ""AMD64"",
    ""openssl_version"": null,
    ""setuptools_version"": null,
    ""rustc_version"": null,
    ""ci"": ""true""
  }
}",TLSv1.3,TLS_AES_128_GCM_SHA256,"{
  ""http"": null
}"
2026-08-31 17:59:36.000000 UTC,DE,/packages/26/0a/6ae31b2914b4dc34243279b2301554bcbc5f1a09ccc82600486c49ab71d1/duckdb-1.4.4-cp314-cp314-manylinux_2_26_x86_64.manylinux_2_28_x86_64.whl,duckdb,"{
  ""file"": {
    ""filename"": ""duckdb-1.4.4-cp314-cp314-manylinux_2_26_x86_64.manylinux_2_28_x86_64.whl"",
    ""project"": ""duckdb"",
    ""version"": ""1.4.4"",
    ""type"": ""bdist_wheel""
  }
}","{
  ""details"": {
    ""installer"": {
      ""name"": ""poetry"",
      ""version"": ""2.4.1"",
      ""subcommand"": null
    },
    ""python"": null,
    ""implementation"": {
      ""name"": ""CPython"",
      ""version"": ""3.14.4""
    },
    ""distro"": null,
    ""system"": {
      ""name"": ""Linux"",
      ""release"": ""6.12.83""
    },
    ""cpu"": null,
    ""openssl_version"": null,
    ""setuptools_version"": null,
    ""rustc_version"": null,
    ""ci"": null
  }
}",TLSv1.3,TLS_AES_128_GCM_SHA256,"{
  ""http"": null
}"
2026-08-31 18:05:38.000000 UTC,US,/packages/26/0a/6ae31b2914b4dc34243279b2301554bcbc5f1a09ccc82600486c49ab71d1/duckdb-1.4.4-cp314-cp314-manylinux_2_26_x86_64.manylinux_2_28_x86_64.whl,duckdb,"{
  ""file"": {
    ""filename"": ""duckdb-1.4.4-cp314-cp314-manylinux_2_26_x86_64.manylinux_2_28_x86_64.whl"",
    ""project"": ""duckdb"",
    ""version"": ""1.4.4"",
    ""type"": ""bdist_wheel""
  }
}","{
  ""details"": {
    ""installer"": {
      ""name"": ""poetry"",
      ""version"": ""2.4.2"",
      ""subcommand"": null
    },
    ""python"": null,
    ""implementation"": {
      ""name"": ""CPython"",
      ""version"": ""3.14.4""
    },
    ""distro"": null,
    ""system"": {
      ""name"": ""Linux"",
      ""release"": ""6.17.0-1022-azure""
    },
    ""cpu"": null,
    ""openssl_version"": null,
    ""setuptools_version"": null,
    ""rustc_version"": null,
    ""ci"": null
  }
}",TLSv1.3,TLS_AES_128_GCM_SHA256,"{
  ""http"": null
}"
2026-08-31 18:06:05.000000 UTC,US,/packages/a1/6d/697bf9688d5c5b470a7210123430661d5f9bd10c9f0aeffa54799de6712d/duckdb-1.4.4-cp39-cp39-manylinux_2_26_x86_64.manylinux_2_28_x86_64.whl,duckdb,"{
  ""file"": {
    ""filename"": ""duckdb-1.4.4-cp39-cp39-manylinux_2_26_x86_64.manylinux_2_28_x86_64.whl"",
    ""project"": ""duckdb"",
    ""version"": ""1.4.4"",
    ""type"": ""bdist_wheel""
  }
}","{
  ""details"": {
    ""installer"": {
      ""name"": ""poetry"",
      ""version"": ""1.8.2"",
      ""subcommand"": null
    },
    ""python"": null,
    ""implementation"": {
      ""name"": ""CPython"",
      ""version"": ""3.9.17""
    },
    ""distro"": null,
    ""system"": {
      ""name"": ""Linux"",
      ""release"": ""7.0.0-1009-aws""
    },
    ""cpu"": null,
    ""openssl_version"": null,
    ""setuptools_version"": null,
    ""rustc_version"": null,
    ""ci"": null
  }
}",TLSv1.3,TLS_AES_128_GCM_SHA256,"{
  ""http"": null
}"
2026-08-31 18:06:44.000000 UTC,US,/packages/a1/6d/697bf9688d5c5b470a7210123430661d5f9bd10c9f0aeffa54799de6712d/duckdb-1.4.4-cp39-cp39-manylinux_2_26_x86_64.manylinux_2_28_x86_64.whl,duckdb,"{
  ""file"": {
    ""filename"": ""duckdb-1.4.4-cp39-cp39-manylinux_2_26_x86_64.manylinux_2_28_x86_64.whl"",
    ""project"": ""duckdb"",
    ""version"": ""1.4.4"",
    ""type"": ""bdist_wheel""
  }
}","{
  ""details"": {
    ""installer"": {
      ""name"": ""poetry"",
      ""version"": ""1.8.2"",
      ""subcommand"": null
    },
    ""python"": null,
    ""implementation"": {
      ""name"": ""CPython"",
      ""version"": ""3.9.17""
    },
    ""distro"": null,
    ""system"": {
      ""name"": ""Linux"",
      ""release"": ""7.0.0-1009-aws""
    },
    ""cpu"": null,
    ""openssl_version"": null,
    ""setuptools_version"": null,
    ""rustc_version"": null,
    ""ci"": null
  }
}",TLSv1.3,TLS_AES_128_GCM_SHA256,"{
  ""http"": null
}"
2026-08-31 18:01:19.000000 UTC,US,/packages/a1/6d/697bf9688d5c5b470a7210123430661d5f9bd10c9f0aeffa54799de6712d/duckdb-1.4.4-cp39-cp39-manylinux_2_26_x86_64.manylinux_2_28_x86_64.whl,duckdb,"{
  ""file"": {
    ""filename"": ""duckdb-1.4.4-cp39-cp39-manylinux_2_26_x86_64.manylinux_2_28_x86_64.whl"",
    ""project"": ""duckdb"",
    ""version"": ""1.4.4"",
    ""type"": ""bdist_wheel""
  }
}","{
  ""details"": {
    ""installer"": {
      ""name"": ""poetry"",
      ""version"": ""1.8.2"",
      ""subcommand"": null
    },
    ""python"": null,
    ""implementation"": {
      ""name"": ""CPython"",
      ""version"": ""3.9.21""
    },
    ""distro"": null,
    ""system"": {
      ""name"": ""Linux"",
      ""release"": ""6.12.94+""
    },
    ""cpu"": null,
    ""openssl_version"": null,
    ""setuptools_version"": null,
    ""rustc_version"": null,
    ""ci"": null
  }
}",TLSv1.3,TLS_AES_128_GCM_SHA256,"{
  ""http"": null
}"
2026-08-31 18:05:55.000000 UTC,US,/packages/a1/6d/697bf9688d5c5b470a7210123430661d5f9bd10c9f0aeffa54799de6712d/duckdb-1.4.4-cp39-cp39-manylinux_2_26_x86_64.manylinux_2_28_x86_64.whl,duckdb,"{
  ""file"": {
    ""filename"": ""duckdb-1.4.4-cp39-cp39-manylinux_2_26_x86_64.manylinux_2_28_x86_64.whl"",
    ""project"": ""duckdb"",
    ""version"": ""1.4.4"",
    ""type"": ""bdist_wheel""
  }
}","{
  ""details"": {
    ""installer"": {
      ""name"": ""poetry"",
      ""version"": ""1.8.2"",
      ""subcommand"": null
    },
    ""python"": null,
    ""implementation"": {
      ""name"": ""CPython"",
      ""version"": ""3.9.21""
    },
    ""distro"": null,
    ""system"": {
      ""name"": ""Linux"",
      ""release"": ""6.12.94+""
    },
    ""cpu"": null,
    ""openssl_version"": null,
    ""setuptools_version"": null,
    ""rustc_version"": null,
    ""ci"": null
  }
}",TLSv1.3,TLS_AES_128_GCM_SHA256,"{
  ""http"": null
}"
2026-08-31 18:08:37.000000 UTC,US,/packages/a1/6d/697bf9688d5c5b470a7210123430661d5f9bd10c9f0aeffa54799de6712d/duckdb-1.4.4-cp39-cp39-manylinux_2_26_x86_64.manylinux_2_28_x86_64.whl,duckdb,"{
  ""file"": {
    ""filename"": ""duckdb-1.4.4-cp39-cp39-manylinux_2_26_x86_64.manylinux_2_28_x86_64.whl"",
    ""project"": ""duckdb"",
    ""version"": ""1.4.4"",
    ""type"": ""bdist_wheel""
  }
}","{
  ""details"": {
    ""installer"": {
      ""name"": ""poetry"",
      ""version"": ""1.8.2"",
      ""subcommand"": null
    },
    ""python"": null,
    ""implementation"": {
      ""name"": ""CPython"",
      ""version"": ""3.9.17""
    },
    ""distro"": null,
    ""system"": {
      ""name"": ""Linux"",
      ""release"": ""7.0.0-1009-aws""
    },
    ""cpu"": null,
    ""openssl_version"": null,
    ""setuptools_version"": null,
    ""rustc_version"": null,
    ""ci"": null
  }
}",TLSv1.3,TLS_AES_128_GCM_SHA256,"{
  ""http"": null
}"
2026-08-31 18:06:42.000000 UTC,US,/packages/a1/6d/697bf9688d5c5b470a7210123430661d5f9bd10c9f0aeffa54799de6712d/duckdb-1.4.4-cp39-cp39-manylinux_2_26_x86_64.manylinux_2_28_x86_64.whl,duckdb,"{
  ""file"": {
    ""filename"": ""duckdb-1.4.4-cp39-cp39-manylinux_2_26_x86_64.manylinux_2_28_x86_64.whl"",
    ""project"": ""duckdb"",
    ""version"": ""1.4.4"",
    ""type"": ""bdist_wheel""
  }
}","{
  ""details"": {
    ""installer"": {
      ""name"": ""poetry"",
      ""version"": ""1.8.2"",
      ""subcommand"": null
    },
    ""python"": null,
    ""implementation"": {
      ""name"": ""CPython"",
      ""version"": ""3.9.17""
    },
    ""distro"": null,
    ""system"": {
      ""name"": ""Linux"",
      ""release"": ""7.0.0-1009-aws""
    },
    ""cpu"": null,
    ""openssl_version"": null,
    ""setuptools_version"": null,
    ""rustc_version"": null,
    ""ci"": null
  }
}",TLSv1.3,TLS_AES_128_GCM_SHA256,"{
  ""http"": null
}"
2026-08-31 18:06:27.000000 UTC,US,/packages/a1/6d/697bf9688d5c5b470a7210123430661d5f9bd10c9f0aeffa54799de6712d/duckdb-1.4.4-cp39-cp39-manylinux_2_26_x86_64.manylinux_2_28_x86_64.whl,duckdb,"{
  ""file"": {
    ""filename"": ""duckdb-1.4.4-cp39-cp39-manylinux_2_26_x86_64.manylinux_2_28_x86_64.whl"",
    ""project"": ""duckdb"",
    ""version"": ""1.4.4"",
    ""type"": ""bdist_wheel""
  }
}","{
  ""details"": {
    ""installer"": {
      ""name"": ""poetry"",
      ""version"": ""1.8.2"",
      ""subcommand"": null
    },
    ""python"": null,
    ""implementation"": {
      ""name"": ""CPython"",
      ""version"": ""3.9.17""
    },
    ""distro"": null,
    ""system"": {
      ""name"": ""Linux"",
      ""release"": ""7.0.0-1009-aws""
    },
    ""cpu"": null,
    ""openssl_version"": null,
    ""setuptools_version"": null,
    ""rustc_version"": null,
    ""ci"": null
  }
}",TLSv1.3,TLS_AES_128_GCM_SHA256,"{
  ""http"": null
}"
2026-08-31 17:59:41.000000 UTC,US,/packages/f3/b1/b9acfa09c7ed5e793f528886f9b7e207698d5cf1988b6e6a68a5bbcaffb4/duckdb-1.4.5-cp311-cp311-manylinux_2_26_x86_64.manylinux_2_28_x86_64.whl,duckdb,"{
  ""file"": {
    ""filename"": ""duckdb-1.4.5-cp311-cp311-manylinux_2_26_x86_64.manylinux_2_28_x86_64.whl"",
    ""project"": ""duckdb"",
    ""version"": ""1.4.5"",
    ""type"": ""bdist_wheel""
  }
}","{
  ""details"": {
    ""installer"": {
      ""name"": ""poetry"",
      ""version"": ""2.4.0"",
      ""subcommand"": null
    },
    ""python"": null,
    ""implementation"": {
      ""name"": ""CPython"",
      ""version"": ""3.11.16""
    },
    ""distro"": null,
    ""system"": {
      ""name"": ""Linux"",
      ""release"": ""6.8.0-1036-aws""
    },
    ""cpu"": null,
    ""openssl_version"": null,
    ""setuptools_version"": null,
    ""rustc_version"": null,
    ""ci"": null
  }
}",TLSv1.3,TLS_AES_128_GCM_SHA256,"{
  ""http"": null
}"
2026-08-31 17:58:19.000000 UTC,PL,/packages/84/ef/f6fbb91cab7209acaffa1d861f54d67d55254d5c20d73191867a2f91d613/duckdb-1.4.5-cp312-cp312-manylinux_2_26_x86_64.manylinux_2_28_x86_64.whl,duckdb,"{
  ""file"": {
    ""filename"": ""duckdb-1.4.5-cp312-cp312-manylinux_2_26_x86_64.manylinux_2_28_x86_64.whl"",
    ""project"": ""duckdb"",
    ""version"": ""1.4.5"",
    ""type"": ""bdist_wheel""
  }
}","{
  ""details"": {
    ""installer"": {
      ""name"": ""Browser"",
      ""version"": null,
      ""subcommand"": null
    },
    ""python"": null,
    ""implementation"": null,
    ""distro"": null,
    ""system"": null,
    ""cpu"": null,
    ""openssl_version"": null,
    ""setuptools_version"": null,
    ""rustc_version"": null,
    ""ci"": null
  }
}",TLSv1.3,TLS_AES_128_GCM_SHA256,"{
  ""http"": null
}"
2026-08-31 18:03:30.000000 UTC,CO,/packages/38/0a/9c8a286cdc0c2930b239aa849f647fed18e22582463110af160ff02dee36/duckdb-1.4.5-cp314-cp314-win_amd64.whl,duckdb,"{
  ""file"": {
    ""filename"": ""duckdb-1.4.5-cp314-cp314-win_amd64.whl"",
    ""project"": ""duckdb"",
    ""version"": ""1.4.5"",
    ""type"": ""bdist_wheel""
  }
}","{
  ""details"": {
    ""installer"": {
      ""name"": ""pip"",
      ""version"": ""26.2.1"",
      ""subcommand"": null
    },
    ""python"": ""3.14.7"",
    ""implementation"": {
      ""name"": ""CPython"",
      ""version"": ""3.14.7""
    },
    ""distro"": null,
    ""system"": {
      ""name"": ""Windows"",
      ""release"": ""11""
    },
    ""cpu"": ""AMD64"",
    ""openssl_version"": ""OpenSSL 3.5.7 9 Jun 2026"",
    ""setuptools_version"": null,
    ""rustc_version"": null,
    ""ci"": null
  }
}",TLSv1.3,TLS_AES_128_GCM_SHA256,"{
  ""http"": null
}"
2026-08-31 17:58:19.000000 UTC,PL,/packages/cc/33/17c34961554c190d66d78340028e47aaba57fcff8a97ce78960d80f446e1/duckdb-1.4.5-cp39-cp39-manylinux_2_26_x86_64.manylinux_2_28_x86_64.whl,duckdb,"{
  ""file"": {
    ""filename"": ""duckdb-1.4.5-cp39-cp39-manylinux_2_26_x86_64.manylinux_2_28_x86_64.whl"",
    ""project"": ""duckdb"",
    ""version"": ""1.4.5"",
    ""type"": ""bdist_wheel""
  }
}","{
  ""details"": {
    ""installer"": {
      ""name"": ""Browser"",
      ""version"": null,
      ""subcommand"": null
    },
    ""python"": null,
    ""implementation"": null,
    ""distro"": null,
    ""system"": null,
    ""cpu"": null,
    ""openssl_version"": null,
    ""setuptools_version"": null,
    ""rustc_version"": null,
    ""ci"": null
  }
}",TLSv1.3,TLS_AES_128_GCM_SHA256,"{
  ""http"": null
}"
2026-08-31 17:59:07.000000 UTC,US,/packages/31/b6/6cae794d5856259b0060f79d5db71c7fdba043950eaa6a9d72b0bad16095/duckdb-1.5.0-cp311-cp311-macosx_11_0_arm64.whl,duckdb,"{
  ""file"": {
    ""filename"": ""duckdb-1.5.0-cp311-cp311-macosx_11_0_arm64.whl"",
    ""project"": ""duckdb"",
    ""version"": ""1.5.0"",
    ""type"": ""bdist_wheel""
  }
}","{
  ""details"": {
    ""installer"": {
      ""name"": ""Nexus"",
      ""version"": ""3.95.1-01"",
      ""subcommand"": null
    },
    ""python"": null,
    ""implementation"": null,
    ""distro"": null,
    ""system"": null,
    ""cpu"": null,
    ""openssl_version"": null,
    ""setuptools_version"": null,
    ""rustc_version"": null,
    ""ci"": null
  }
}",TLSv1.3,TLS_AES_128_GCM_SHA256,"{
  ""http"": null
}"
2026-08-31 17:59:50.000000 UTC,US,/packages/fc/a2/723e6df48754e468fa50d7878eb860906c975eafe317c4134a8482ca220e/duckdb-1.5.0-cp311-cp311-manylinux_2_26_x86_64.manylinux_2_28_x86_64.whl,duckdb,"{
  ""file"": {
    ""filename"": ""duckdb-1.5.0-cp311-cp311-manylinux_2_26_x86_64.manylinux_2_28_x86_64.whl"",
    ""project"": ""duckdb"",
    ""version"": ""1.5.0"",
    ""type"": ""bdist_wheel""
  }
}","{
  ""details"": {
    ""installer"": {
      ""name"": ""poetry"",
      ""version"": ""2.4.1"",
      ""subcommand"": null
    },
    ""python"": null,
    ""implementation"": {
      ""name"": ""CPython"",
      ""version"": ""3.11.16""
    },
    ""distro"": null,
    ""system"": {
      ""name"": ""Linux"",
      ""release"": ""7.0.0-1009-aws""
    },
    ""cpu"": null,
    ""openssl_version"": null,
    ""setuptools_version"": null,
    ""rustc_version"": null,
    ""ci"": null
  }
}",TLSv1.3,TLS_AES_128_GCM_SHA256,"{
  ""http"": null
}"
2026-08-31 18:00:22.000000 UTC,US,/packages/fc/a2/723e6df48754e468fa50d7878eb860906c975eafe317c4134a8482ca220e/duckdb-1.5.0-cp311-cp311-manylinux_2_26_x86_64.manylinux_2_28_x86_64.whl,duckdb,"{
  ""file"": {
    ""filename"": ""duckdb-1.5.0-cp311-cp311-manylinux_2_26_x86_64.manylinux_2_28_x86_64.whl"",
    ""project"": ""duckdb"",
    ""version"": ""1.5.0"",
    ""type"": ""bdist_wheel""
  }
}","{
  ""details"": {
    ""installer"": {
      ""name"": ""poetry"",
      ""version"": ""2.2.0"",
      ""subcommand"": null
    },
    ""python"": null,
    ""implementation"": {
      ""name"": ""CPython"",
      ""version"": ""3.11.16""
    },
    ""distro"": null,
    ""system"": {
      ""name"": ""Linux"",
      ""release"": ""6.8.0-1036-aws""
    },
    ""cpu"": null,
    ""openssl_version"": null,
    ""setuptools_version"": null,
    ""rustc_version"": null,
    ""ci"": null
  }
}",TLSv1.3,TLS_AES_128_GCM_SHA256,"{
  ""http"": null
}"
2026-08-31 17:58:44.000000 UTC,US,/packages/4f/71/76e37c9a599ad89dd944e6cbb3e6a8ad196944a421758e83adea507637b6/duckdb-1.5.0-cp312-cp312-macosx_11_0_arm64.whl,duckdb,"{
  ""file"": {
    ""filename"": ""duckdb-1.5.0-cp312-cp312-macosx_11_0_arm64.whl"",
    ""project"": ""duckdb"",
    ""version"": ""1.5.0"",
    ""type"": ""bdist_wheel""
  }
}","{
  ""details"": {
    ""installer"": {
      ""name"": ""Nexus"",
      ""version"": ""3.95.1-01"",
      ""subcommand"": null
    },
    ""python"": null,
    ""implementation"": null,
    ""distro"": null,
    ""system"": null,
    ""cpu"": null,
    ""openssl_version"": null,
    ""setuptools_version"": null,
    ""rustc_version"": null,
    ""ci"": null
  }
}",TLSv1.3,TLS_AES_128_GCM_SHA256,"{
  ""http"": null
}"
2026-08-31 18:09:03.000000 UTC,US,/packages/db/b8/de1831656d5d13173e27c79c7259c8b9a7bdc314fdc8920604838ea4c46d/duckdb-1.5.0-cp312-cp312-manylinux_2_26_aarch64.manylinux_2_28_aarch64.whl,duckdb,"{
  ""file"": {
    ""filename"": ""duckdb-1.5.0-cp312-cp312-manylinux_2_26_aarch64.manylinux_2_28_aarch64.whl"",
    ""project"": ""duckdb"",
    ""version"": ""1.5.0"",
    ""type"": ""bdist_wheel""
  }
}","{
  ""details"": {
    ""installer"": {
      ""name"": ""Bazel"",
      ""version"": ""9.1.1"",
      ""subcommand"": null
    },
    ""python"": null,
    ""implementation"": null,
    ""distro"": null,
    ""system"": null,
    ""cpu"": null,
    ""openssl_version"": null,
    ""setuptools_version"": null,
    ""rustc_version"": null,
    ""ci"": null
  }
}",TLSv1.3,TLS_AES_128_GCM_SHA256,"{
  ""http"": null
}"
2026-08-31 17:59:06.000000 UTC,US,/packages/db/b8/de1831656d5d13173e27c79c7259c8b9a7bdc314fdc8920604838ea4c46d/duckdb-1.5.0-cp312-cp312-manylinux_2_26_aarch64.manylinux_2_28_aarch64.whl,duckdb,"{
  ""file"": {
    ""filename"": ""duckdb-1.5.0-cp312-cp312-manylinux_2_26_aarch64.manylinux_2_28_aarch64.whl"",
    ""project"": ""duckdb"",
    ""version"": ""1.5.0"",
    ""type"": ""bdist_wheel""
  }
}","{
  ""details"": {
    ""installer"": {
      ""name"": ""Bazel"",
      ""version"": ""9.1.1"",
      ""subcommand"": null
    },
    ""python"": null,
    ""implementation"": null,
    ""distro"": null,
    ""system"": null,
    ""cpu"": null,
    ""openssl_version"": null,
    ""setuptools_version"": null,
    ""rustc_version"": null,
    ""ci"": null
  }
}",TLSv1.3,TLS_AES_128_GCM_SHA256,"{
  ""http"": null
}"
2026-08-31 18:02:54.000000 UTC,US,/packages/db/b8/de1831656d5d13173e27c79c7259c8b9a7bdc314fdc8920604838ea4c46d/duckdb-1.5.0-cp312-cp312-manylinux_2_26_aarch64.manylinux_2_28_aarch64.whl,duckdb,"{
  ""file"": {
    ""filename"": ""duckdb-1.5.0-cp312-cp312-manylinux_2_26_aarch64.manylinux_2_28_aarch64.whl"",
    ""project"": ""duckdb"",
    ""version"": ""1.5.0"",
    ""type"": ""bdist_wheel""
  }
}","{
  ""details"": {
    ""installer"": {
      ""name"": ""Bazel"",
      ""version"": ""9.1.1"",
      ""subcommand"": null
    },
    ""python"": null,
    ""implementation"": null,
    ""distro"": null,
    ""system"": null,
    ""cpu"": null,
    ""openssl_version"": null,
    ""setuptools_version"": null,
    ""rustc_version"": null,
    ""ci"": null
  }
}",TLSv1.3,TLS_AES_128_GCM_SHA256,"{
  ""http"": null
}"
2026-08-31 18:07:17.000000 UTC,US,/packages/db/b8/de1831656d5d13173e27c79c7259c8b9a7bdc314fdc8920604838ea4c46d/duckdb-1.5.0-cp312-cp312-manylinux_2_26_aarch64.manylinux_2_28_aarch64.whl,duckdb,"{
  ""file"": {
    ""filename"": ""duckdb-1.5.0-cp312-cp312-manylinux_2_26_aarch64.manylinux_2_28_aarch64.whl"",
    ""project"": ""duckdb"",
    ""version"": ""1.5.0"",
    ""type"": ""bdist_wheel""
  }
}","{
  ""details"": {
    ""installer"": {
      ""name"": ""Bazel"",
      ""version"": ""9.1.1"",
      ""subcommand"": null
    },
    ""python"": null,
    ""implementation"": null,
    ""distro"": null,
    ""system"": null,
    ""cpu"": null,
    ""openssl_version"": null,
    ""setuptools_version"": null,
    ""rustc_version"": null,
    ""ci"": null
  }
}",TLSv1.3,TLS_AES_128_GCM_SHA256,"{
  ""http"": null
}"
2026-08-31 18:02:37.000000 UTC,US,/packages/db/b8/de1831656d5d13173e27c79c7259c8b9a7bdc314fdc8920604838ea4c46d/duckdb-1.5.0-cp312-cp312-manylinux_2_26_aarch64.manylinux_2_28_aarch64.whl,duckdb,"{
  ""file"": {
    ""filename"": ""duckdb-1.5.0-cp312-cp312-manylinux_2_26_aarch64.manylinux_2_28_aarch64.whl"",
    ""project"": ""duckdb"",
    ""version"": ""1.5.0"",
    ""type"": ""bdist_wheel""
  }
}","{
  ""details"": {
    ""installer"": {
      ""name"": ""Bazel"",
      ""version"": ""9.1.1"",
      ""subcommand"": null
    },
    ""python"": null,
    ""implementation"": null,
    ""distro"": null,
    ""system"": null,
    ""cpu"": null,
    ""openssl_version"": null,
    ""setuptools_version"": null,
    ""rustc_version"": null,
    ""ci"": null
  }
}",TLSv1.3,TLS_AES_128_GCM_SHA256,"{
  ""http"": null
}"
2026-08-31 18:00:02.000000 UTC,US,/packages/1f/8d/33d349a3bcbd3e9b7b4e904c19d5b97f058c4c20791b89a8d6323bb93dce/duckdb-1.5.0-cp312-cp312-manylinux_2_26_x86_64.manylinux_2_28_x86_64.whl,duckdb,"{
  ""file"": {
    ""filename"": ""duckdb-1.5.0-cp312-cp312-manylinux_2_26_x86_64.manylinux_2_28_x86_64.whl"",
    ""project"": ""duckdb"",
    ""version"": ""1.5.0"",
    ""type"": ""bdist_wheel""
  }
}","{
  ""details"": {
    ""installer"": {
      ""name"": ""poetry"",
      ""version"": ""2.4.2"",
      ""subcommand"": null
    },
    ""python"": null,
    ""implementation"": {
      ""name"": ""CPython"",
      ""version"": ""3.12.3""
    },
    ""distro"": null,
    ""system"": {
      ""name"": ""Linux"",
      ""release"": ""6.17.0-1022-azure""
    },
    ""cpu"": null,
    ""openssl_version"": null,
    ""setuptools_version"": null,
    ""rustc_version"": null,
    ""ci"": null
  }
}",TLSv1.3,TLS_AES_128_GCM_SHA256,"{
  ""http"": null
}"
2026-08-31 18:07:00.000000 UTC,US,/packages/1f/8d/33d349a3bcbd3e9b7b4e904c19d5b97f058c4c20791b89a8d6323bb93dce/duckdb-1.5.0-cp312-cp312-manylinux_2_26_x86_64.manylinux_2_28_x86_64.whl,duckdb,"{
  ""file"": {
    ""filename"": ""duckdb-1.5.0-cp312-cp312-manylinux_2_26_x86_64.manylinux_2_28_x86_64.whl"",
    ""project"": ""duckdb"",
    ""version"": ""1.5.0"",
    ""type"": ""bdist_wheel""
  }
}","{
  ""details"": {
    ""installer"": {
      ""name"": ""Bazel"",
      ""version"": ""9.3.0-dzbarsky16"",
      ""subcommand"": null
    },
    ""python"": null,
    ""implementation"": null,
    ""distro"": null,
    ""system"": null,
    ""cpu"": null,
    ""openssl_version"": null,
    ""setuptools_version"": null,
    ""rustc_version"": null,
    ""ci"": null
  }
}",TLSv1.3,TLS_AES_128_GCM_SHA256,"{
  ""http"": null
}"
2026-08-31 18:06:31.000000 UTC,US,/packages/1f/8d/33d349a3bcbd3e9b7b4e904c19d5b97f058c4c20791b89a8d6323bb93dce/duckdb-1.5.0-cp312-cp312-manylinux_2_26_x86_64.manylinux_2_28_x86_64.whl,duckdb,"{
  ""file"": {
    ""filename"": ""duckdb-1.5.0-cp312-cp312-manylinux_2_26_x86_64.manylinux_2_28_x86_64.whl"",
    ""project"": ""duckdb"",
    ""version"": ""1.5.0"",
    ""type"": ""bdist_wheel""
  }
}","{
  ""details"": {
    ""installer"": {
      ""name"": ""Bazel"",
      ""version"": ""9.3.0-dzbarsky16"",
      ""subcommand"": null
    },
    ""python"": null,
    ""implementation"": null,
    ""distro"": null,
    ""system"": null,
    ""cpu"": null,
    ""openssl_version"": null,
    ""setuptools_version"": null,
    ""rustc_version"": null,
    ""ci"": null
  }
}",TLSv1.3,TLS_AES_128_GCM_SHA256,"{
  ""http"": null
}"
2026-08-31 18:07:06.000000 UTC,US,/packages/1f/8d/33d349a3bcbd3e9b7b4e904c19d5b97f058c4c20791b89a8d6323bb93dce/duckdb-1.5.0-cp312-cp312-manylinux_2_26_x86_64.manylinux_2_28_x86_64.whl,duckdb,"{
  ""file"": {
    ""filename"": ""duckdb-1.5.0-cp312-cp312-manylinux_2_26_x86_64.manylinux_2_28_x86_64.whl"",
    ""project"": ""duckdb"",
    ""version"": ""1.5.0"",
    ""type"": ""bdist_wheel""
  }
}","{
  ""details"": {
    ""installer"": {
      ""name"": ""Bazel"",
      ""version"": ""9.3.0-dzbarsky16"",
      ""subcommand"": null
    },
    ""python"": null,
    ""implementation"": null,
    ""distro"": null,
    ""system"": null,
    ""cpu"": null,
    ""openssl_version"": null,
    ""setuptools_version"": null,
    ""rustc_version"": null,
    ""ci"": null
  }
}",TLSv1.3,TLS_AES_128_GCM_SHA256,"{
  ""http"": null
}"
2026-08-31 17:58:25.000000 UTC,US,/packages/1f/8d/33d349a3bcbd3e9b7b4e904c19d5b97f058c4c20791b89a8d6323bb93dce/duckdb-1.5.0-cp312-cp312-manylinux_2_26_x86_64.manylinux_2_28_x86_64.whl,duckdb,"{
  ""file"": {
    ""filename"": ""duckdb-1.5.0-cp312-cp312-manylinux_2_26_x86_64.manylinux_2_28_x86_64.whl"",
    ""project"": ""duckdb"",
    ""version"": ""1.5.0"",
    ""type"": ""bdist_wheel""
  }
}","{
  ""details"": {
    ""installer"": {
      ""name"": ""Nexus"",
      ""version"": ""3.94.1-06"",
      ""subcommand"": null
    },
    ""python"": null,
    ""implementation"": null,
    ""distro"": null,
    ""system"": null,
    ""cpu"": null,
    ""openssl_version"": null,
    ""setuptools_version"": null,
    ""rustc_version"": null,
    ""ci"": null
  }
}",TLSv1.3,TLS_AES_128_GCM_SHA256,"{
  ""http"": null
}"
2026-08-31 18:04:00.000000 UTC,US,/packages/1f/8d/33d349a3bcbd3e9b7b4e904c19d5b97f058c4c20791b89a8d6323bb93dce/duckdb-1.5.0-cp312-cp312-manylinux_2_26_x86_64.manylinux_2_28_x86_64.whl,duckdb,"{
  ""file"": {
    ""filename"": ""duckdb-1.5.0-cp312-cp312-manylinux_2_26_x86_64.manylinux_2_28_x86_64.whl"",
    ""project"": ""duckdb"",
    ""version"": ""1.5.0"",
    ""type"": ""bdist_wheel""
  }
}","{
  ""details"": {
    ""installer"": {
      ""name"": ""Bazel"",
      ""version"": ""9.3.0-dzbarsky16"",
      ""subcommand"": null
    },
    ""python"": null,
    ""implementation"": null,
    ""distro"": null,
    ""system"": null,
    ""cpu"": null,
    ""openssl_version"": null,
    ""setuptools_version"": null,
    ""rustc_version"": null,
    ""ci"": null
  }
}",TLSv1.3,TLS_AES_128_GCM_SHA256,"{
  ""http"": null
}"
2026-08-31 18:03:29.000000 UTC,RU,/packages/1f/8d/33d349a3bcbd3e9b7b4e904c19d5b97f058c4c20791b89a8d6323bb93dce/duckdb-1.5.0-cp312-cp312-manylinux_2_26_x86_64.manylinux_2_28_x86_64.whl,duckdb,"{
  ""file"": {
    ""filename"": ""duckdb-1.5.0-cp312-cp312-manylinux_2_26_x86_64.manylinux_2_28_x86_64.whl"",
    ""project"": ""duckdb"",
    ""version"": ""1.5.0"",
    ""type"": ""bdist_wheel""
  }
}","{
  ""details"": {
    ""installer"": {
      ""name"": ""Nexus"",
      ""version"": ""3.76.0-03"",
      ""subcommand"": null
    },
    ""python"": null,
    ""implementation"": null,
    ""distro"": null,
    ""system"": null,
    ""cpu"": null,
    ""openssl_version"": null,
    ""setuptools_version"": null,
    ""rustc_version"": null,
    ""ci"": null
  }
}",TLSv1.3,TLS_AES_128_GCM_SHA256,"{
  ""http"": null
}"
2026-08-31 18:04:28.000000 UTC,US,/packages/1f/8d/33d349a3bcbd3e9b7b4e904c19d5b97f058c4c20791b89a8d6323bb93dce/duckdb-1.5.0-cp312-cp312-manylinux_2_26_x86_64.manylinux_2_28_x86_64.whl,duckdb,"{
  ""file"": {
    ""filename"": ""duckdb-1.5.0-cp312-cp312-manylinux_2_26_x86_64.manylinux_2_28_x86_64.whl"",
    ""project"": ""duckdb"",
    ""version"": ""1.5.0"",
    ""type"": ""bdist_wheel""
  }
}","{
  ""details"": {
    ""installer"": {
      ""name"": ""Bazel"",
      ""version"": ""9.3.0-dzbarsky16"",
      ""subcommand"": null
    },
    ""python"": null,
    ""implementation"": null,
    ""distro"": null,
    ""system"": null,
    ""cpu"": null,
    ""openssl_version"": null,
    ""setuptools_version"": null,
    ""rustc_version"": null,
    ""ci"": null
  }
}",TLSv1.3,TLS_AES_128_GCM_SHA256,"{
  ""http"": null
}"
2026-08-31 18:05:23.000000 UTC,US,/packages/1f/8d/33d349a3bcbd3e9b7b4e904c19d5b97f058c4c20791b89a8d6323bb93dce/duckdb-1.5.0-cp312-cp312-manylinux_2_26_x86_64.manylinux_2_28_x86_64.whl,duckdb,"{
  ""file"": {
    ""filename"": ""duckdb-1.5.0-cp312-cp312-manylinux_2_26_x86_64.manylinux_2_28_x86_64.whl"",
    ""project"": ""duckdb"",
    ""version"": ""1.5.0"",
    ""type"": ""bdist_wheel""
  }
}","{
  ""details"": {
    ""installer"": {
      ""name"": ""Bazel"",
      ""version"": ""9.3.0-dzbarsky16"",
      ""subcommand"": null
    },
    ""python"": null,
    ""implementation"": null,
    ""distro"": null,
    ""system"": null,
    ""cpu"": null,
    ""openssl_version"": null,
    ""setuptools_version"": null,
    ""rustc_version"": null,
    ""ci"": null
  }
}",TLSv1.3,TLS_AES_128_GCM_SHA256,"{
  ""http"": null
}"
2026-08-31 18:07:44.000000 UTC,US,/packages/1f/8d/33d349a3bcbd3e9b7b4e904c19d5b97f058c4c20791b89a8d6323bb93dce/duckdb-1.5.0-cp312-cp312-manylinux_2_26_x86_64.manylinux_2_28_x86_64.whl,duckdb,"{
  ""file"": {
    ""filename"": ""duckdb-1.5.0-cp312-cp312-manylinux_2_26_x86_64.manylinux_2_28_x86_64.whl"",
    ""project"": ""duckdb"",
    ""version"": ""1.5.0"",
    ""type"": ""bdist_wheel""
  }
}","{
  ""details"": {
    ""installer"": {
      ""name"": ""Bazel"",
      ""version"": ""9.3.0-dzbarsky16"",
      ""subcommand"": null
    },
    ""python"": null,
    ""implementation"": null,
    ""distro"": null,
    ""system"": null,
    ""cpu"": null,
    ""openssl_version"": null,
    ""setuptools_version"": null,
    ""rustc_version"": null,
    ""ci"": null
  }
}",TLSv1.3,TLS_AES_128_GCM_SHA256,"{
  ""http"": null
}"
2026-08-31 18:04:12.000000 UTC,US,/packages/1f/8d/33d349a3bcbd3e9b7b4e904c19d5b97f058c4c20791b89a8d6323bb93dce/duckdb-1.5.0-cp312-cp312-manylinux_2_26_x86_64.manylinux_2_28_x86_64.whl,duckdb,"{
  ""file"": {
    ""filename"": ""duckdb-1.5.0-cp312-cp312-manylinux_2_26_x86_64.manylinux_2_28_x86_64.whl"",
    ""project"": ""duckdb"",
    ""version"": ""1.5.0"",
    ""type"": ""bdist_wheel""
  }
}","{
  ""details"": {
    ""installer"": {
      ""name"": ""Bazel"",
      ""version"": ""9.3.0-dzbarsky16"",
      ""subcommand"": null
    },
    ""python"": null,
    ""implementation"": null,
    ""distro"": null,
    ""system"": null,
    ""cpu"": null,
    ""openssl_version"": null,
    ""setuptools_version"": null,
    ""rustc_version"": null,
    ""ci"": null
  }
}",TLSv1.3,TLS_AES_128_GCM_SHA256,"{
  ""http"": null
}"
2026-08-31 18:01:32.000000 UTC,US,/packages/1f/8d/33d349a3bcbd3e9b7b4e904c19d5b97f058c4c20791b89a8d6323bb93dce/duckdb-1.5.0-cp312-cp312-manylinux_2_26_x86_64.manylinux_2_28_x86_64.whl,duckdb,"{
  ""file"": {
    ""filename"": ""duckdb-1.5.0-cp312-cp312-manylinux_2_26_x86_64.manylinux_2_28_x86_64.whl"",
    ""project"": ""duckdb"",
    ""version"": ""1.5.0"",
    ""type"": ""bdist_wheel""
  }
}","{
  ""details"": {
    ""installer"": {
      ""name"": ""poetry"",
      ""version"": ""2.4.2"",
      ""subcommand"": null
    },
    ""python"": null,
    ""implementation"": {
      ""name"": ""CPython"",
      ""version"": ""3.12.3""
    },
    ""distro"": null,
    ""system"": {
      ""name"": ""Linux"",
      ""release"": ""6.17.0-1022-azure""
    },
    ""cpu"": null,
    ""openssl_version"": null,
    ""setuptools_version"": null,
    ""rustc_version"": null,
    ""ci"": null
  }
}",TLSv1.3,TLS_AES_128_GCM_SHA256,"{
  ""http"": null
}"
2026-08-31 18:04:52.000000 UTC,US,/packages/1f/8d/33d349a3bcbd3e9b7b4e904c19d5b97f058c4c20791b89a8d6323bb93dce/duckdb-1.5.0-cp312-cp312-manylinux_2_26_x86_64.manylinux_2_28_x86_64.whl,duckdb,"{
  ""file"": {
    ""filename"": ""duckdb-1.5.0-cp312-cp312-manylinux_2_26_x86_64.manylinux_2_28_x86_64.whl"",
    ""project"": ""duckdb"",
    ""version"": ""1.5.0"",
    ""type"": ""bdist_wheel""
  }
}","{
  ""details"": {
    ""installer"": {
      ""name"": ""Bazel"",
      ""version"": ""9.3.0-dzbarsky16"",
      ""subcommand"": null
    },
    ""python"": null,
    ""implementation"": null,
    ""distro"": null,
    ""system"": null,
    ""cpu"": null,
    ""openssl_version"": null,
    ""setuptools_version"": null,
    ""rustc_version"": null,
    ""ci"": null
  }
}",TLSv1.3,TLS_AES_128_GCM_SHA256,"{
  ""http"": null
}"
2026-08-31 18:08:11.000000 UTC,US,/packages/1f/8d/33d349a3bcbd3e9b7b4e904c19d5b97f058c4c20791b89a8d6323bb93dce/duckdb-1.5.0-cp312-cp312-manylinux_2_26_x86_64.manylinux_2_28_x86_64.whl,duckdb,"{
  ""file"": {
    ""filename"": ""duckdb-1.5.0-cp312-cp312-manylinux_2_26_x86_64.manylinux_2_28_x86_64.whl"",
    ""project"": ""duckdb"",
    ""version"": ""1.5.0"",
    ""type"": ""bdist_wheel""
  }
}","{
  ""details"": {
    ""installer"": {
      ""name"": ""Bazel"",
      ""version"": ""9.3.0-dzbarsky16"",
      ""subcommand"": null
    },
    ""python"": null,
    ""implementation"": null,
    ""distro"": null,
    ""system"": null,
    ""cpu"": null,
    ""openssl_version"": null,
    ""setuptools_version"": null,
    ""rustc_version"": null,
    ""ci"": null
  }
}",TLSv1.3,TLS_AES_128_GCM_SHA256,"{
  ""http"": null
}"
2026-08-31 18:04:23.000000 UTC,US,/packages/1f/8d/33d349a3bcbd3e9b7b4e904c19d5b97f058c4c20791b89a8d6323bb93dce/duckdb-1.5.0-cp312-cp312-manylinux_2_26_x86_64.manylinux_2_28_x86_64.whl,duckdb,"{
  ""file"": {
    ""filename"": ""duckdb-1.5.0-cp312-cp312-manylinux_2_26_x86_64.manylinux_2_28_x86_64.whl"",
    ""project"": ""duckdb"",
    ""version"": ""1.5.0"",
    ""type"": ""bdist_wheel""
  }
}","{
  ""details"": {
    ""installer"": {
      ""name"": ""Bazel"",
      ""version"": ""9.3.0-dzbarsky16"",
      ""subcommand"": null
    },
    ""python"": null,
    ""implementation"": null,
    ""distro"": null,
    ""system"": null,
    ""cpu"": null,
    ""openssl_version"": null,
    ""setuptools_version"": null,
    ""rustc_version"": null,
    ""ci"": null
  }
}",TLSv1.3,TLS_AES_128_GCM_SHA256,"{
  ""http"": null
}"
2026-08-31 18:06:36.000000 UTC,US,/packages/1f/8d/33d349a3bcbd3e9b7b4e904c19d5b97f058c4c20791b89a8d6323bb93dce/duckdb-1.5.0-cp312-cp312-manylinux_2_26_x86_64.manylinux_2_28_x86_64.whl,duckdb,"{
  ""file"": {
    ""filename"": ""duckdb-1.5.0-cp312-cp312-manylinux_2_26_x86_64.manylinux_2_28_x86_64.whl"",
    ""project"": ""duckdb"",
    ""version"": ""1.5.0"",
    ""type"": ""bdist_wheel""
  }
}","{
  ""details"": {
    ""installer"": {
      ""name"": ""poetry"",
      ""version"": ""2.4.2"",
      ""subcommand"": null
    },
    ""python"": null,
    ""implementation"": {
      ""name"": ""CPython"",
      ""version"": ""3.12.14""
    },
    ""distro"": null,
    ""system"": {
      ""name"": ""Linux"",
      ""release"": ""6.17.0-1022-azure""
    },
    ""cpu"": null,
    ""openssl_version"": null,
    ""setuptools_version"": null,
    ""rustc_version"": null,
    ""ci"": null
  }
}",TLSv1.3,TLS_AES_128_GCM_SHA256,"{
  ""http"": null
}"
2026-08-31 18:07:32.000000 UTC,US,/packages/1f/8d/33d349a3bcbd3e9b7b4e904c19d5b97f058c4c20791b89a8d6323bb93dce/duckdb-1.5.0-cp312-cp312-manylinux_2_26_x86_64.manylinux_2_28_x86_64.whl,duckdb,"{
  ""file"": {
    ""filename"": ""duckdb-1.5.0-cp312-cp312-manylinux_2_26_x86_64.manylinux_2_28_x86_64.whl"",
    ""project"": ""duckdb"",
    ""version"": ""1.5.0"",
    ""type"": ""bdist_wheel""
  }
}","{
  ""details"": {
    ""installer"": {
      ""name"": ""Bazel"",
      ""version"": ""9.3.0-dzbarsky16"",
      ""subcommand"": null
    },
    ""python"": null,
    ""implementation"": null,
    ""distro"": null,
    ""system"": null,
    ""cpu"": null,
    ""openssl_version"": null,
    ""setuptools_version"": null,
    ""rustc_version"": null,
    ""ci"": null
  }
}",TLSv1.3,TLS_AES_128_GCM_SHA256,"{
  ""http"": null
}"
2026-08-31 18:06:16.000000 UTC,US,/packages/1f/8d/33d349a3bcbd3e9b7b4e904c19d5b97f058c4c20791b89a8d6323bb93dce/duckdb-1.5.0-cp312-cp312-manylinux_2_26_x86_64.manylinux_2_28_x86_64.whl,duckdb,"{
  ""file"": {
    ""filename"": ""duckdb-1.5.0-cp312-cp312-manylinux_2_26_x86_64.manylinux_2_28_x86_64.whl"",
    ""project"": ""duckdb"",
    ""version"": ""1.5.0"",
    ""type"": ""bdist_wheel""
  }
}","{
  ""details"": {
    ""installer"": {
      ""name"": ""poetry"",
      ""version"": ""2.4.2"",
      ""subcommand"": null
    },
    ""python"": null,
    ""implementation"": {
      ""name"": ""CPython"",
      ""version"": ""3.12.14""
    },
    ""distro"": null,
    ""system"": {
      ""name"": ""Linux"",
      ""release"": ""6.17.0-1022-azure""
    },
    ""cpu"": null,
    ""openssl_version"": null,
    ""setuptools_version"": null,
    ""rustc_version"": null,
    ""ci"": null
  }
}",TLSv1.3,TLS_AES_128_GCM_SHA256,"{
  ""http"": null
}"
2026-08-31 18:08:48.000000 UTC,US,/packages/1f/8d/33d349a3bcbd3e9b7b4e904c19d5b97f058c4c20791b89a8d6323bb93dce/duckdb-1.5.0-cp312-cp312-manylinux_2_26_x86_64.manylinux_2_28_x86_64.whl,duckdb,"{
  ""file"": {
    ""filename"": ""duckdb-1.5.0-cp312-cp312-manylinux_2_26_x86_64.manylinux_2_28_x86_64.whl"",
    ""project"": ""duckdb"",
    ""version"": ""1.5.0"",
    ""type"": ""bdist_wheel""
  }
}","{
  ""details"": {
    ""installer"": {
      ""name"": ""poetry"",
      ""version"": ""2.4.2"",
      ""subcommand"": null
    },
    ""python"": null,
    ""implementation"": {
      ""name"": ""CPython"",
      ""version"": ""3.12.14""
    },
    ""distro"": null,
    ""system"": {
      ""name"": ""Linux"",
      ""release"": ""6.17.0-1022-azure""
    },
    ""cpu"": null,
    ""openssl_version"": null,
    ""setuptools_version"": null,
    ""rustc_version"": null,
    ""ci"": null
  }
}",TLSv1.3,TLS_AES_128_GCM_SHA256,"{
  ""http"": null
}"
2026-08-31 18:03:56.000000 UTC,US,/packages/1f/8d/33d349a3bcbd3e9b7b4e904c19d5b97f058c4c20791b89a8d6323bb93dce/duckdb-1.5.0-cp312-cp312-manylinux_2_26_x86_64.manylinux_2_28_x86_64.whl,duckdb,"{
  ""file"": {
    ""filename"": ""duckdb-1.5.0-cp312-cp312-manylinux_2_26_x86_64.manylinux_2_28_x86_64.whl"",
    ""project"": ""duckdb"",
    ""version"": ""1.5.0"",
    ""type"": ""bdist_wheel""
  }
}","{
  ""details"": {
    ""installer"": {
      ""name"": ""Bazel"",
      ""version"": ""8.4.1"",
      ""subcommand"": null
    },
    ""python"": null,
    ""implementation"": null,
    ""distro"": null,
    ""system"": null,
    ""cpu"": null,
    ""openssl_version"": null,
    ""setuptools_version"": null,
    ""rustc_version"": null,
    ""ci"": null
  }
}",TLSv1.3,TLS_AES_128_GCM_SHA256,"{
  ""http"": null
}"
2026-08-31 18:05:10.000000 UTC,US,/packages/1f/8d/33d349a3bcbd3e9b7b4e904c19d5b97f058c4c20791b89a8d6323bb93dce/duckdb-1.5.0-cp312-cp312-manylinux_2_26_x86_64.manylinux_2_28_x86_64.whl,duckdb,"{
  ""file"": {
    ""filename"": ""duckdb-1.5.0-cp312-cp312-manylinux_2_26_x86_64.manylinux_2_28_x86_64.whl"",
    ""project"": ""duckdb"",
    ""version"": ""1.5.0"",
    ""type"": ""bdist_wheel""
  }
}","{
  ""details"": {
    ""installer"": {
      ""name"": ""Bazel"",
      ""version"": ""9.3.0-dzbarsky16"",
      ""subcommand"": null
    },
    ""python"": null,
    ""implementation"": null,
    ""distro"": null,
    ""system"": null,
    ""cpu"": null,
    ""openssl_version"": null,
    ""setuptools_version"": null,
    ""rustc_version"": null,
    ""ci"": null
  }
}",TLSv1.3,TLS_AES_128_GCM_SHA256,"{
  ""http"": null
}"
2026-08-31 18:08:11.000000 UTC,US,/packages/1f/8d/33d349a3bcbd3e9b7b4e904c19d5b97f058c4c20791b89a8d6323bb93dce/duckdb-1.5.0-cp312-cp312-manylinux_2_26_x86_64.manylinux_2_28_x86_64.whl,duckdb,"{
  ""file"": {
    ""filename"": ""duckdb-1.5.0-cp312-cp312-manylinux_2_26_x86_64.manylinux_2_28_x86_64.whl"",
    ""project"": ""duckdb"",
    ""version"": ""1.5.0"",
    ""type"": ""bdist_wheel""
  }
}","{
  ""details"": {
    ""installer"": {
      ""name"": ""poetry"",
      ""version"": ""2.4.2"",
      ""subcommand"": null
    },
    ""python"": null,
    ""implementation"": {
      ""name"": ""CPython"",
      ""version"": ""3.12.14""
    },
    ""distro"": null,
    ""system"": {
      ""name"": ""Linux"",
      ""release"": ""6.17.0-1022-azure""
    },
    ""cpu"": null,
    ""openssl_version"": null,
    ""setuptools_version"": null,
    ""rustc_version"": null,
    ""ci"": null
  }
}",TLSv1.3,TLS_AES_128_GCM_SHA256,"{
  ""http"": null
}"
2026-08-31 18:07:31.000000 UTC,US,/packages/1f/8d/33d349a3bcbd3e9b7b4e904c19d5b97f058c4c20791b89a8d6323bb93dce/duckdb-1.5.0-cp312-cp312-manylinux_2_26_x86_64.manylinux_2_28_x86_64.whl,duckdb,"{
  ""file"": {
    ""filename"": ""duckdb-1.5.0-cp312-cp312-manylinux_2_26_x86_64.manylinux_2_28_x86_64.whl"",
    ""project"": ""duckdb"",
    ""version"": ""1.5.0"",
    ""type"": ""bdist_wheel""
  }
}","{
  ""details"": {
    ""installer"": {
      ""name"": ""Bazel"",
      ""version"": ""9.3.0-dzbarsky16"",
      ""subcommand"": null
    },
    ""python"": null,
    ""implementation"": null,
    ""distro"": null,
    ""system"": null,
    ""cpu"": null,
    ""openssl_version"": null,
    ""setuptools_version"": null,
    ""rustc_version"": null,
    ""ci"": null
  }
}",TLSv1.3,TLS_AES_128_GCM_SHA256,"{
  ""http"": null
}"
2026-08-31 17:59:06.000000 UTC,US,/packages/1f/8d/33d349a3bcbd3e9b7b4e904c19d5b97f058c4c20791b89a8d6323bb93dce/duckdb-1.5.0-cp312-cp312-manylinux_2_26_x86_64.manylinux_2_28_x86_64.whl,duckdb,"{
  ""file"": {
    ""filename"": ""duckdb-1.5.0-cp312-cp312-manylinux_2_26_x86_64.manylinux_2_28_x86_64.whl"",
    ""project"": ""duckdb"",
    ""version"": ""1.5.0"",
    ""type"": ""bdist_wheel""
  }
}","{
  ""details"": {
    ""installer"": {
      ""name"": ""poetry"",
      ""version"": ""2.4.2"",
      ""subcommand"": null
    },
    ""python"": null,
    ""implementation"": {
      ""name"": ""CPython"",
      ""version"": ""3.12.14""
    },
    ""distro"": null,
    ""system"": {
      ""name"": ""Linux"",
      ""release"": ""6.17.0-1022-azure""
    },
    ""cpu"": null,
    ""openssl_version"": null,
    ""setuptools_version"": null,
    ""rustc_version"": null,
    ""ci"": null
  }
}",TLSv1.3,TLS_AES_128_GCM_SHA256,"{
  ""http"": null
}"
2026-08-31 18:07:18.000000 UTC,US,/packages/54/13/b58d718415cde993823a54952ea511d2612302f1d2bc220549d0cef752a4/duckdb-1.5.0-cp313-cp313-manylinux_2_26_x86_64.manylinux_2_28_x86_64.whl,duckdb,"{
  ""file"": {
    ""filename"": ""duckdb-1.5.0-cp313-cp313-manylinux_2_26_x86_64.manylinux_2_28_x86_64.whl"",
    ""project"": ""duckdb"",
    ""version"": ""1.5.0"",
    ""type"": ""bdist_wheel""
  }
}","{
  ""details"": {
    ""installer"": {
      ""name"": ""poetry"",
      ""version"": ""2.4.2"",
      ""subcommand"": null
    },
    ""python"": null,
    ""implementation"": {
      ""name"": ""CPython"",
      ""version"": ""3.13.15""
    },
    ""distro"": null,
    ""system"": {
      ""name"": ""Linux"",
      ""release"": ""6.17.0-1022-azure""
    },
    ""cpu"": null,
    ""openssl_version"": null,
    ""setuptools_version"": null,
    ""rustc_version"": null,
    ""ci"": null
  }
}",TLSv1.3,TLS_AES_128_GCM_SHA256,"{
  ""http"": null
}"
2026-08-31 18:09:35.000000 UTC,US,/packages/54/13/b58d718415cde993823a54952ea511d2612302f1d2bc220549d0cef752a4/duckdb-1.5.0-cp313-cp313-manylinux_2_26_x86_64.manylinux_2_28_x86_64.whl,duckdb,"{
  ""file"": {
    ""filename"": ""duckdb-1.5.0-cp313-cp313-manylinux_2_26_x86_64.manylinux_2_28_x86_64.whl"",
    ""project"": ""duckdb"",
    ""version"": ""1.5.0"",
    ""type"": ""bdist_wheel""
  }
}","{
  ""details"": {
    ""installer"": {
      ""name"": ""poetry"",
      ""version"": ""2.4.2"",
      ""subcommand"": null
    },
    ""python"": null,
    ""implementation"": {
      ""name"": ""CPython"",
      ""version"": ""3.13.12""
    },
    ""distro"": null,
    ""system"": {
      ""name"": ""Linux"",
      ""release"": ""6.17.0-1022-azure""
    },
    ""cpu"": null,
    ""openssl_version"": null,
    ""setuptools_version"": null,
    ""rustc_version"": null,
    ""ci"": null
  }
}",TLSv1.3,TLS_AES_128_GCM_SHA256,"{
  ""http"": null
}"
2026-08-31 18:07:42.000000 UTC,US,/packages/54/13/b58d718415cde993823a54952ea511d2612302f1d2bc220549d0cef752a4/duckdb-1.5.0-cp313-cp313-manylinux_2_26_x86_64.manylinux_2_28_x86_64.whl,duckdb,"{
  ""file"": {
    ""filename"": ""duckdb-1.5.0-cp313-cp313-manylinux_2_26_x86_64.manylinux_2_28_x86_64.whl"",
    ""project"": ""duckdb"",
    ""version"": ""1.5.0"",
    ""type"": ""bdist_wheel""
  }
}","{
  ""details"": {
    ""installer"": {
      ""name"": ""poetry"",
      ""version"": ""2.4.2"",
      ""subcommand"": null
    },
    ""python"": null,
    ""implementation"": {
      ""name"": ""CPython"",
      ""version"": ""3.13.15""
    },
    ""distro"": null,
    ""system"": {
      ""name"": ""Linux"",
      ""release"": ""6.17.0-1022-azure""
    },
    ""cpu"": null,
    ""openssl_version"": null,
    ""setuptools_version"": null,
    ""rustc_version"": null,
    ""ci"": null
  }
}",TLSv1.3,TLS_AES_128_GCM_SHA256,"{
  ""http"": null
}"
2026-08-31 18:03:37.000000 UTC,DE,/packages/50/db/358715d677bfe5e117d9e1f2d6cc2fc2b0bd621144d1f15335b8b59f95d7/duckdb-1.5.1-cp311-cp311-manylinux_2_26_x86_64.manylinux_2_28_x86_64.whl,duckdb,"{
  ""file"": {
    ""filename"": ""duckdb-1.5.1-cp311-cp311-manylinux_2_26_x86_64.manylinux_2_28_x86_64.whl"",
    ""project"": ""duckdb"",
    ""version"": ""1.5.1"",
    ""type"": ""bdist_wheel""
  }
}","{
  ""details"": {
    ""installer"": {
      ""name"": ""Nexus"",
      ""version"": ""3.68.1-02"",
      ""subcommand"": null
    },
    ""python"": null,
    ""implementation"": null,
    ""distro"": null,
    ""system"": null,
    ""cpu"": null,
    ""openssl_version"": null,
    ""setuptools_version"": null,
    ""rustc_version"": null,
    ""ci"": null
  }
}",TLSv1.3,TLS_AES_128_GCM_SHA256,"{
  ""http"": null
}"
2026-08-31 18:02:44.000000 UTC,US,/packages/50/db/358715d677bfe5e117d9e1f2d6cc2fc2b0bd621144d1f15335b8b59f95d7/duckdb-1.5.1-cp311-cp311-manylinux_2_26_x86_64.manylinux_2_28_x86_64.whl,duckdb,"{
  ""file"": {
    ""filename"": ""duckdb-1.5.1-cp311-cp311-manylinux_2_26_x86_64.manylinux_2_28_x86_64.whl"",
    ""project"": ""duckdb"",
    ""version"": ""1.5.1"",
    ""type"": ""bdist_wheel""
  }
}","{
  ""details"": {
    ""installer"": {
      ""name"": ""poetry"",
      ""version"": ""2.4.2"",
      ""subcommand"": null
    },
    ""python"": null,
    ""implementation"": {
      ""name"": ""CPython"",
      ""version"": ""3.11.13""
    },
    ""distro"": null,
    ""system"": {
      ""name"": ""Linux"",
      ""release"": ""6.6.141""
    },
    ""cpu"": null,
    ""openssl_version"": null,
    ""setuptools_version"": null,
    ""rustc_version"": null,
    ""ci"": null
  }
}",TLSv1.3,TLS_AES_128_GCM_SHA256,"{
  ""http"": null
}"
2026-08-31 17:58:31.000000 UTC,AE,/packages/15/2c/7b4f11879aa2924838168b4640da999dccda1b4a033d43cb998fd6dc33ea/duckdb-1.5.1-cp312-cp312-manylinux_2_26_aarch64.manylinux_2_28_aarch64.whl,duckdb,"{
  ""file"": {
    ""filename"": ""duckdb-1.5.1-cp312-cp312-manylinux_2_26_aarch64.manylinux_2_28_aarch64.whl"",
    ""project"": ""duckdb"",
    ""version"": ""1.5.1"",
    ""type"": ""bdist_wheel""
  }
}","{
  ""details"": {
    ""installer"": {
      ""name"": ""poetry"",
      ""version"": ""1.8.5"",
      ""subcommand"": null
    },
    ""python"": null,
    ""implementation"": {
      ""name"": ""CPython"",
      ""version"": ""3.12.14""
    },
    ""distro"": null,
    ""system"": {
      ""name"": ""Linux"",
      ""release"": ""6.12.76-linuxkit""
    },
    ""cpu"": null,
    ""openssl_version"": null,
    ""setuptools_version"": null,
    ""rustc_version"": null,
    ""ci"": null
  }
}",TLSv1.3,TLS_AES_128_GCM_SHA256,"{
  ""http"": null
}"
2026-08-31 18:02:51.000000 UTC,US,/packages/15/2c/7b4f11879aa2924838168b4640da999dccda1b4a033d43cb998fd6dc33ea/duckdb-1.5.1-cp312-cp312-manylinux_2_26_aarch64.manylinux_2_28_aarch64.whl,duckdb,"{
  ""file"": {
    ""filename"": ""duckdb-1.5.1-cp312-cp312-manylinux_2_26_aarch64.manylinux_2_28_aarch64.whl"",
    ""project"": ""duckdb"",
    ""version"": ""1.5.1"",
    ""type"": ""bdist_wheel""
  }
}","{
  ""details"": {
    ""installer"": {
      ""name"": ""poetry"",
      ""version"": ""2.2.1"",
      ""subcommand"": null
    },
    ""python"": null,
    ""implementation"": {
      ""name"": ""CPython"",
      ""version"": ""3.12.14""
    },
    ""distro"": null,
    ""system"": {
      ""name"": ""Linux"",
      ""release"": ""6.17.0-1022-azure""
    },
    ""cpu"": null,
    ""openssl_version"": null,
    ""setuptools_version"": null,
    ""rustc_version"": null,
    ""ci"": null
  }
}",TLSv1.3,TLS_AES_128_GCM_SHA256,"{
  ""http"": null
}"
2026-08-31 18:00:18.000000 UTC,DE,/packages/15/2c/7b4f11879aa2924838168b4640da999dccda1b4a033d43cb998fd6dc33ea/duckdb-1.5.1-cp312-cp312-manylinux_2_26_aarch64.manylinux_2_28_aarch64.whl,duckdb,"{
  ""file"": {
    ""filename"": ""duckdb-1.5.1-cp312-cp312-manylinux_2_26_aarch64.manylinux_2_28_aarch64.whl"",
    ""project"": ""duckdb"",
    ""version"": ""1.5.1"",
    ""type"": ""bdist_wheel""
  }
}","{
  ""details"": {
    ""installer"": {
      ""name"": ""poetry"",
      ""version"": ""2.4.1"",
      ""subcommand"": null
    },
    ""python"": null,
    ""implementation"": {
      ""name"": ""CPython"",
      ""version"": ""3.12.14""
    },
    ""distro"": null,
    ""system"": {
      ""name"": ""Linux"",
      ""release"": ""6.12.54-linuxkit""
    },
    ""cpu"": null,
    ""openssl_version"": null,
    ""setuptools_version"": null,
    ""rustc_version"": null,
    ""ci"": null
  }
}",TLSv1.3,TLS_AES_128_GCM_SHA256,"{
  ""http"": null
}"
2026-08-31 17:58:30.000000 UTC,US,/packages/6f/d6/8f9a6b1fbcc669108ec6a4d625a70be9e480b437ed9b70cd56b78cd577a6/duckdb-1.5.1-cp312-cp312-manylinux_2_26_x86_64.manylinux_2_28_x86_64.whl,duckdb,"{
  ""file"": {
    ""filename"": ""duckdb-1.5.1-cp312-cp312-manylinux_2_26_x86_64.manylinux_2_28_x86_64.whl"",
    ""project"": ""duckdb"",
    ""version"": ""1.5.1"",
    ""type"": ""bdist_wheel""
  }
}","{
  ""details"": {
    ""installer"": {
      ""name"": ""poetry"",
      ""version"": ""2.4.1"",
      ""subcommand"": null
    },
    ""python"": null,
    ""implementation"": {
      ""name"": ""CPython"",
      ""version"": ""3.12.3""
    },
    ""distro"": null,
    ""system"": {
      ""name"": ""Linux"",
      ""release"": ""6.17.0-1022-azure""
    },
    ""cpu"": null,
    ""openssl_version"": null,
    ""setuptools_version"": null,
    ""rustc_version"": null,
    ""ci"": null
  }
}",TLSv1.3,TLS_AES_128_GCM_SHA256,"{
  ""http"": null
}"
2026-08-31 17:59:39.000000 UTC,US,/packages/6f/d6/8f9a6b1fbcc669108ec6a4d625a70be9e480b437ed9b70cd56b78cd577a6/duckdb-1.5.1-cp312-cp312-manylinux_2_26_x86_64.manylinux_2_28_x86_64.whl,duckdb,"{
  ""file"": {
    ""filename"": ""duckdb-1.5.1-cp312-cp312-manylinux_2_26_x86_64.manylinux_2_28_x86_64.whl"",
    ""project"": ""duckdb"",
    ""version"": ""1.5.1"",
    ""type"": ""bdist_wheel""
  }
}","{
  ""details"": {
    ""installer"": {
      ""name"": ""poetry"",
      ""version"": ""2.4.1"",
      ""subcommand"": null
    },
    ""python"": null,
    ""implementation"": {
      ""name"": ""CPython"",
      ""version"": ""3.12.3""
    },
    ""distro"": null,
    ""system"": {
      ""name"": ""Linux"",
      ""release"": ""6.17.0-1022-azure""
    },
    ""cpu"": null,
    ""openssl_version"": null,
    ""setuptools_version"": null,
    ""rustc_version"": null,
    ""ci"": null
  }
}",TLSv1.3,TLS_AES_128_GCM_SHA256,"{
  ""http"": null
}"
2026-08-31 17:58:36.000000 UTC,US,/packages/6f/d6/8f9a6b1fbcc669108ec6a4d625a70be9e480b437ed9b70cd56b78cd577a6/duckdb-1.5.1-cp312-cp312-manylinux_2_26_x86_64.manylinux_2_28_x86_64.whl,duckdb,"{
  ""file"": {
    ""filename"": ""duckdb-1.5.1-cp312-cp312-manylinux_2_26_x86_64.manylinux_2_28_x86_64.whl"",
    ""project"": ""duckdb"",
    ""version"": ""1.5.1"",
    ""type"": ""bdist_wheel""
  }
}","{
  ""details"": {
    ""installer"": {
      ""name"": ""poetry"",
      ""version"": ""2.4.1"",
      ""subcommand"": null
    },
    ""python"": null,
    ""implementation"": {
      ""name"": ""CPython"",
      ""version"": ""3.12.3""
    },
    ""distro"": null,
    ""system"": {
      ""name"": ""Linux"",
      ""release"": ""6.17.0-1022-azure""
    },
    ""cpu"": null,
    ""openssl_version"": null,
    ""setuptools_version"": null,
    ""rustc_version"": null,
    ""ci"": null
  }
}",TLSv1.3,TLS_AES_128_GCM_SHA256,"{
  ""http"": null
}"
2026-08-31 18:00:42.000000 UTC,DE,/packages/c4/fe/8d02c6473273468cf8d43fd5d73c677f8cdfcd036c1e884df0613f124c2b/duckdb-1.5.1-cp312-cp312-win_amd64.whl,duckdb,"{
  ""file"": {
    ""filename"": ""duckdb-1.5.1-cp312-cp312-win_amd64.whl"",
    ""project"": ""duckdb"",
    ""version"": ""1.5.1"",
    ""type"": ""bdist_wheel""
  }
}","{
  ""details"": {
    ""installer"": {
      ""name"": ""uv"",
      ""version"": ""0.12.7"",
      ""subcommand"": ""sync""
    },
    ""python"": ""3.12.14"",
    ""implementation"": {
      ""name"": ""CPython"",
      ""version"": ""3.12.14""
    },
    ""distro"": null,
    ""system"": {
      ""name"": ""Windows"",
      ""release"": ""11""
    },
    ""cpu"": ""AMD64"",
    ""openssl_version"": null,
    ""setuptools_version"": null,
    ""rustc_version"": null,
    ""ci"": ""true""
  }
}",TLSv1.3,TLS_AES_128_GCM_SHA256,"{
  ""http"": null
}"
2026-08-31 18:02:14.000000 UTC,US,/packages/f9/c3/ee49319b15f139e04c067378f0e763f78336fbab38ba54b0852467dd9da4/duckdb-1.5.1-cp313-cp313-manylinux_2_26_x86_64.manylinux_2_28_x86_64.whl,duckdb,"{
  ""file"": {
    ""filename"": ""duckdb-1.5.1-cp313-cp313-manylinux_2_26_x86_64.manylinux_2_28_x86_64.whl"",
    ""project"": ""duckdb"",
    ""version"": ""1.5.1"",
    ""type"": ""bdist_wheel""
  }
}","{
  ""details"": {
    ""installer"": {
      ""name"": ""Bazel"",
      ""version"": ""8.6.0"",
      ""subcommand"": null
    },
    ""python"": null,
    ""implementation"": null,
    ""distro"": null,
    ""system"": null,
    ""cpu"": null,
    ""openssl_version"": null,
    ""setuptools_version"": null,
    ""rustc_version"": null,
    ""ci"": null
  }
}",TLSv1.3,TLS_AES_128_GCM_SHA256,"{
  ""http"": null
}"
2026-08-31 18:00:51.000000 UTC,US,/packages/f9/c3/ee49319b15f139e04c067378f0e763f78336fbab38ba54b0852467dd9da4/duckdb-1.5.1-cp313-cp313-manylinux_2_26_x86_64.manylinux_2_28_x86_64.whl,duckdb,"{
  ""file"": {
    ""filename"": ""duckdb-1.5.1-cp313-cp313-manylinux_2_26_x86_64.manylinux_2_28_x86_64.whl"",
    ""project"": ""duckdb"",
    ""version"": ""1.5.1"",
    ""type"": ""bdist_wheel""
  }
}","{
  ""details"": {
    ""installer"": {
      ""name"": ""Bazel"",
      ""version"": ""8.6.0"",
      ""subcommand"": null
    },
    ""python"": null,
    ""implementation"": null,
    ""distro"": null,
    ""system"": null,
    ""cpu"": null,
    ""openssl_version"": null,
    ""setuptools_version"": null,
    ""rustc_version"": null,
    ""ci"": null
  }
}",TLSv1.3,TLS_AES_128_GCM_SHA256,"{
  ""http"": null
}"
2026-08-31 18:08:19.000000 UTC,US,/packages/f9/c3/ee49319b15f139e04c067378f0e763f78336fbab38ba54b0852467dd9da4/duckdb-1.5.1-cp313-cp313-manylinux_2_26_x86_64.manylinux_2_28_x86_64.whl,duckdb,"{
  ""file"": {
    ""filename"": ""duckdb-1.5.1-cp313-cp313-manylinux_2_26_x86_64.manylinux_2_28_x86_64.whl"",
    ""project"": ""duckdb"",
    ""version"": ""1.5.1"",
    ""type"": ""bdist_wheel""
  }
}","{
  ""details"": {
    ""installer"": {
      ""name"": ""Bazel"",
      ""version"": ""8.6.0"",
      ""subcommand"": null
    },
    ""python"": null,
    ""implementation"": null,
    ""distro"": null,
    ""system"": null,
    ""cpu"": null,
    ""openssl_version"": null,
    ""setuptools_version"": null,
    ""rustc_version"": null,
    ""ci"": null
  }
}",TLSv1.3,TLS_AES_128_GCM_SHA256,"{
  ""http"": null
}"
2026-08-31 18:00:56.000000 UTC,US,/packages/8a/a5/cae0105e01a85f85ead61723bb42dab14c2f8ec49f91e67a2372c02574a4/duckdb-1.5.2-cp311-cp311-macosx_11_0_arm64.whl,duckdb,"{
  ""file"": {
    ""filename"": ""duckdb-1.5.2-cp311-cp311-macosx_11_0_arm64.whl"",
    ""project"": ""duckdb"",
    ""version"": ""1.5.2"",
    ""type"": ""bdist_wheel""
  }
}","{
  ""details"": {
    ""installer"": {
      ""name"": ""Browser"",
      ""version"": null,
      ""subcommand"": null
    },
    ""python"": null,
    ""implementation"": null,
    ""distro"": null,
    ""system"": null,
    ""cpu"": null,
    ""openssl_version"": null,
    ""setuptools_version"": null,
    ""rustc_version"": null,
    ""ci"": null
  }
}",TLSv1.3,TLS_AES_128_GCM_SHA256,"{
  ""http"": null
}"
2026-08-31 18:03:05.000000 UTC,US,/packages/dc/a2/67694010693ec8c8c975e6991f48ef886d35ecbdaa2f287234882a403c21/duckdb-1.5.2-cp311-cp311-manylinux_2_26_x86_64.manylinux_2_28_x86_64.whl,duckdb,"{
  ""file"": {
    ""filename"": ""duckdb-1.5.2-cp311-cp311-manylinux_2_26_x86_64.manylinux_2_28_x86_64.whl"",
    ""project"": ""duckdb"",
    ""version"": ""1.5.2"",
    ""type"": ""bdist_wheel""
  }
}","{
  ""details"": {
    ""installer"": {
      ""name"": ""poetry"",
      ""version"": ""2.3.4"",
      ""subcommand"": null
    },
    ""python"": null,
    ""implementation"": {
      ""name"": ""CPython"",
      ""version"": ""3.11.16""
    },
    ""distro"": null,
    ""system"": {
      ""name"": ""Linux"",
      ""release"": ""5.15.154+""
    },
    ""cpu"": null,
    ""openssl_version"": null,
    ""setuptools_version"": null,
    ""rustc_version"": null,
    ""ci"": null
  }
}",TLSv1.3,TLS_AES_128_GCM_SHA256,"{
  ""http"": null
}"
2026-08-31 17:58:21.000000 UTC,US,/packages/26/78/eb1e064ea8b9df3b87b167bfd7a407b2f615a4291e06cba756727adfa06c/duckdb-1.5.2-cp312-cp312-manylinux_2_26_x86_64.manylinux_2_28_x86_64.whl,duckdb,"{
  ""file"": {
    ""filename"": ""duckdb-1.5.2-cp312-cp312-manylinux_2_26_x86_64.manylinux_2_28_x86_64.whl"",
    ""project"": ""duckdb"",
    ""version"": ""1.5.2"",
    ""type"": ""bdist_wheel""
  }
}","{
  ""details"": {
    ""installer"": {
      ""name"": ""poetry"",
      ""version"": ""2.1.2"",
      ""subcommand"": null
    },
    ""python"": null,
    ""implementation"": {
      ""name"": ""CPython"",
      ""version"": ""3.12.14""
    },
    ""distro"": null,
    ""system"": {
      ""name"": ""Linux"",
      ""release"": ""6.17.0-1022-azure""
    },
    ""cpu"": null,
    ""openssl_version"": null,
    ""setuptools_version"": null,
    ""rustc_version"": null,
    ""ci"": null
  }
}",TLSv1.3,TLS_AES_128_GCM_SHA256,"{
  ""http"": null
}"
2026-08-31 18:00:52.000000 UTC,US,/packages/26/78/eb1e064ea8b9df3b87b167bfd7a407b2f615a4291e06cba756727adfa06c/duckdb-1.5.2-cp312-cp312-manylinux_2_26_x86_64.manylinux_2_28_x86_64.whl,duckdb,"{
  ""file"": {
    ""filename"": ""duckdb-1.5.2-cp312-cp312-manylinux_2_26_x86_64.manylinux_2_28_x86_64.whl"",
    ""project"": ""duckdb"",
    ""version"": ""1.5.2"",
    ""type"": ""bdist_wheel""
  }
}","{
  ""details"": {
    ""installer"": {
      ""name"": ""poetry"",
      ""version"": ""1.8.5"",
      ""subcommand"": null
    },
    ""python"": null,
    ""implementation"": {
      ""name"": ""CPython"",
      ""version"": ""3.12.14""
    },
    ""distro"": null,
    ""system"": {
      ""name"": ""Linux"",
      ""release"": ""6.17.0-1022-azure""
    },
    ""cpu"": null,
    ""openssl_version"": null,
    ""setuptools_version"": null,
    ""rustc_version"": null,
    ""ci"": null
  }
}",TLSv1.3,TLS_AES_128_GCM_SHA256,"{
  ""http"": null
}"
2026-08-31 18:07:30.000000 UTC,US,/packages/26/78/eb1e064ea8b9df3b87b167bfd7a407b2f615a4291e06cba756727adfa06c/duckdb-1.5.2-cp312-cp312-manylinux_2_26_x86_64.manylinux_2_28_x86_64.whl,duckdb,"{
  ""file"": {
    ""filename"": ""duckdb-1.5.2-cp312-cp312-manylinux_2_26_x86_64.manylinux_2_28_x86_64.whl"",
    ""project"": ""duckdb"",
    ""version"": ""1.5.2"",
    ""type"": ""bdist_wheel""
  }
}","{
  ""details"": null
}",TLSv1.3,TLS_AES_128_GCM_SHA256,"{
  ""http"": null
}"
2026-08-31 18:01:44.000000 UTC,US,/packages/26/78/eb1e064ea8b9df3b87b167bfd7a407b2f615a4291e06cba756727adfa06c/duckdb-1.5.2-cp312-cp312-manylinux_2_26_x86_64.manylinux_2_28_x86_64.whl,duckdb,"{
  ""file"": {
    ""filename"": ""duckdb-1.5.2-cp312-cp312-manylinux_2_26_x86_64.manylinux_2_28_x86_64.whl"",
    ""project"": ""duckdb"",
    ""version"": ""1.5.2"",
    ""type"": ""bdist_wheel""
  }
}","{
  ""details"": null
}",TLSv1.3,TLS_AES_128_GCM_SHA256,"{
  ""http"": null
}"
2026-08-31 17:59:03.000000 UTC,US,/packages/26/78/eb1e064ea8b9df3b87b167bfd7a407b2f615a4291e06cba756727adfa06c/duckdb-1.5.2-cp312-cp312-manylinux_2_26_x86_64.manylinux_2_28_x86_64.whl,duckdb,"{
  ""file"": {
    ""filename"": ""duckdb-1.5.2-cp312-cp312-manylinux_2_26_x86_64.manylinux_2_28_x86_64.whl"",
    ""project"": ""duckdb"",
    ""version"": ""1.5.2"",
    ""type"": ""bdist_wheel""
  }
}","{
  ""details"": {
    ""installer"": {
      ""name"": ""Nexus"",
      ""version"": ""3.94.1-06"",
      ""subcommand"": null
    },
    ""python"": null,
    ""implementation"": null,
    ""distro"": null,
    ""system"": null,
    ""cpu"": null,
    ""openssl_version"": null,
    ""setuptools_version"": null,
    ""rustc_version"": null,
    ""ci"": null
  }
}",TLSv1.3,TLS_AES_128_GCM_SHA256,"{
  ""http"": null
}"
2026-08-31 18:09:05.000000 UTC,US,/packages/5b/12/05b0c47d14839925c5e35b79081d918ca82e3f236bb724a6f58409dd5291/duckdb-1.5.2-cp312-cp312-win_amd64.whl,duckdb,"{
  ""file"": {
    ""filename"": ""duckdb-1.5.2-cp312-cp312-win_amd64.whl"",
    ""project"": ""duckdb"",
    ""version"": ""1.5.2"",
    ""type"": ""bdist_wheel""
  }
}","{
  ""details"": {
    ""installer"": {
      ""name"": ""uv"",
      ""version"": ""0.12.7"",
      ""subcommand"": ""run""
    },
    ""python"": ""3.12.12"",
    ""implementation"": {
      ""name"": ""CPython"",
      ""version"": ""3.12.12""
    },
    ""distro"": null,
    ""system"": {
      ""name"": ""Windows"",
      ""release"": ""2022Server""
    },
    ""cpu"": ""AMD64"",
    ""openssl_version"": null,
    ""setuptools_version"": null,
    ""rustc_version"": null,
    ""ci"": ""true""
  }
}",TLSv1.3,TLS_AES_128_GCM_SHA256,"{
  ""http"": null
}"
2026-08-31 18:04:38.000000 UTC,US,/packages/bd/21/d903cc63a5140c822b7b62b373a87dc557e60c29b321dfb435061c5e67cf/duckdb-1.5.2-cp313-cp313-manylinux_2_26_x86_64.manylinux_2_28_x86_64.whl,duckdb,"{
  ""file"": {
    ""filename"": ""duckdb-1.5.2-cp313-cp313-manylinux_2_26_x86_64.manylinux_2_28_x86_64.whl"",
    ""project"": ""duckdb"",
    ""version"": ""1.5.2"",
    ""type"": ""bdist_wheel""
  }
}","{
  ""details"": {
    ""installer"": {
      ""name"": ""poetry"",
      ""version"": ""2.1.3"",
      ""subcommand"": null
    },
    ""python"": null,
    ""implementation"": {
      ""name"": ""CPython"",
      ""version"": ""3.13.7""
    },
    ""distro"": null,
    ""system"": {
      ""name"": ""Linux"",
      ""release"": ""6.12.88""
    },
    ""cpu"": null,
    ""openssl_version"": null,
    ""setuptools_version"": null,
    ""rustc_version"": null,
    ""ci"": null
  }
}",TLSv1.3,TLS_AES_128_GCM_SHA256,"{
  ""http"": null
}"
2026-08-31 18:01:59.000000 UTC,US,/packages/bd/21/d903cc63a5140c822b7b62b373a87dc557e60c29b321dfb435061c5e67cf/duckdb-1.5.2-cp313-cp313-manylinux_2_26_x86_64.manylinux_2_28_x86_64.whl,duckdb,"{
  ""file"": {
    ""filename"": ""duckdb-1.5.2-cp313-cp313-manylinux_2_26_x86_64.manylinux_2_28_x86_64.whl"",
    ""project"": ""duckdb"",
    ""version"": ""1.5.2"",
    ""type"": ""bdist_wheel""
  }
}","{
  ""details"": {
    ""installer"": {
      ""name"": ""poetry"",
      ""version"": ""1.8.3"",
      ""subcommand"": null
    },
    ""python"": null,
    ""implementation"": {
      ""name"": ""CPython"",
      ""version"": ""3.13.15""
    },
    ""distro"": null,
    ""system"": {
      ""name"": ""Linux"",
      ""release"": ""6.17.0-1022-azure""
    },
    ""cpu"": null,
    ""openssl_version"": null,
    ""setuptools_version"": null,
    ""rustc_version"": null,
    ""ci"": null
  }
}",TLSv1.3,TLS_AES_128_GCM_SHA256,"{
  ""http"": null
}"
2026-08-31 18:01:11.000000 UTC,US,/packages/bd/21/d903cc63a5140c822b7b62b373a87dc557e60c29b321dfb435061c5e67cf/duckdb-1.5.2-cp313-cp313-manylinux_2_26_x86_64.manylinux_2_28_x86_64.whl,duckdb,"{
  ""file"": {
    ""filename"": ""duckdb-1.5.2-cp313-cp313-manylinux_2_26_x86_64.manylinux_2_28_x86_64.whl"",
    ""project"": ""duckdb"",
    ""version"": ""1.5.2"",
    ""type"": ""bdist_wheel""
  }
}","{
  ""details"": {
    ""installer"": {
      ""name"": ""poetry"",
      ""version"": ""2.1.3"",
      ""subcommand"": null
    },
    ""python"": null,
    ""implementation"": {
      ""name"": ""CPython"",
      ""version"": ""3.13.10""
    },
    ""distro"": null,
    ""system"": {
      ""name"": ""Linux"",
      ""release"": ""6.12.88""
    },
    ""cpu"": null,
    ""openssl_version"": null,
    ""setuptools_version"": null,
    ""rustc_version"": null,
    ""ci"": null
  }
}",TLSv1.3,TLS_AES_128_GCM_SHA256,"{
  ""http"": null
}"
2026-08-31 18:03:15.000000 UTC,US,/packages/bd/21/d903cc63a5140c822b7b62b373a87dc557e60c29b321dfb435061c5e67cf/duckdb-1.5.2-cp313-cp313-manylinux_2_26_x86_64.manylinux_2_28_x86_64.whl,duckdb,"{
  ""file"": {
    ""filename"": ""duckdb-1.5.2-cp313-cp313-manylinux_2_26_x86_64.manylinux_2_28_x86_64.whl"",
    ""project"": ""duckdb"",
    ""version"": ""1.5.2"",
    ""type"": ""bdist_wheel""
  }
}","{
  ""details"": {
    ""installer"": {
      ""name"": ""poetry"",
      ""version"": ""1.8.3"",
      ""subcommand"": null
    },
    ""python"": null,
    ""implementation"": {
      ""name"": ""CPython"",
      ""version"": ""3.13.15""
    },
    ""distro"": null,
    ""system"": {
      ""name"": ""Linux"",
      ""release"": ""5.10.0-32-cloud-amd64""
    },
    ""cpu"": null,
    ""openssl_version"": null,
    ""setuptools_version"": null,
    ""rustc_version"": null,
    ""ci"": null
  }
}",TLSv1.3,TLS_AES_128_GCM_SHA256,"{
  ""http"": null
}"
2026-08-31 18:01:01.000000 UTC,US,/packages/bd/21/d903cc63a5140c822b7b62b373a87dc557e60c29b321dfb435061c5e67cf/duckdb-1.5.2-cp313-cp313-manylinux_2_26_x86_64.manylinux_2_28_x86_64.whl,duckdb,"{
  ""file"": {
    ""filename"": ""duckdb-1.5.2-cp313-cp313-manylinux_2_26_x86_64.manylinux_2_28_x86_64.whl"",
    ""project"": ""duckdb"",
    ""version"": ""1.5.2"",
    ""type"": ""bdist_wheel""
  }
}","{
  ""details"": {
    ""installer"": {
      ""name"": ""poetry"",
      ""version"": ""2.1.3"",
      ""subcommand"": null
    },
    ""python"": null,
    ""implementation"": {
      ""name"": ""CPython"",
      ""version"": ""3.13.10""
    },
    ""distro"": null,
    ""system"": {
      ""name"": ""Linux"",
      ""release"": ""6.12.88""
    },
    ""cpu"": null,
    ""openssl_version"": null,
    ""setuptools_version"": null,
    ""rustc_version"": null,
    ""ci"": null
  }
}",TLSv1.3,TLS_AES_128_GCM_SHA256,"{
  ""http"": null
}"
2026-08-31 18:01:04.000000 UTC,US,/packages/e3/0a/b770d1f60c70597302130d6247f418549b7094251a02348fbaf1c7e147ae/duckdb-1.5.2-cp313-cp313-win_amd64.whl,duckdb,"{
  ""file"": {
    ""filename"": ""duckdb-1.5.2-cp313-cp313-win_amd64.whl"",
    ""project"": ""duckdb"",
    ""version"": ""1.5.2"",
    ""type"": ""bdist_wheel""
  }
}","{
  ""details"": {
    ""installer"": {
      ""name"": ""pip"",
      ""version"": ""26.2.1"",
      ""subcommand"": null
    },
    ""python"": ""3.13.15"",
    ""implementation"": {
      ""name"": ""CPython"",
      ""version"": ""3.13.15""
    },
    ""distro"": null,
    ""system"": {
      ""name"": ""Windows"",
      ""release"": ""2025Server""
    },
    ""cpu"": ""AMD64"",
    ""openssl_version"": ""OpenSSL 3.0.21 9 Jun 2026"",
    ""setuptools_version"": null,
    ""rustc_version"": null,
    ""ci"": ""true""
  }
}",TLSv1.3,TLS_AES_128_GCM_SHA256,"{
  ""http"": null
}"
2026-08-31 17:59:13.000000 UTC,US,/packages/e3/0a/b770d1f60c70597302130d6247f418549b7094251a02348fbaf1c7e147ae/duckdb-1.5.2-cp313-cp313-win_amd64.whl,duckdb,"{
  ""file"": {
    ""filename"": ""duckdb-1.5.2-cp313-cp313-win_amd64.whl"",
    ""project"": ""duckdb"",
    ""version"": ""1.5.2"",
    ""type"": ""bdist_wheel""
  }
}","{
  ""details"": {
    ""installer"": {
      ""name"": ""pip"",
      ""version"": ""26.2.1"",
      ""subcommand"": null
    },
    ""python"": ""3.13.15"",
    ""implementation"": {
      ""name"": ""CPython"",
      ""version"": ""3.13.15""
    },
    ""distro"": null,
    ""system"": {
      ""name"": ""Windows"",
      ""release"": ""2025Server""
    },
    ""cpu"": ""AMD64"",
    ""openssl_version"": ""OpenSSL 3.0.21 9 Jun 2026"",
    ""setuptools_version"": null,
    ""rustc_version"": null,
    ""ci"": ""true""
  }
}",TLSv1.3,TLS_AES_128_GCM_SHA256,"{
  ""http"": null
}"
2026-08-31 18:05:24.000000 UTC,US,/packages/e3/0a/b770d1f60c70597302130d6247f418549b7094251a02348fbaf1c7e147ae/duckdb-1.5.2-cp313-cp313-win_amd64.whl,duckdb,"{
  ""file"": {
    ""filename"": ""duckdb-1.5.2-cp313-cp313-win_amd64.whl"",
    ""project"": ""duckdb"",
    ""version"": ""1.5.2"",
    ""type"": ""bdist_wheel""
  }
}","{
  ""details"": {
    ""installer"": {
      ""name"": ""pip"",
      ""version"": ""26.2.1"",
      ""subcommand"": null
    },
    ""python"": ""3.13.15"",
    ""implementation"": {
      ""name"": ""CPython"",
      ""version"": ""3.13.15""
    },
    ""distro"": null,
    ""system"": {
      ""name"": ""Windows"",
      ""release"": ""2025Server""
    },
    ""cpu"": ""AMD64"",
    ""openssl_version"": ""OpenSSL 3.0.21 9 Jun 2026"",
    ""setuptools_version"": null,
    ""rustc_version"": null,
    ""ci"": ""true""
  }
}",TLSv1.3,TLS_AES_128_GCM_SHA256,"{
  ""http"": null
}"
2026-08-31 18:02:17.000000 UTC,US,/packages/2f/5d/44209bcd4ad47feb84831edd3f269397e03167efbb86aee2d102b2f71252/duckdb-1.5.3-cp310-cp310-manylinux_2_26_aarch64.manylinux_2_28_aarch64.whl,duckdb,"{
  ""file"": {
    ""filename"": ""duckdb-1.5.3-cp310-cp310-manylinux_2_26_aarch64.manylinux_2_28_aarch64.whl"",
    ""project"": ""duckdb"",
    ""version"": ""1.5.3"",
    ""type"": ""bdist_wheel""
  }
}","{
  ""details"": {
    ""installer"": {
      ""name"": ""Nexus"",
      ""version"": ""3.95.1-01"",
      ""subcommand"": null
    },
    ""python"": null,
    ""implementation"": null,
    ""distro"": null,
    ""system"": null,
    ""cpu"": null,
    ""openssl_version"": null,
    ""setuptools_version"": null,
    ""rustc_version"": null,
    ""ci"": null
  }
}",TLSv1.3,TLS_AES_128_GCM_SHA256,"{
  ""http"": null
}"
2026-08-31 18:03:23.000000 UTC,US,/packages/99/1f/651f8453f26931e8061b7e27b3090f868868185814ecb9216d0bd71ec8ef/duckdb-1.5.3-cp311-cp311-manylinux_2_26_x86_64.manylinux_2_28_x86_64.whl,duckdb,"{
  ""file"": {
    ""filename"": ""duckdb-1.5.3-cp311-cp311-manylinux_2_26_x86_64.manylinux_2_28_x86_64.whl"",
    ""project"": ""duckdb"",
    ""version"": ""1.5.3"",
    ""type"": ""bdist_wheel""
  }
}","{
  ""details"": {
    ""installer"": {
      ""name"": ""poetry"",
      ""version"": ""2.4.2"",
      ""subcommand"": null
    },
    ""python"": null,
    ""implementation"": {
      ""name"": ""CPython"",
      ""version"": ""3.11.16""
    },
    ""distro"": null,
    ""system"": {
      ""name"": ""Linux"",
      ""release"": ""6.17.0-1022-azure""
    },
    ""cpu"": null,
    ""openssl_version"": null,
    ""setuptools_version"": null,
    ""rustc_version"": null,
    ""ci"": null
  }
}",TLSv1.3,TLS_AES_128_GCM_SHA256,"{
  ""http"": null
}"
2026-08-31 17:59:38.000000 UTC,US,/packages/99/1f/651f8453f26931e8061b7e27b3090f868868185814ecb9216d0bd71ec8ef/duckdb-1.5.3-cp311-cp311-manylinux_2_26_x86_64.manylinux_2_28_x86_64.whl,duckdb,"{
  ""file"": {
    ""filename"": ""duckdb-1.5.3-cp311-cp311-manylinux_2_26_x86_64.manylinux_2_28_x86_64.whl"",
    ""project"": ""duckdb"",
    ""version"": ""1.5.3"",
    ""type"": ""bdist_wheel""
  }
}","{
  ""details"": {
    ""installer"": {
      ""name"": ""poetry"",
      ""version"": ""2.1.4"",
      ""subcommand"": null
    },
    ""python"": null,
    ""implementation"": {
      ""name"": ""CPython"",
      ""version"": ""3.11.4""
    },
    ""distro"": null,
    ""system"": {
      ""name"": ""Linux"",
      ""release"": ""6.12.88""
    },
    ""cpu"": null,
    ""openssl_version"": null,
    ""setuptools_version"": null,
    ""rustc_version"": null,
    ""ci"": null
  }
}",TLSv1.3,TLS_AES_128_GCM_SHA256,"{
  ""http"": null
}"
2026-08-31 18:00:50.000000 UTC,US,/packages/99/1f/651f8453f26931e8061b7e27b3090f868868185814ecb9216d0bd71ec8ef/duckdb-1.5.3-cp311-cp311-manylinux_2_26_x86_64.manylinux_2_28_x86_64.whl,duckdb,"{
  ""file"": {
    ""filename"": ""duckdb-1.5.3-cp311-cp311-manylinux_2_26_x86_64.manylinux_2_28_x86_64.whl"",
    ""project"": ""duckdb"",
    ""version"": ""1.5.3"",
    ""type"": ""bdist_wheel""
  }
}","{
  ""details"": {
    ""installer"": {
      ""name"": ""poetry"",
      ""version"": ""2.4.1"",
      ""subcommand"": null
    },
    ""python"": null,
    ""implementation"": {
      ""name"": ""CPython"",
      ""version"": ""3.11.2""
    },
    ""distro"": null,
    ""system"": {
      ""name"": ""Linux"",
      ""release"": ""6.12.94+""
    },
    ""cpu"": null,
    ""openssl_version"": null,
    ""setuptools_version"": null,
    ""rustc_version"": null,
    ""ci"": null
  }
}",TLSv1.3,TLS_AES_128_GCM_SHA256,"{
  ""http"": null
}"
2026-08-31 18:04:36.000000 UTC,US,/packages/99/1f/651f8453f26931e8061b7e27b3090f868868185814ecb9216d0bd71ec8ef/duckdb-1.5.3-cp311-cp311-manylinux_2_26_x86_64.manylinux_2_28_x86_64.whl,duckdb,"{
  ""file"": {
    ""filename"": ""duckdb-1.5.3-cp311-cp311-manylinux_2_26_x86_64.manylinux_2_28_x86_64.whl"",
    ""project"": ""duckdb"",
    ""version"": ""1.5.3"",
    ""type"": ""bdist_wheel""
  }
}","{
  ""details"": {
    ""installer"": {
      ""name"": ""poetry"",
      ""version"": ""2.4.1"",
      ""subcommand"": null
    },
    ""python"": null,
    ""implementation"": {
      ""name"": ""CPython"",
      ""version"": ""3.11.2""
    },
    ""distro"": null,
    ""system"": {
      ""name"": ""Linux"",
      ""release"": ""6.12.94+""
    },
    ""cpu"": null,
    ""openssl_version"": null,
    ""setuptools_version"": null,
    ""rustc_version"": null,
    ""ci"": null
  }
}",TLSv1.3,TLS_AES_128_GCM_SHA256,"{
  ""http"": null
}"
2026-08-31 18:09:55.000000 UTC,US,/packages/99/1f/651f8453f26931e8061b7e27b3090f868868185814ecb9216d0bd71ec8ef/duckdb-1.5.3-cp311-cp311-manylinux_2_26_x86_64.manylinux_2_28_x86_64.whl,duckdb,"{
  ""file"": {
    ""filename"": ""duckdb-1.5.3-cp311-cp311-manylinux_2_26_x86_64.manylinux_2_28_x86_64.whl"",
    ""project"": ""duckdb"",
    ""version"": ""1.5.3"",
    ""type"": ""bdist_wheel""
  }
}","{
  ""details"": {
    ""installer"": {
      ""name"": ""poetry"",
      ""version"": ""2.4.1"",
      ""subcommand"": null
    },
    ""python"": null,
    ""implementation"": {
      ""name"": ""CPython"",
      ""version"": ""3.11.2""
    },
    ""distro"": null,
    ""system"": {
      ""name"": ""Linux"",
      ""release"": ""6.12.94+""
    },
    ""cpu"": null,
    ""openssl_version"": null,
    ""setuptools_version"": null,
    ""rustc_version"": null,
    ""ci"": null
  }
}",TLSv1.3,TLS_AES_128_GCM_SHA256,"{
  ""http"": null
}"
2026-08-31 17:59:43.000000 UTC,US,/packages/99/1f/651f8453f26931e8061b7e27b3090f868868185814ecb9216d0bd71ec8ef/duckdb-1.5.3-cp311-cp311-manylinux_2_26_x86_64.manylinux_2_28_x86_64.whl,duckdb,"{
  ""file"": {
    ""filename"": ""duckdb-1.5.3-cp311-cp311-manylinux_2_26_x86_64.manylinux_2_28_x86_64.whl"",
    ""project"": ""duckdb"",
    ""version"": ""1.5.3"",
    ""type"": ""bdist_wheel""
  }
}","{
  ""details"": {
    ""installer"": {
      ""name"": ""poetry"",
      ""version"": ""2.4.1"",
      ""subcommand"": null
    },
    ""python"": null,
    ""implementation"": {
      ""name"": ""CPython"",
      ""version"": ""3.11.2""
    },
    ""distro"": null,
    ""system"": {
      ""name"": ""Linux"",
      ""release"": ""6.12.94+""
    },
    ""cpu"": null,
    ""openssl_version"": null,
    ""setuptools_version"": null,
    ""rustc_version"": null,
    ""ci"": null
  }
}",TLSv1.3,TLS_AES_128_GCM_SHA256,"{
  ""http"": null
}"
2026-08-31 17:58:28.000000 UTC,US,/packages/99/1f/651f8453f26931e8061b7e27b3090f868868185814ecb9216d0bd71ec8ef/duckdb-1.5.3-cp311-cp311-manylinux_2_26_x86_64.manylinux_2_28_x86_64.whl,duckdb,"{
  ""file"": {
    ""filename"": ""duckdb-1.5.3-cp311-cp311-manylinux_2_26_x86_64.manylinux_2_28_x86_64.whl"",
    ""project"": ""duckdb"",
    ""version"": ""1.5.3"",
    ""type"": ""bdist_wheel""
  }
}","{
  ""details"": {
    ""installer"": {
      ""name"": ""poetry"",
      ""version"": ""2.4.2"",
      ""subcommand"": null
    },
    ""python"": null,
    ""implementation"": {
      ""name"": ""CPython"",
      ""version"": ""3.11.16""
    },
    ""distro"": null,
    ""system"": {
      ""name"": ""Linux"",
      ""release"": ""6.17.0-1022-azure""
    },
    ""cpu"": null,
    ""openssl_version"": null,
    ""setuptools_version"": null,
    ""rustc_version"": null,
    ""ci"": null
  }
}",TLSv1.3,TLS_AES_128_GCM_SHA256,"{
  ""http"": null
}"
2026-08-31 18:02:57.000000 UTC,US,/packages/99/1f/651f8453f26931e8061b7e27b3090f868868185814ecb9216d0bd71ec8ef/duckdb-1.5.3-cp311-cp311-manylinux_2_26_x86_64.manylinux_2_28_x86_64.whl,duckdb,"{
  ""file"": {
    ""filename"": ""duckdb-1.5.3-cp311-cp311-manylinux_2_26_x86_64.manylinux_2_28_x86_64.whl"",
    ""project"": ""duckdb"",
    ""version"": ""1.5.3"",
    ""type"": ""bdist_wheel""
  }
}","{
  ""details"": {
    ""installer"": {
      ""name"": ""poetry"",
      ""version"": ""2.4.2"",
      ""subcommand"": null
    },
    ""python"": null,
    ""implementation"": {
      ""name"": ""CPython"",
      ""version"": ""3.11.16""
    },
    ""distro"": null,
    ""system"": {
      ""name"": ""Linux"",
      ""release"": ""6.17.0-1022-azure""
    },
    ""cpu"": null,
    ""openssl_version"": null,
    ""setuptools_version"": null,
    ""rustc_version"": null,
    ""ci"": null
  }
}",TLSv1.3,TLS_AES_128_GCM_SHA256,"{
  ""http"": null
}"
2026-08-31 17:58:23.000000 UTC,US,/packages/99/1f/651f8453f26931e8061b7e27b3090f868868185814ecb9216d0bd71ec8ef/duckdb-1.5.3-cp311-cp311-manylinux_2_26_x86_64.manylinux_2_28_x86_64.whl,duckdb,"{
  ""file"": {
    ""filename"": ""duckdb-1.5.3-cp311-cp311-manylinux_2_26_x86_64.manylinux_2_28_x86_64.whl"",
    ""project"": ""duckdb"",
    ""version"": ""1.5.3"",
    ""type"": ""bdist_wheel""
  }
}","{
  ""details"": {
    ""installer"": {
      ""name"": ""poetry"",
      ""version"": ""2.4.2"",
      ""subcommand"": null
    },
    ""python"": null,
    ""implementation"": {
      ""name"": ""CPython"",
      ""version"": ""3.11.16""
    },
    ""distro"": null,
    ""system"": {
      ""name"": ""Linux"",
      ""release"": ""6.17.0-1022-azure""
    },
    ""cpu"": null,
    ""openssl_version"": null,
    ""setuptools_version"": null,
    ""rustc_version"": null,
    ""ci"": null
  }
}",TLSv1.3,TLS_AES_128_GCM_SHA256,"{
  ""http"": null
}"
2026-08-31 17:59:25.000000 UTC,US,/packages/99/1f/651f8453f26931e8061b7e27b3090f868868185814ecb9216d0bd71ec8ef/duckdb-1.5.3-cp311-cp311-manylinux_2_26_x86_64.manylinux_2_28_x86_64.whl,duckdb,"{
  ""file"": {
    ""filename"": ""duckdb-1.5.3-cp311-cp311-manylinux_2_26_x86_64.manylinux_2_28_x86_64.whl"",
    ""project"": ""duckdb"",
    ""version"": ""1.5.3"",
    ""type"": ""bdist_wheel""
  }
}","{
  ""details"": {
    ""installer"": {
      ""name"": ""poetry"",
      ""version"": ""2.4.1"",
      ""subcommand"": null
    },
    ""python"": null,
    ""implementation"": {
      ""name"": ""CPython"",
      ""version"": ""3.11.2""
    },
    ""distro"": null,
    ""system"": {
      ""name"": ""Linux"",
      ""release"": ""6.12.94+""
    },
    ""cpu"": null,
    ""openssl_version"": null,
    ""setuptools_version"": null,
    ""rustc_version"": null,
    ""ci"": null
  }
}",TLSv1.3,TLS_AES_128_GCM_SHA256,"{
  ""http"": null
}"
2026-08-31 18:00:19.000000 UTC,US,/packages/99/1f/651f8453f26931e8061b7e27b3090f868868185814ecb9216d0bd71ec8ef/duckdb-1.5.3-cp311-cp311-manylinux_2_26_x86_64.manylinux_2_28_x86_64.whl,duckdb,"{
  ""file"": {
    ""filename"": ""duckdb-1.5.3-cp311-cp311-manylinux_2_26_x86_64.manylinux_2_28_x86_64.whl"",
    ""project"": ""duckdb"",
    ""version"": ""1.5.3"",
    ""type"": ""bdist_wheel""
  }
}","{
  ""details"": {
    ""installer"": {
      ""name"": ""poetry"",
      ""version"": ""2.1.4"",
      ""subcommand"": null
    },
    ""python"": null,
    ""implementation"": {
      ""name"": ""CPython"",
      ""version"": ""3.11.4""
    },
    ""distro"": null,
    ""system"": {
      ""name"": ""Linux"",
      ""release"": ""6.12.88""
    },
    ""cpu"": null,
    ""openssl_version"": null,
    ""setuptools_version"": null,
    ""rustc_version"": null,
    ""ci"": null
  }
}",TLSv1.3,TLS_AES_128_GCM_SHA256,"{
  ""http"": null
}"
2026-08-31 17:58:13.000000 UTC,US,/packages/99/1f/651f8453f26931e8061b7e27b3090f868868185814ecb9216d0bd71ec8ef/duckdb-1.5.3-cp311-cp311-manylinux_2_26_x86_64.manylinux_2_28_x86_64.whl,duckdb,"{
  ""file"": {
    ""filename"": ""duckdb-1.5.3-cp311-cp311-manylinux_2_26_x86_64.manylinux_2_28_x86_64.whl"",
    ""project"": ""duckdb"",
    ""version"": ""1.5.3"",
    ""type"": ""bdist_wheel""
  }
}","{
  ""details"": {
    ""installer"": {
      ""name"": ""poetry"",
      ""version"": ""2.4.1"",
      ""subcommand"": null
    },
    ""python"": null,
    ""implementation"": {
      ""name"": ""CPython"",
      ""version"": ""3.11.2""
    },
    ""distro"": null,
    ""system"": {
      ""name"": ""Linux"",
      ""release"": ""6.12.94+""
    },
    ""cpu"": null,
    ""openssl_version"": null,
    ""setuptools_version"": null,
    ""rustc_version"": null,
    ""ci"": null
  }
}",TLSv1.3,TLS_AES_128_GCM_SHA256,"{
  ""http"": null
}"